#
# There is insufficient memory for the Java Runtime Environment to continue.
# Native memory allocation (malloc) failed to allocate 1215456 bytes. Error detail: Chunk::new
# Possible reasons:
#   The system is out of physical RAM or swap space
#   This process is running with CompressedOops enabled, and the Java Heap may be blocking the growth of the native heap
# Possible solutions:
#   Reduce memory load on the system
#   Increase physical memory or swap space
#   Check if swap backing store is full
#   Decrease Java heap size (-Xmx/-Xms)
#   Decrease number of Java threads
#   Decrease Java thread stack sizes (-Xss)
#   Set larger code cache with -XX:ReservedCodeCacheSize=
#   JVM is running with Unscaled Compressed Oops mode in which the Java heap is
#     placed in the first 4GB address space. The Java Heap base address is the
#     maximum limit for the native heap growth. Please use -XX:HeapBaseMinAddress
#     to set the Java Heap base and to place the Java Heap above 4GB virtual address.
# This output file may be truncated or incomplete.
#
#  Out of Memory Error (arena.cpp:168), pid=30352, tid=17404
#
# JRE version: OpenJDK Runtime Environment (21.0.8) (build 21.0.8+-14196175-b1038.72)
# Java VM: OpenJDK 64-Bit Server VM (21.0.8+-14196175-b1038.72, mixed mode, tiered, compressed oops, compressed class ptrs, g1 gc, windows-amd64)
# No core dump will be written. Minidumps are not enabled by default on client versions of Windows
#

---------------  S U M M A R Y ------------

Command Line: --add-opens=java.base/java.lang=ALL-UNNAMED --add-opens=java.base/java.lang.invoke=ALL-UNNAMED --add-opens=java.base/java.util=ALL-UNNAMED --add-opens=java.prefs/java.util.prefs=ALL-UNNAMED --add-exports=jdk.compiler/com.sun.tools.javac.api=ALL-UNNAMED --add-exports=jdk.compiler/com.sun.tools.javac.util=ALL-UNNAMED --add-opens=java.base/java.util=ALL-UNNAMED --add-opens=java.prefs/java.util.prefs=ALL-UNNAMED --add-opens=java.base/java.nio.charset=ALL-UNNAMED --add-opens=java.base/java.net=ALL-UNNAMED --add-opens=java.base/java.util.concurrent.atomic=ALL-UNNAMED --add-opens=java.xml/javax.xml.namespace=ALL-UNNAMED -Xmx2048m -Dfile.encoding=UTF-8 -Duser.country=US -Duser.language=en -Duser.variant -javaagent:C:\Users\as\.gradle\wrapper\dists\gradle-8.13-bin\5xuhj0ry160q40clulazy9h7d\gradle-8.13\lib\agents\gradle-instrumentation-agent-8.13.jar org.gradle.launcher.daemon.bootstrap.GradleDaemon 8.13

Host: 13th Gen Intel(R) Core(TM) i7-13650HX, 20 cores, 15G,  Windows 11 , 64 bit Build 26100 (10.0.26100.7019)
Time: Sat Dec  6 23:28:40 2025 SE Asia Standard Time elapsed time: 15.462552 seconds (0d 0h 0m 15s)

---------------  T H R E A D  ---------------

Current thread (0x0000023d81277b50):  JavaThread "C2 CompilerThread0" daemon [_thread_in_native, id=17404, stack(0x0000006cbd900000,0x0000006cbda00000) (1024K)]


Current CompileTask:
C2:15462 13225       4       org.gradle.internal.instantiation.generator.AbstractClassGenerator::inspectType (602 bytes)

Stack: [0x0000006cbd900000,0x0000006cbda00000]
Native frames: (J=compiled Java code, j=interpreted, Vv=VM code, C=native code)
V  [jvm.dll+0x6d68d9]
V  [jvm.dll+0x866693]
V  [jvm.dll+0x868c4e]
V  [jvm.dll+0x869333]
V  [jvm.dll+0x280566]
V  [jvm.dll+0xc07cd]
V  [jvm.dll+0xc0d03]
V  [jvm.dll+0x2f5970]
V  [jvm.dll+0x5ff719]
V  [jvm.dll+0x252362]
V  [jvm.dll+0x24acaa]
V  [jvm.dll+0x24871e]
V  [jvm.dll+0x1c73a4]
V  [jvm.dll+0x257f9e]
V  [jvm.dll+0x2564e6]
V  [jvm.dll+0x3f4696]
V  [jvm.dll+0x80eac8]
V  [jvm.dll+0x6d512d]
C  [ucrtbase.dll+0x37b0]
C  [KERNEL32.DLL+0x2e8d7]
C  [ntdll.dll+0x8c53c]


---------------  P R O C E S S  ---------------

Threads class SMR info:
_java_thread_list=0x0000023d8e42d5b0, length=139, elements={
0x0000023de6437890, 0x0000023d81208990, 0x0000023d81237870, 0x0000023d812382d0,
0x0000023d81259e50, 0x0000023d812648e0, 0x0000023d81265340, 0x0000023d81265da0,
0x0000023d81277b50, 0x0000023d81278850, 0x0000023d81432010, 0x0000023d813e9290,
0x0000023d817fe3b0, 0x0000023d87405fd0, 0x0000023d872d9c50, 0x0000023d875cb880,
0x0000023d87464700, 0x0000023d87462ee0, 0x0000023d8744ec50, 0x0000023d8744f2c0,
0x0000023d875f8810, 0x0000023d875f9530, 0x0000023d875f7af0, 0x0000023d875fa8e0,
0x0000023d875f9bc0, 0x0000023d875fa250, 0x0000023d875f8180, 0x0000023d875f8ea0,
0x0000023d87a5a660, 0x0000023d87a5acf0, 0x0000023d87a59fd0, 0x0000023d87a58c20,
0x0000023d87a57f00, 0x0000023d87a59940, 0x0000023d87a5e800, 0x0000023d87a5e170,
0x0000023d87a5ee90, 0x0000023d87a5dae0, 0x0000023d87a5c730, 0x0000023d87a5ba10,
0x0000023d87a5f520, 0x0000023d87a5cdc0, 0x0000023d87a5d450, 0x0000023d8a4def50,
0x0000023d8a4e16b0, 0x0000023d8a4e0990, 0x0000023d8a4dfc70, 0x0000023d8a4df5e0,
0x0000023d8a4e1020, 0x0000023d8a4e1d40, 0x0000023d8a4e23d0, 0x0000023d8a4e2a60,
0x0000023d8a4e30f0, 0x0000023d8a4e3780, 0x0000023d8a4e0300, 0x0000023d8a4e5ee0,
0x0000023d8a4e3e10, 0x0000023d81917a30, 0x0000023d81916d10, 0x0000023d819145b0,
0x0000023d81914c40, 0x0000023d819180c0, 0x0000023d81918750, 0x0000023d819152d0,
0x0000023d819173a0, 0x0000023d81918de0, 0x0000023d81919470, 0x0000023d81915ff0,
0x0000023d81919b00, 0x0000023d8191bbd0, 0x0000023d8191a190, 0x0000023d8191a820,
0x0000023d8191aeb0, 0x0000023d8191b540, 0x0000023d89d34bb0, 0x0000023d89d365f0,
0x0000023d89d35240, 0x0000023d89d33170, 0x0000023d89d34520, 0x0000023d89d33800,
0x0000023d89d36c80, 0x0000023d89d358d0, 0x0000023d89d37310, 0x0000023d89d35f60,
0x0000023d89d33e90, 0x0000023d89d38d50, 0x0000023d89d386c0, 0x0000023d89d393e0,
0x0000023d89d379a0, 0x0000023d89d38030, 0x0000023d89d39a70, 0x0000023d89d3a790,
0x0000023d89d3a100, 0x0000023d8c3c2ee0, 0x0000023d8c3c3570, 0x0000023d8c3c00f0,
0x0000023d8c3c3c00, 0x0000023d8c3c4290, 0x0000023d8c3c21c0, 0x0000023d8c3c0e10,
0x0000023d8c3c4920, 0x0000023d8c3c14a0, 0x0000023d8c3c4fb0, 0x0000023d8c3c1b30,
0x0000023d8c3c5cd0, 0x0000023d8c3c5640, 0x0000023d8c3c7710, 0x0000023d8c3c6360,
0x0000023d8c3c69f0, 0x0000023d8c3c7080, 0x0000023d8e4120e0, 0x0000023d8e413b20,
0x0000023d8e413490, 0x0000023d8e412e00, 0x0000023d8e416fa0, 0x0000023d8e414840,
0x0000023d89a25430, 0x0000023d89a25ac0, 0x0000023d89a267e0, 0x0000023d89a239f0,
0x0000023d89a27500, 0x0000023d89a24080, 0x0000023d89a2a2f0, 0x0000023d89a28220,
0x0000023d89a27b90, 0x0000023d89a295d0, 0x0000023d89a2a980, 0x0000023d89a28f40,
0x0000023d89a29c60, 0x0000023d89a288b0, 0x0000023d8b4f06e0, 0x0000023d8b4f0050,
0x0000023d8b4f2120, 0x0000023d8b4eeca0, 0x0000023d8b4f27b0, 0x0000023d8b4f0d70,
0x0000023d8b4ef9c0, 0x0000023d8b4f1400, 0x0000023d8b4ef330
}

Java Threads: ( => current thread )
  0x0000023de6437890 JavaThread "main"                              [_thread_blocked, id=27152, stack(0x0000006cbca00000,0x0000006cbcb00000) (1024K)]
  0x0000023d81208990 JavaThread "Common-Cleaner"             daemon [_thread_blocked, id=9196, stack(0x0000006cbd200000,0x0000006cbd300000) (1024K)]
  0x0000023d81237870 JavaThread "Reference Handler"          daemon [_thread_blocked, id=8228, stack(0x0000006cbd300000,0x0000006cbd400000) (1024K)]
  0x0000023d812382d0 JavaThread "Finalizer"                  daemon [_thread_blocked, id=34480, stack(0x0000006cbd400000,0x0000006cbd500000) (1024K)]
  0x0000023d81259e50 JavaThread "Signal Dispatcher"          daemon [_thread_blocked, id=28988, stack(0x0000006cbd500000,0x0000006cbd600000) (1024K)]
  0x0000023d812648e0 JavaThread "Attach Listener"            daemon [_thread_blocked, id=34792, stack(0x0000006cbd600000,0x0000006cbd700000) (1024K)]
  0x0000023d81265340 JavaThread "Service Thread"             daemon [_thread_blocked, id=19976, stack(0x0000006cbd700000,0x0000006cbd800000) (1024K)]
  0x0000023d81265da0 JavaThread "Monitor Deflation Thread"   daemon [_thread_blocked, id=17932, stack(0x0000006cbd800000,0x0000006cbd900000) (1024K)]
=>0x0000023d81277b50 JavaThread "C2 CompilerThread0"         daemon [_thread_in_native, id=17404, stack(0x0000006cbd900000,0x0000006cbda00000) (1024K)]
  0x0000023d81278850 JavaThread "C1 CompilerThread0"         daemon [_thread_blocked, id=34168, stack(0x0000006cbda00000,0x0000006cbdb00000) (1024K)]
  0x0000023d81432010 JavaThread "C1 CompilerThread1"         daemon [_thread_blocked, id=24672, stack(0x0000006cbdb00000,0x0000006cbdc00000) (1024K)]
  0x0000023d813e9290 JavaThread "C1 CompilerThread2"         daemon [_thread_blocked, id=12532, stack(0x0000006cbdc00000,0x0000006cbdd00000) (1024K)]
  0x0000023d817fe3b0 JavaThread "Notification Thread"        daemon [_thread_blocked, id=8260, stack(0x0000006cbdd00000,0x0000006cbde00000) (1024K)]
  0x0000023d87405fd0 JavaThread "Daemon health stats"               [_thread_blocked, id=34280, stack(0x0000006cbe700000,0x0000006cbe800000) (1024K)]
  0x0000023d872d9c50 JavaThread "Incoming local TCP Connector on port 53647"        [_thread_in_native, id=17420, stack(0x0000006cbe000000,0x0000006cbe100000) (1024K)]
  0x0000023d875cb880 JavaThread "Daemon periodic checks"            [_thread_blocked, id=20636, stack(0x0000006cbeb00000,0x0000006cbec00000) (1024K)]
  0x0000023d87464700 JavaThread "Daemon"                            [_thread_blocked, id=21644, stack(0x0000006cbec00000,0x0000006cbed00000) (1024K)]
  0x0000023d87462ee0 JavaThread "Handler for socket connection from /127.0.0.1:53647 to /127.0.0.1:53648"        [_thread_in_native, id=26192, stack(0x0000006cbed00000,0x0000006cbee00000) (1024K)]
  0x0000023d8744ec50 JavaThread "Cancel handler"                    [_thread_blocked, id=30516, stack(0x0000006cbee00000,0x0000006cbef00000) (1024K)]
  0x0000023d8744f2c0 JavaThread "Daemon worker"                     [_thread_blocked, id=27692, stack(0x0000006cbef00000,0x0000006cbf000000) (1024K)]
  0x0000023d875f8810 JavaThread "Asynchronous log dispatcher for DefaultDaemonConnection: socket connection from /127.0.0.1:53647 to /127.0.0.1:53648"        [_thread_blocked, id=28596, stack(0x0000006cbf000000,0x0000006cbf100000) (1024K)]
  0x0000023d875f9530 JavaThread "Stdin handler"                     [_thread_blocked, id=15324, stack(0x0000006cbf100000,0x0000006cbf200000) (1024K)]
  0x0000023d875f7af0 JavaThread "Daemon client event forwarder"        [_thread_blocked, id=9416, stack(0x0000006cbf200000,0x0000006cbf300000) (1024K)]
  0x0000023d875fa8e0 JavaThread "Cache worker for journal cache (C:\Users\as\.gradle\caches\journal-1)"        [_thread_blocked, id=34208, stack(0x0000006cbdf00000,0x0000006cbe000000) (1024K)]
  0x0000023d875f9bc0 JavaThread "File lock request listener"        [_thread_in_native, id=17456, stack(0x0000006cbfc00000,0x0000006cbfd00000) (1024K)]
  0x0000023d875fa250 JavaThread "Cache worker for file hash cache (C:\Users\as\.gradle\caches\8.13\fileHashes)"        [_thread_blocked, id=18608, stack(0x0000006cbfd00000,0x0000006cbfe00000) (1024K)]
  0x0000023d875f8180 JavaThread "Cache worker for file hash cache (C:\Users\as\Downloads\nike  UI update moi nhat\fe-nike\.gradle\8.13\fileHashes)"        [_thread_blocked, id=22268, stack(0x0000006cbfe00000,0x0000006cbff00000) (1024K)]
  0x0000023d875f8ea0 JavaThread "Cache worker for Build Output Cleanup Cache (C:\Users\as\Downloads\nike  UI update moi nhat\fe-nike\.gradle\buildOutputCleanup)"        [_thread_blocked, id=27316, stack(0x0000006cbff00000,0x0000006cc0000000) (1024K)]
  0x0000023d87a5a660 JavaThread "File watcher server"        daemon [_thread_in_native, id=32552, stack(0x0000006cc0000000,0x0000006cc0100000) (1024K)]
  0x0000023d87a5acf0 JavaThread "File watcher consumer"      daemon [_thread_blocked, id=20076, stack(0x0000006cc0100000,0x0000006cc0200000) (1024K)]
  0x0000023d87a59fd0 JavaThread "jar transforms"                    [_thread_blocked, id=28256, stack(0x0000006cc0200000,0x0000006cc0300000) (1024K)]
  0x0000023d87a58c20 JavaThread "jar transforms Thread 2"           [_thread_blocked, id=24924, stack(0x0000006cc0300000,0x0000006cc0400000) (1024K)]
  0x0000023d87a57f00 JavaThread "Cache worker for checksums cache (C:\Users\as\Downloads\nike  UI update moi nhat\fe-nike\.gradle\8.13\checksums)"        [_thread_blocked, id=30744, stack(0x0000006cc0700000,0x0000006cc0800000) (1024K)]
  0x0000023d87a59940 JavaThread "Cache worker for file content cache (C:\Users\as\.gradle\caches\8.13\fileContent)"        [_thread_blocked, id=32508, stack(0x0000006cc0800000,0x0000006cc0900000) (1024K)]
  0x0000023d87a5e800 JavaThread "jar transforms Thread 3"           [_thread_blocked, id=29792, stack(0x0000006cc0900000,0x0000006cc0a00000) (1024K)]
  0x0000023d87a5e170 JavaThread "Cache worker for cache directory md-supplier (C:\Users\as\.gradle\caches\8.13\md-supplier)"        [_thread_blocked, id=12392, stack(0x0000006cc0600000,0x0000006cc0700000) (1024K)]
  0x0000023d87a5ee90 JavaThread "Cache worker for cache directory md-rule (C:\Users\as\.gradle\caches\8.13\md-rule)"        [_thread_blocked, id=16352, stack(0x0000006cc0a00000,0x0000006cc0b00000) (1024K)]
  0x0000023d87a5dae0 JavaThread "Unconstrained build operations"        [_thread_blocked, id=4800, stack(0x0000006cc0b00000,0x0000006cc0c00000) (1024K)]
  0x0000023d87a5c730 JavaThread "Unconstrained build operations Thread 2"        [_thread_blocked, id=17952, stack(0x0000006cc0c00000,0x0000006cc0d00000) (1024K)]
  0x0000023d87a5ba10 JavaThread "Unconstrained build operations Thread 3"        [_thread_blocked, id=20092, stack(0x0000006cc0d00000,0x0000006cc0e00000) (1024K)]
  0x0000023d87a5f520 JavaThread "Unconstrained build operations Thread 4"        [_thread_blocked, id=19616, stack(0x0000006cc0e00000,0x0000006cc0f00000) (1024K)]
  0x0000023d87a5cdc0 JavaThread "Unconstrained build operations Thread 5"        [_thread_blocked, id=4348, stack(0x0000006cc0f00000,0x0000006cc1000000) (1024K)]
  0x0000023d87a5d450 JavaThread "Unconstrained build operations Thread 6"        [_thread_blocked, id=26992, stack(0x0000006cc1000000,0x0000006cc1100000) (1024K)]
  0x0000023d8a4def50 JavaThread "Unconstrained build operations Thread 7"        [_thread_blocked, id=2040, stack(0x0000006cc1100000,0x0000006cc1200000) (1024K)]
  0x0000023d8a4e16b0 JavaThread "Unconstrained build operations Thread 8"        [_thread_blocked, id=29440, stack(0x0000006cc1200000,0x0000006cc1300000) (1024K)]
  0x0000023d8a4e0990 JavaThread "Unconstrained build operations Thread 9"        [_thread_blocked, id=14720, stack(0x0000006cc1300000,0x0000006cc1400000) (1024K)]
  0x0000023d8a4dfc70 JavaThread "Unconstrained build operations Thread 10"        [_thread_blocked, id=31960, stack(0x0000006cc1400000,0x0000006cc1500000) (1024K)]
  0x0000023d8a4df5e0 JavaThread "jar transforms Thread 4"           [_thread_blocked, id=27468, stack(0x0000006cc1500000,0x0000006cc1600000) (1024K)]
  0x0000023d8a4e1020 JavaThread "jar transforms Thread 5"           [_thread_blocked, id=26656, stack(0x0000006cc1600000,0x0000006cc1700000) (1024K)]
  0x0000023d8a4e1d40 JavaThread "Unconstrained build operations Thread 11"        [_thread_blocked, id=14348, stack(0x0000006cc1700000,0x0000006cc1800000) (1024K)]
  0x0000023d8a4e23d0 JavaThread "Unconstrained build operations Thread 12"        [_thread_blocked, id=21584, stack(0x0000006cc1800000,0x0000006cc1900000) (1024K)]
  0x0000023d8a4e2a60 JavaThread "Unconstrained build operations Thread 13"        [_thread_blocked, id=16440, stack(0x0000006cc1900000,0x0000006cc1a00000) (1024K)]
  0x0000023d8a4e30f0 JavaThread "Unconstrained build operations Thread 14"        [_thread_blocked, id=34180, stack(0x0000006cc1a00000,0x0000006cc1b00000) (1024K)]
  0x0000023d8a4e3780 JavaThread "Unconstrained build operations Thread 15"        [_thread_blocked, id=11680, stack(0x0000006cc1b00000,0x0000006cc1c00000) (1024K)]
  0x0000023d8a4e0300 JavaThread "jar transforms Thread 6"           [_thread_blocked, id=28356, stack(0x0000006cc1c00000,0x0000006cc1d00000) (1024K)]
  0x0000023d8a4e5ee0 JavaThread "jar transforms Thread 7"           [_thread_blocked, id=34400, stack(0x0000006cc1d00000,0x0000006cc1e00000) (1024K)]
  0x0000023d8a4e3e10 JavaThread "jar transforms Thread 8"           [_thread_blocked, id=27968, stack(0x0000006cc1e00000,0x0000006cc1f00000) (1024K)]
  0x0000023d81917a30 JavaThread "Unconstrained build operations Thread 16"        [_thread_blocked, id=16248, stack(0x0000006cc1f00000,0x0000006cc2000000) (1024K)]
  0x0000023d81916d10 JavaThread "Unconstrained build operations Thread 17"        [_thread_blocked, id=24032, stack(0x0000006cc2000000,0x0000006cc2100000) (1024K)]
  0x0000023d819145b0 JavaThread "Unconstrained build operations Thread 18"        [_thread_blocked, id=22444, stack(0x0000006cc2100000,0x0000006cc2200000) (1024K)]
  0x0000023d81914c40 JavaThread "Unconstrained build operations Thread 19"        [_thread_blocked, id=5172, stack(0x0000006cc2200000,0x0000006cc2300000) (1024K)]
  0x0000023d819180c0 JavaThread "Unconstrained build operations Thread 20"        [_thread_blocked, id=25540, stack(0x0000006cc2300000,0x0000006cc2400000) (1024K)]
  0x0000023d81918750 JavaThread "Unconstrained build operations Thread 21"        [_thread_blocked, id=18460, stack(0x0000006cc2400000,0x0000006cc2500000) (1024K)]
  0x0000023d819152d0 JavaThread "Unconstrained build operations Thread 22"        [_thread_blocked, id=13496, stack(0x0000006cc2500000,0x0000006cc2600000) (1024K)]
  0x0000023d819173a0 JavaThread "Unconstrained build operations Thread 23"        [_thread_blocked, id=20160, stack(0x0000006cc2600000,0x0000006cc2700000) (1024K)]
  0x0000023d81918de0 JavaThread "Unconstrained build operations Thread 24"        [_thread_blocked, id=18984, stack(0x0000006cc2700000,0x0000006cc2800000) (1024K)]
  0x0000023d81919470 JavaThread "Unconstrained build operations Thread 25"        [_thread_blocked, id=24128, stack(0x0000006cc2800000,0x0000006cc2900000) (1024K)]
  0x0000023d81915ff0 JavaThread "Unconstrained build operations Thread 26"        [_thread_blocked, id=11696, stack(0x0000006cc2900000,0x0000006cc2a00000) (1024K)]
  0x0000023d81919b00 JavaThread "Unconstrained build operations Thread 27"        [_thread_blocked, id=30252, stack(0x0000006cc2a00000,0x0000006cc2b00000) (1024K)]
  0x0000023d8191bbd0 JavaThread "Unconstrained build operations Thread 28"        [_thread_blocked, id=23508, stack(0x0000006cc2b00000,0x0000006cc2c00000) (1024K)]
  0x0000023d8191a190 JavaThread "Unconstrained build operations Thread 29"        [_thread_blocked, id=17852, stack(0x0000006cc2c00000,0x0000006cc2d00000) (1024K)]
  0x0000023d8191a820 JavaThread "Unconstrained build operations Thread 30"        [_thread_blocked, id=21588, stack(0x0000006cc2d00000,0x0000006cc2e00000) (1024K)]
  0x0000023d8191aeb0 JavaThread "Unconstrained build operations Thread 31"        [_thread_blocked, id=25892, stack(0x0000006cc2e00000,0x0000006cc2f00000) (1024K)]
  0x0000023d8191b540 JavaThread "Unconstrained build operations Thread 32"        [_thread_blocked, id=20700, stack(0x0000006cc2f00000,0x0000006cc3000000) (1024K)]
  0x0000023d89d34bb0 JavaThread "Unconstrained build operations Thread 33"        [_thread_blocked, id=16620, stack(0x0000006cc3000000,0x0000006cc3100000) (1024K)]
  0x0000023d89d365f0 JavaThread "Unconstrained build operations Thread 34"        [_thread_blocked, id=508, stack(0x0000006cc3100000,0x0000006cc3200000) (1024K)]
  0x0000023d89d35240 JavaThread "Unconstrained build operations Thread 35"        [_thread_blocked, id=31756, stack(0x0000006cc3200000,0x0000006cc3300000) (1024K)]
  0x0000023d89d33170 JavaThread "Unconstrained build operations Thread 36"        [_thread_blocked, id=14988, stack(0x0000006cc3300000,0x0000006cc3400000) (1024K)]
  0x0000023d89d34520 JavaThread "Unconstrained build operations Thread 37"        [_thread_blocked, id=8672, stack(0x0000006cc3400000,0x0000006cc3500000) (1024K)]
  0x0000023d89d33800 JavaThread "Unconstrained build operations Thread 38"        [_thread_blocked, id=14680, stack(0x0000006cc3500000,0x0000006cc3600000) (1024K)]
  0x0000023d89d36c80 JavaThread "Unconstrained build operations Thread 39"        [_thread_blocked, id=29572, stack(0x0000006cc3600000,0x0000006cc3700000) (1024K)]
  0x0000023d89d358d0 JavaThread "Unconstrained build operations Thread 40"        [_thread_blocked, id=17544, stack(0x0000006cc3700000,0x0000006cc3800000) (1024K)]
  0x0000023d89d37310 JavaThread "Unconstrained build operations Thread 41"        [_thread_blocked, id=19500, stack(0x0000006cc3800000,0x0000006cc3900000) (1024K)]
  0x0000023d89d35f60 JavaThread "Unconstrained build operations Thread 42"        [_thread_blocked, id=18544, stack(0x0000006cc3900000,0x0000006cc3a00000) (1024K)]
  0x0000023d89d33e90 JavaThread "Unconstrained build operations Thread 43"        [_thread_blocked, id=21860, stack(0x0000006cc3a00000,0x0000006cc3b00000) (1024K)]
  0x0000023d89d38d50 JavaThread "Unconstrained build operations Thread 44"        [_thread_blocked, id=33360, stack(0x0000006cc3b00000,0x0000006cc3c00000) (1024K)]
  0x0000023d89d386c0 JavaThread "Unconstrained build operations Thread 45"        [_thread_blocked, id=33536, stack(0x0000006cc3c00000,0x0000006cc3d00000) (1024K)]
  0x0000023d89d393e0 JavaThread "Unconstrained build operations Thread 46"        [_thread_blocked, id=12928, stack(0x0000006cc3d00000,0x0000006cc3e00000) (1024K)]
  0x0000023d89d379a0 JavaThread "Unconstrained build operations Thread 47"        [_thread_blocked, id=17780, stack(0x0000006cc3e00000,0x0000006cc3f00000) (1024K)]
  0x0000023d89d38030 JavaThread "Unconstrained build operations Thread 48"        [_thread_blocked, id=23092, stack(0x0000006cc3f00000,0x0000006cc4000000) (1024K)]
  0x0000023d89d39a70 JavaThread "Unconstrained build operations Thread 49"        [_thread_blocked, id=31112, stack(0x0000006cc4000000,0x0000006cc4100000) (1024K)]
  0x0000023d89d3a790 JavaThread "Unconstrained build operations Thread 50"        [_thread_blocked, id=4468, stack(0x0000006cc4100000,0x0000006cc4200000) (1024K)]
  0x0000023d89d3a100 JavaThread "Unconstrained build operations Thread 51"        [_thread_blocked, id=30348, stack(0x0000006cc4200000,0x0000006cc4300000) (1024K)]
  0x0000023d8c3c2ee0 JavaThread "Unconstrained build operations Thread 52"        [_thread_blocked, id=24488, stack(0x0000006cc4300000,0x0000006cc4400000) (1024K)]
  0x0000023d8c3c3570 JavaThread "Unconstrained build operations Thread 53"        [_thread_blocked, id=32760, stack(0x0000006cc4400000,0x0000006cc4500000) (1024K)]
  0x0000023d8c3c00f0 JavaThread "Unconstrained build operations Thread 54"        [_thread_blocked, id=25204, stack(0x0000006cc4500000,0x0000006cc4600000) (1024K)]
  0x0000023d8c3c3c00 JavaThread "Unconstrained build operations Thread 55"        [_thread_blocked, id=10268, stack(0x0000006cc4600000,0x0000006cc4700000) (1024K)]
  0x0000023d8c3c4290 JavaThread "Unconstrained build operations Thread 56"        [_thread_blocked, id=2208, stack(0x0000006cc4700000,0x0000006cc4800000) (1024K)]
  0x0000023d8c3c21c0 JavaThread "Unconstrained build operations Thread 57"        [_thread_blocked, id=12672, stack(0x0000006cc4800000,0x0000006cc4900000) (1024K)]
  0x0000023d8c3c0e10 JavaThread "Unconstrained build operations Thread 58"        [_thread_blocked, id=17284, stack(0x0000006cc4900000,0x0000006cc4a00000) (1024K)]
  0x0000023d8c3c4920 JavaThread "Unconstrained build operations Thread 59"        [_thread_blocked, id=23328, stack(0x0000006cc4a00000,0x0000006cc4b00000) (1024K)]
  0x0000023d8c3c14a0 JavaThread "Unconstrained build operations Thread 60"        [_thread_blocked, id=27432, stack(0x0000006cc4b00000,0x0000006cc4c00000) (1024K)]
  0x0000023d8c3c4fb0 JavaThread "Unconstrained build operations Thread 61"        [_thread_blocked, id=12708, stack(0x0000006cc4c00000,0x0000006cc4d00000) (1024K)]
  0x0000023d8c3c1b30 JavaThread "Unconstrained build operations Thread 62"        [_thread_blocked, id=19980, stack(0x0000006cc4d00000,0x0000006cc4e00000) (1024K)]
  0x0000023d8c3c5cd0 JavaThread "Unconstrained build operations Thread 63"        [_thread_blocked, id=2616, stack(0x0000006cc4e00000,0x0000006cc4f00000) (1024K)]
  0x0000023d8c3c5640 JavaThread "Unconstrained build operations Thread 64"        [_thread_blocked, id=29356, stack(0x0000006cc4f00000,0x0000006cc5000000) (1024K)]
  0x0000023d8c3c7710 JavaThread "Unconstrained build operations Thread 65"        [_thread_blocked, id=9812, stack(0x0000006cc5000000,0x0000006cc5100000) (1024K)]
  0x0000023d8c3c6360 JavaThread "Unconstrained build operations Thread 66"        [_thread_blocked, id=16712, stack(0x0000006cc5100000,0x0000006cc5200000) (1024K)]
  0x0000023d8c3c69f0 JavaThread "Unconstrained build operations Thread 67"        [_thread_blocked, id=28372, stack(0x0000006cc5200000,0x0000006cc5300000) (1024K)]
  0x0000023d8c3c7080 JavaThread "Unconstrained build operations Thread 68"        [_thread_blocked, id=18500, stack(0x0000006cc5300000,0x0000006cc5400000) (1024K)]
  0x0000023d8e4120e0 JavaThread "Unconstrained build operations Thread 69"        [_thread_blocked, id=32252, stack(0x0000006cc5400000,0x0000006cc5500000) (1024K)]
  0x0000023d8e413b20 JavaThread "Unconstrained build operations Thread 70"        [_thread_blocked, id=12884, stack(0x0000006cc5500000,0x0000006cc5600000) (1024K)]
  0x0000023d8e413490 JavaThread "Unconstrained build operations Thread 71"        [_thread_blocked, id=26528, stack(0x0000006cc5600000,0x0000006cc5700000) (1024K)]
  0x0000023d8e412e00 JavaThread "Unconstrained build operations Thread 72"        [_thread_blocked, id=26156, stack(0x0000006cc5700000,0x0000006cc5800000) (1024K)]
  0x0000023d8e416fa0 JavaThread "build event listener"              [_thread_blocked, id=21084, stack(0x0000006cbde00000,0x0000006cbdf00000) (1024K)]
  0x0000023d8e414840 JavaThread "Memory manager"                    [_thread_blocked, id=13216, stack(0x0000006cc0400000,0x0000006cc0500000) (1024K)]
  0x0000023d89a25430 JavaThread "pool-3-thread-1"                   [_thread_blocked, id=2768, stack(0x0000006cbe600000,0x0000006cbe700000) (1024K)]
  0x0000023d89a25ac0 JavaThread "build event listener"              [_thread_blocked, id=14240, stack(0x0000006cc0500000,0x0000006cc0600000) (1024K)]
  0x0000023d89a267e0 JavaThread "included builds"                   [_thread_blocked, id=28084, stack(0x0000006cc5800000,0x0000006cc5900000) (1024K)]
  0x0000023d89a239f0 JavaThread "Execution worker"                  [_thread_in_vm, id=12692, stack(0x0000006cc5b00000,0x0000006cc5c00000) (1024K)]
  0x0000023d89a27500 JavaThread "Execution worker Thread 2"         [_thread_blocked, id=20516, stack(0x0000006cc5c00000,0x0000006cc5d00000) (1024K)]
  0x0000023d89a24080 JavaThread "Execution worker Thread 3"         [_thread_blocked, id=23156, stack(0x0000006cc5d00000,0x0000006cc5e00000) (1024K)]
  0x0000023d89a2a2f0 JavaThread "Execution worker Thread 4"         [_thread_blocked, id=6644, stack(0x0000006cc5e00000,0x0000006cc5f00000) (1024K)]
  0x0000023d89a28220 JavaThread "Execution worker Thread 5"         [_thread_blocked, id=27300, stack(0x0000006cc5f00000,0x0000006cc6000000) (1024K)]
  0x0000023d89a27b90 JavaThread "Execution worker Thread 6"         [_thread_blocked, id=25288, stack(0x0000006cc6000000,0x0000006cc6100000) (1024K)]
  0x0000023d89a295d0 JavaThread "Execution worker Thread 7"         [_thread_blocked, id=29900, stack(0x0000006cc6100000,0x0000006cc6200000) (1024K)]
  0x0000023d89a2a980 JavaThread "Execution worker Thread 8"         [_thread_blocked, id=34316, stack(0x0000006cc6200000,0x0000006cc6300000) (1024K)]
  0x0000023d89a28f40 JavaThread "Execution worker Thread 9"         [_thread_blocked, id=10436, stack(0x0000006cc6300000,0x0000006cc6400000) (1024K)]
  0x0000023d89a29c60 JavaThread "Execution worker Thread 10"        [_thread_blocked, id=17684, stack(0x0000006cc6400000,0x0000006cc6500000) (1024K)]
  0x0000023d89a288b0 JavaThread "Execution worker Thread 11"        [_thread_blocked, id=18136, stack(0x0000006cc6500000,0x0000006cc6600000) (1024K)]
  0x0000023d8b4f06e0 JavaThread "Execution worker Thread 12"        [_thread_blocked, id=19052, stack(0x0000006cc6600000,0x0000006cc6700000) (1024K)]
  0x0000023d8b4f0050 JavaThread "Execution worker Thread 13"        [_thread_blocked, id=20776, stack(0x0000006cc6700000,0x0000006cc6800000) (1024K)]
  0x0000023d8b4f2120 JavaThread "Execution worker Thread 14"        [_thread_blocked, id=24452, stack(0x0000006cc6800000,0x0000006cc6900000) (1024K)]
  0x0000023d8b4eeca0 JavaThread "Execution worker Thread 15"        [_thread_blocked, id=33936, stack(0x0000006cc6900000,0x0000006cc6a00000) (1024K)]
  0x0000023d8b4f27b0 JavaThread "Execution worker Thread 16"        [_thread_blocked, id=30704, stack(0x0000006cc6a00000,0x0000006cc6b00000) (1024K)]
  0x0000023d8b4f0d70 JavaThread "Execution worker Thread 17"        [_thread_blocked, id=22080, stack(0x0000006cc6b00000,0x0000006cc6c00000) (1024K)]
  0x0000023d8b4ef9c0 JavaThread "Execution worker Thread 18"        [_thread_blocked, id=29648, stack(0x0000006cc6c00000,0x0000006cc6d00000) (1024K)]
  0x0000023d8b4f1400 JavaThread "Execution worker Thread 19"        [_thread_blocked, id=31968, stack(0x0000006cc6d00000,0x0000006cc6e00000) (1024K)]
  0x0000023d8b4ef330 JavaThread "Cache worker for execution history cache (C:\Users\as\Downloads\nike  UI update moi nhat\fe-nike\.gradle\8.13\executionHistory)"        [_thread_blocked, id=31648, stack(0x0000006cc5900000,0x0000006cc5a00000) (1024K)]
Total: 139

Other Threads:
  0x0000023d8119d400 VMThread "VM Thread"                           [id=16160, stack(0x0000006cbd100000,0x0000006cbd200000) (1024K)]
  0x0000023d8108bb10 WatcherThread "VM Periodic Task Thread"        [id=10380, stack(0x0000006cbd000000,0x0000006cbd100000) (1024K)]
  0x0000023de89e53b0 WorkerThread "GC Thread#0"                     [id=6808, stack(0x0000006cbcb00000,0x0000006cbcc00000) (1024K)]
  0x0000023d81aa7dc0 WorkerThread "GC Thread#1"                     [id=27132, stack(0x0000006cbe100000,0x0000006cbe200000) (1024K)]
  0x0000023d81cb0e70 WorkerThread "GC Thread#2"                     [id=5180, stack(0x0000006cbe200000,0x0000006cbe300000) (1024K)]
  0x0000023d81cb1620 WorkerThread "GC Thread#3"                     [id=29056, stack(0x0000006cbe300000,0x0000006cbe400000) (1024K)]
  0x0000023d818f32e0 WorkerThread "GC Thread#4"                     [id=21224, stack(0x0000006cbe400000,0x0000006cbe500000) (1024K)]
  0x0000023d818f3a90 WorkerThread "GC Thread#5"                     [id=1736, stack(0x0000006cbe500000,0x0000006cbe600000) (1024K)]
  0x0000023d86756590 WorkerThread "GC Thread#6"                     [id=34640, stack(0x0000006cbe800000,0x0000006cbe900000) (1024K)]
  0x0000023d867577b0 WorkerThread "GC Thread#7"                     [id=17908, stack(0x0000006cbe900000,0x0000006cbea00000) (1024K)]
  0x0000023d86756930 WorkerThread "GC Thread#8"                     [id=19672, stack(0x0000006cbea00000,0x0000006cbeb00000) (1024K)]
  0x0000023d86756cd0 WorkerThread "GC Thread#9"                     [id=22536, stack(0x0000006cbf300000,0x0000006cbf400000) (1024K)]
  0x0000023d86757070 WorkerThread "GC Thread#10"                    [id=30312, stack(0x0000006cbf400000,0x0000006cbf500000) (1024K)]
  0x0000023d8785f780 WorkerThread "GC Thread#11"                    [id=14892, stack(0x0000006cbf500000,0x0000006cbf600000) (1024K)]
  0x0000023d8785da80 WorkerThread "GC Thread#12"                    [id=28204, stack(0x0000006cbf600000,0x0000006cbf700000) (1024K)]
  0x0000023d8785d340 WorkerThread "GC Thread#13"                    [id=33680, stack(0x0000006cbf700000,0x0000006cbf800000) (1024K)]
  0x0000023d8785fb20 WorkerThread "GC Thread#14"                    [id=27208, stack(0x0000006cbf800000,0x0000006cbf900000) (1024K)]
  0x0000023de8a35010 ConcurrentGCThread "G1 Main Marker"            [id=28212, stack(0x0000006cbcc00000,0x0000006cbcd00000) (1024K)]
  0x0000023de8a35a20 WorkerThread "G1 Conc#0"                       [id=34600, stack(0x0000006cbcd00000,0x0000006cbce00000) (1024K)]
  0x0000023d8785de20 WorkerThread "G1 Conc#1"                       [id=23432, stack(0x0000006cbf900000,0x0000006cbfa00000) (1024K)]
  0x0000023d87860d40 WorkerThread "G1 Conc#2"                       [id=31084, stack(0x0000006cbfa00000,0x0000006cbfb00000) (1024K)]
  0x0000023d8785d6e0 WorkerThread "G1 Conc#3"                       [id=34608, stack(0x0000006cbfb00000,0x0000006cbfc00000) (1024K)]
  0x0000023d80fe3400 ConcurrentGCThread "G1 Refine#0"               [id=3772, stack(0x0000006cbce00000,0x0000006cbcf00000) (1024K)]
  0x0000023d80fe3c20 ConcurrentGCThread "G1 Service"                [id=11252, stack(0x0000006cbcf00000,0x0000006cbd000000) (1024K)]
Total: 24

Threads with active compile tasks:
C2 CompilerThread0  15701 13225       4       org.gradle.internal.instantiation.generator.AbstractClassGenerator::inspectType (602 bytes)
Total: 1

VM state: not at safepoint (normal execution)

VM Mutex/Monitor currently owned by a thread: None

Heap address: 0x0000000080000000, size: 2048 MB, Compressed Oops mode: 32-bit

CDS archive(s) not mapped
Compressed class space mapped at: 0x0000000100000000-0x0000000140000000, reserved size: 1073741824
Narrow klass base: 0x0000000000000000, Narrow klass shift: 3, Narrow klass range: 0x140000000

GC Precious Log:
 CardTable entry size: 512
 Card Set container configuration: InlinePtr #cards 5 size 8 Array Of Cards #cards 12 size 40 Howl #buckets 4 coarsen threshold 1843 Howl Bitmap #cards 512 size 80 coarsen threshold 460 Card regions per heap region 1 cards per card region 2048
 CPUs: 20 total, 20 available
 Memory: 15999M
 Large Page Support: Disabled
 NUMA Support: Disabled
 Compressed Oops: Enabled (32-bit)
 Heap Region Size: 1M
 Heap Min Capacity: 8M
 Heap Initial Capacity: 250M
 Heap Max Capacity: 2G
 Pre-touch: Disabled
 Parallel Workers: 15
 Concurrent Workers: 4
 Concurrent Refinement Workers: 15
 Periodic GC: Disabled

Heap:
 garbage-first heap   total 167936K, used 134671K [0x0000000080000000, 0x0000000100000000)
  region size 1024K, 38 young (38912K), 7 survivors (7168K)
 Metaspace       used 111894K, committed 114112K, reserved 1179648K
  class space    used 15491K, committed 16576K, reserved 1048576K

Heap Regions: E=young(eden), S=young(survivor), O=old, HS=humongous(starts), HC=humongous(continues), CS=collection set, F=free, TAMS=top-at-mark-start, PB=parsable bottom
|   0|0x0000000080000000, 0x0000000080100000, 0x0000000080100000|100%|HS|  |TAMS 0x0000000080000000| PB 0x0000000080000000| Complete 
|   1|0x0000000080100000, 0x0000000080200000, 0x0000000080200000|100%|HC|  |TAMS 0x0000000080100000| PB 0x0000000080100000| Complete 
|   2|0x0000000080200000, 0x0000000080300000, 0x0000000080300000|100%|HC|  |TAMS 0x0000000080200000| PB 0x0000000080200000| Complete 
|   3|0x0000000080300000, 0x0000000080400000, 0x0000000080400000|100%| O|  |TAMS 0x0000000080300000| PB 0x0000000080300000| Untracked 
|   4|0x0000000080400000, 0x0000000080500000, 0x0000000080500000|100%| O|  |TAMS 0x0000000080400000| PB 0x0000000080400000| Untracked 
|   5|0x0000000080500000, 0x0000000080600000, 0x0000000080600000|100%| O|  |TAMS 0x0000000080500000| PB 0x0000000080500000| Untracked 
|   6|0x0000000080600000, 0x0000000080700000, 0x0000000080700000|100%|HS|  |TAMS 0x0000000080600000| PB 0x0000000080600000| Complete 
|   7|0x0000000080700000, 0x0000000080800000, 0x0000000080800000|100%| O|  |TAMS 0x0000000080700000| PB 0x0000000080700000| Untracked 
|   8|0x0000000080800000, 0x0000000080900000, 0x0000000080900000|100%| O|  |TAMS 0x0000000080800000| PB 0x0000000080800000| Untracked 
|   9|0x0000000080900000, 0x0000000080a00000, 0x0000000080a00000|100%| O|  |TAMS 0x0000000080900000| PB 0x0000000080900000| Untracked 
|  10|0x0000000080a00000, 0x0000000080b00000, 0x0000000080b00000|100%| O|  |TAMS 0x0000000080a00000| PB 0x0000000080a00000| Untracked 
|  11|0x0000000080b00000, 0x0000000080c00000, 0x0000000080c00000|100%| O|  |TAMS 0x0000000080b00000| PB 0x0000000080b00000| Untracked 
|  12|0x0000000080c00000, 0x0000000080d00000, 0x0000000080d00000|100%| O|  |TAMS 0x0000000080c00000| PB 0x0000000080c00000| Untracked 
|  13|0x0000000080d00000, 0x0000000080e00000, 0x0000000080e00000|100%| O|  |TAMS 0x0000000080d00000| PB 0x0000000080d00000| Untracked 
|  14|0x0000000080e00000, 0x0000000080f00000, 0x0000000080f00000|100%| O|  |TAMS 0x0000000080e00000| PB 0x0000000080e00000| Untracked 
|  15|0x0000000080f00000, 0x0000000081000000, 0x0000000081000000|100%| O|  |TAMS 0x0000000080f00000| PB 0x0000000080f00000| Untracked 
|  16|0x0000000081000000, 0x0000000081100000, 0x0000000081100000|100%| O|  |TAMS 0x0000000081000000| PB 0x0000000081000000| Untracked 
|  17|0x0000000081100000, 0x0000000081200000, 0x0000000081200000|100%| O|  |TAMS 0x0000000081100000| PB 0x0000000081100000| Untracked 
|  18|0x0000000081200000, 0x0000000081300000, 0x0000000081300000|100%| O|  |TAMS 0x0000000081200000| PB 0x0000000081200000| Untracked 
|  19|0x0000000081300000, 0x0000000081400000, 0x0000000081400000|100%| O|  |TAMS 0x0000000081300000| PB 0x0000000081300000| Untracked 
|  20|0x0000000081400000, 0x0000000081500000, 0x0000000081500000|100%| O|  |TAMS 0x0000000081400000| PB 0x0000000081400000| Untracked 
|  21|0x0000000081500000, 0x0000000081600000, 0x0000000081600000|100%| O|  |TAMS 0x0000000081500000| PB 0x0000000081500000| Untracked 
|  22|0x0000000081600000, 0x0000000081700000, 0x0000000081700000|100%| O|  |TAMS 0x0000000081600000| PB 0x0000000081600000| Untracked 
|  23|0x0000000081700000, 0x0000000081800000, 0x0000000081800000|100%| O|  |TAMS 0x0000000081700000| PB 0x0000000081700000| Untracked 
|  24|0x0000000081800000, 0x0000000081900000, 0x0000000081900000|100%| O|  |TAMS 0x0000000081800000| PB 0x0000000081800000| Untracked 
|  25|0x0000000081900000, 0x0000000081a00000, 0x0000000081a00000|100%| O|  |TAMS 0x0000000081900000| PB 0x0000000081900000| Untracked 
|  26|0x0000000081a00000, 0x0000000081b00000, 0x0000000081b00000|100%| O|  |TAMS 0x0000000081a00000| PB 0x0000000081a00000| Untracked 
|  27|0x0000000081b00000, 0x0000000081c00000, 0x0000000081c00000|100%|HS|  |TAMS 0x0000000081b00000| PB 0x0000000081b00000| Complete 
|  28|0x0000000081c00000, 0x0000000081d00000, 0x0000000081d00000|100%|HC|  |TAMS 0x0000000081c00000| PB 0x0000000081c00000| Complete 
|  29|0x0000000081d00000, 0x0000000081e00000, 0x0000000081e00000|100%| O|Cm|TAMS 0x0000000081d00000| PB 0x0000000081d00000| Complete 
|  30|0x0000000081e00000, 0x0000000081f00000, 0x0000000081f00000|100%| O|  |TAMS 0x0000000081e00000| PB 0x0000000081e00000| Untracked 
|  31|0x0000000081f00000, 0x0000000082000000, 0x0000000082000000|100%| O|  |TAMS 0x0000000081f00000| PB 0x0000000081f00000| Untracked 
|  32|0x0000000082000000, 0x0000000082100000, 0x0000000082100000|100%| O|  |TAMS 0x0000000082000000| PB 0x0000000082000000| Untracked 
|  33|0x0000000082100000, 0x0000000082200000, 0x0000000082200000|100%| O|  |TAMS 0x0000000082100000| PB 0x0000000082100000| Untracked 
|  34|0x0000000082200000, 0x0000000082300000, 0x0000000082300000|100%| O|  |TAMS 0x0000000082200000| PB 0x0000000082200000| Untracked 
|  35|0x0000000082300000, 0x0000000082400000, 0x0000000082400000|100%| O|  |TAMS 0x0000000082300000| PB 0x0000000082300000| Untracked 
|  36|0x0000000082400000, 0x0000000082500000, 0x0000000082500000|100%| O|  |TAMS 0x0000000082400000| PB 0x0000000082400000| Untracked 
|  37|0x0000000082500000, 0x0000000082600000, 0x0000000082600000|100%| O|  |TAMS 0x0000000082500000| PB 0x0000000082500000| Untracked 
|  38|0x0000000082600000, 0x0000000082700000, 0x0000000082700000|100%| O|  |TAMS 0x0000000082600000| PB 0x0000000082600000| Untracked 
|  39|0x0000000082700000, 0x0000000082800000, 0x0000000082800000|100%| O|  |TAMS 0x0000000082700000| PB 0x0000000082700000| Untracked 
|  40|0x0000000082800000, 0x0000000082900000, 0x0000000082900000|100%| O|  |TAMS 0x0000000082800000| PB 0x0000000082800000| Untracked 
|  41|0x0000000082900000, 0x0000000082a00000, 0x0000000082a00000|100%| O|  |TAMS 0x0000000082900000| PB 0x0000000082900000| Untracked 
|  42|0x0000000082a00000, 0x0000000082b00000, 0x0000000082b00000|100%|HS|  |TAMS 0x0000000082a00000| PB 0x0000000082a00000| Complete 
|  43|0x0000000082b00000, 0x0000000082c00000, 0x0000000082c00000|100%|HS|  |TAMS 0x0000000082b00000| PB 0x0000000082b00000| Complete 
|  44|0x0000000082c00000, 0x0000000082d00000, 0x0000000082d00000|100%| O|  |TAMS 0x0000000082c00000| PB 0x0000000082c00000| Untracked 
|  45|0x0000000082d00000, 0x0000000082e00000, 0x0000000082e00000|100%| O|  |TAMS 0x0000000082d00000| PB 0x0000000082d00000| Untracked 
|  46|0x0000000082e00000, 0x0000000082f00000, 0x0000000082f00000|100%| O|  |TAMS 0x0000000082e00000| PB 0x0000000082e00000| Untracked 
|  47|0x0000000082f00000, 0x0000000083000000, 0x0000000083000000|100%| O|  |TAMS 0x0000000082f00000| PB 0x0000000082f00000| Untracked 
|  48|0x0000000083000000, 0x0000000083100000, 0x0000000083100000|100%| O|  |TAMS 0x0000000083000000| PB 0x0000000083000000| Untracked 
|  49|0x0000000083100000, 0x0000000083200000, 0x0000000083200000|100%|HS|  |TAMS 0x0000000083100000| PB 0x0000000083100000| Complete 
|  50|0x0000000083200000, 0x0000000083300000, 0x0000000083300000|100%| O|  |TAMS 0x0000000083200000| PB 0x0000000083200000| Untracked 
|  51|0x0000000083300000, 0x0000000083400000, 0x0000000083400000|100%| O|  |TAMS 0x0000000083300000| PB 0x0000000083300000| Untracked 
|  52|0x0000000083400000, 0x0000000083500000, 0x0000000083500000|100%|HS|  |TAMS 0x0000000083400000| PB 0x0000000083400000| Complete 
|  53|0x0000000083500000, 0x0000000083600000, 0x0000000083600000|100%| O|  |TAMS 0x0000000083500000| PB 0x0000000083500000| Untracked 
|  54|0x0000000083600000, 0x0000000083700000, 0x0000000083700000|100%|HS|  |TAMS 0x0000000083600000| PB 0x0000000083600000| Complete 
|  55|0x0000000083700000, 0x0000000083800000, 0x0000000083800000|100%|HS|  |TAMS 0x0000000083700000| PB 0x0000000083700000| Complete 
|  56|0x0000000083800000, 0x0000000083900000, 0x0000000083900000|100%| O|  |TAMS 0x0000000083800000| PB 0x0000000083800000| Untracked 
|  57|0x0000000083900000, 0x0000000083a00000, 0x0000000083a00000|100%| O|  |TAMS 0x0000000083900000| PB 0x0000000083900000| Untracked 
|  58|0x0000000083a00000, 0x0000000083b00000, 0x0000000083b00000|100%| O|Cm|TAMS 0x0000000083a00000| PB 0x0000000083a00000| Complete 
|  59|0x0000000083b00000, 0x0000000083c00000, 0x0000000083c00000|100%| O|  |TAMS 0x0000000083b00000| PB 0x0000000083b00000| Untracked 
|  60|0x0000000083c00000, 0x0000000083d00000, 0x0000000083d00000|100%| O|  |TAMS 0x0000000083c00000| PB 0x0000000083c00000| Untracked 
|  61|0x0000000083d00000, 0x0000000083e00000, 0x0000000083e00000|100%| O|  |TAMS 0x0000000083d00000| PB 0x0000000083d00000| Untracked 
|  62|0x0000000083e00000, 0x0000000083f00000, 0x0000000083f00000|100%| O|  |TAMS 0x0000000083e00000| PB 0x0000000083e00000| Untracked 
|  63|0x0000000083f00000, 0x0000000084000000, 0x0000000084000000|100%| O|  |TAMS 0x0000000083f00000| PB 0x0000000083f00000| Untracked 
|  64|0x0000000084000000, 0x0000000084100000, 0x0000000084100000|100%| O|  |TAMS 0x0000000084000000| PB 0x0000000084000000| Untracked 
|  65|0x0000000084100000, 0x0000000084200000, 0x0000000084200000|100%|HS|  |TAMS 0x0000000084100000| PB 0x0000000084100000| Complete 
|  66|0x0000000084200000, 0x0000000084300000, 0x0000000084300000|100%| O|  |TAMS 0x0000000084200000| PB 0x0000000084200000| Untracked 
|  67|0x0000000084300000, 0x0000000084400000, 0x0000000084400000|100%| O|  |TAMS 0x0000000084300000| PB 0x0000000084300000| Untracked 
|  68|0x0000000084400000, 0x0000000084500000, 0x0000000084500000|100%| O|  |TAMS 0x0000000084400000| PB 0x0000000084400000| Untracked 
|  69|0x0000000084500000, 0x0000000084600000, 0x0000000084600000|100%| O|  |TAMS 0x0000000084500000| PB 0x0000000084500000| Untracked 
|  70|0x0000000084600000, 0x0000000084700000, 0x0000000084700000|100%| O|  |TAMS 0x0000000084600000| PB 0x0000000084600000| Untracked 
|  71|0x0000000084700000, 0x0000000084800000, 0x0000000084800000|100%| O|  |TAMS 0x0000000084700000| PB 0x0000000084700000| Untracked 
|  72|0x0000000084800000, 0x0000000084900000, 0x0000000084900000|100%| O|  |TAMS 0x0000000084800000| PB 0x0000000084800000| Untracked 
|  73|0x0000000084900000, 0x0000000084a00000, 0x0000000084a00000|100%| O|  |TAMS 0x0000000084900000| PB 0x0000000084900000| Untracked 
|  74|0x0000000084a00000, 0x0000000084b00000, 0x0000000084b00000|100%| O|  |TAMS 0x0000000084a00000| PB 0x0000000084a00000| Untracked 
|  75|0x0000000084b00000, 0x0000000084c00000, 0x0000000084c00000|100%| O|Cm|TAMS 0x0000000084b00000| PB 0x0000000084b00000| Complete 
|  76|0x0000000084c00000, 0x0000000084d00000, 0x0000000084d00000|100%| O|  |TAMS 0x0000000084c00000| PB 0x0000000084c00000| Untracked 
|  77|0x0000000084d00000, 0x0000000084e00000, 0x0000000084e00000|100%| O|  |TAMS 0x0000000084d00000| PB 0x0000000084d00000| Untracked 
|  78|0x0000000084e00000, 0x0000000084f00000, 0x0000000084f00000|100%| O|  |TAMS 0x0000000084e00000| PB 0x0000000084e00000| Untracked 
|  79|0x0000000084f00000, 0x0000000085000000, 0x0000000085000000|100%| O|  |TAMS 0x0000000084f00000| PB 0x0000000084f00000| Untracked 
|  80|0x0000000085000000, 0x0000000085100000, 0x0000000085100000|100%| O|  |TAMS 0x0000000085000000| PB 0x0000000085000000| Untracked 
|  81|0x0000000085100000, 0x0000000085200000, 0x0000000085200000|100%| O|  |TAMS 0x0000000085100000| PB 0x0000000085100000| Untracked 
|  82|0x0000000085200000, 0x0000000085300000, 0x0000000085300000|100%| O|  |TAMS 0x0000000085200000| PB 0x0000000085200000| Untracked 
|  83|0x0000000085300000, 0x0000000085400000, 0x0000000085400000|100%| O|  |TAMS 0x0000000085300000| PB 0x0000000085300000| Untracked 
|  84|0x0000000085400000, 0x0000000085500000, 0x0000000085500000|100%|HS|  |TAMS 0x0000000085400000| PB 0x0000000085400000| Complete 
|  85|0x0000000085500000, 0x0000000085600000, 0x0000000085600000|100%|HS|  |TAMS 0x0000000085500000| PB 0x0000000085500000| Complete 
|  86|0x0000000085600000, 0x0000000085700000, 0x0000000085700000|100%|HS|  |TAMS 0x0000000085600000| PB 0x0000000085600000| Complete 
|  87|0x0000000085700000, 0x0000000085783d60, 0x0000000085800000| 51%| O|  |TAMS 0x0000000085700000| PB 0x0000000085700000| Untracked 
|  88|0x0000000085800000, 0x0000000085900000, 0x0000000085900000|100%| S|CS|TAMS 0x0000000085800000| PB 0x0000000085800000| Complete 
|  89|0x0000000085900000, 0x0000000085a00000, 0x0000000085a00000|100%| S|CS|TAMS 0x0000000085900000| PB 0x0000000085900000| Complete 
|  90|0x0000000085a00000, 0x0000000085b00000, 0x0000000085b00000|100%|HS|  |TAMS 0x0000000085a00000| PB 0x0000000085a00000| Complete 
|  91|0x0000000085b00000, 0x0000000085c00000, 0x0000000085c00000|100%| S|CS|TAMS 0x0000000085b00000| PB 0x0000000085b00000| Complete 
|  92|0x0000000085c00000, 0x0000000085d00000, 0x0000000085d00000|100%| S|CS|TAMS 0x0000000085c00000| PB 0x0000000085c00000| Complete 
|  93|0x0000000085d00000, 0x0000000085e00000, 0x0000000085e00000|100%|HS|  |TAMS 0x0000000085d00000| PB 0x0000000085d00000| Complete 
|  94|0x0000000085e00000, 0x0000000085e00000, 0x0000000085f00000|  0%| F|  |TAMS 0x0000000085e00000| PB 0x0000000085e00000| Untracked 
|  95|0x0000000085f00000, 0x0000000086000000, 0x0000000086000000|100%| S|CS|TAMS 0x0000000085f00000| PB 0x0000000085f00000| Complete 
|  96|0x0000000086000000, 0x0000000086100000, 0x0000000086100000|100%| S|CS|TAMS 0x0000000086000000| PB 0x0000000086000000| Complete 
|  97|0x0000000086100000, 0x0000000086200000, 0x0000000086200000|100%| S|CS|TAMS 0x0000000086100000| PB 0x0000000086100000| Complete 
|  98|0x0000000086200000, 0x0000000086200000, 0x0000000086300000|  0%| F|  |TAMS 0x0000000086200000| PB 0x0000000086200000| Untracked 
|  99|0x0000000086300000, 0x0000000086300000, 0x0000000086400000|  0%| F|  |TAMS 0x0000000086300000| PB 0x0000000086300000| Untracked 
| 100|0x0000000086400000, 0x0000000086400000, 0x0000000086500000|  0%| F|  |TAMS 0x0000000086400000| PB 0x0000000086400000| Untracked 
| 101|0x0000000086500000, 0x0000000086500000, 0x0000000086600000|  0%| F|  |TAMS 0x0000000086500000| PB 0x0000000086500000| Untracked 
| 102|0x0000000086600000, 0x0000000086600000, 0x0000000086700000|  0%| F|  |TAMS 0x0000000086600000| PB 0x0000000086600000| Untracked 
| 103|0x0000000086700000, 0x0000000086700000, 0x0000000086800000|  0%| F|  |TAMS 0x0000000086700000| PB 0x0000000086700000| Untracked 
| 104|0x0000000086800000, 0x0000000086800000, 0x0000000086900000|  0%| F|  |TAMS 0x0000000086800000| PB 0x0000000086800000| Untracked 
| 105|0x0000000086900000, 0x0000000086900000, 0x0000000086a00000|  0%| F|  |TAMS 0x0000000086900000| PB 0x0000000086900000| Untracked 
| 106|0x0000000086a00000, 0x0000000086a00000, 0x0000000086b00000|  0%| F|  |TAMS 0x0000000086a00000| PB 0x0000000086a00000| Untracked 
| 107|0x0000000086b00000, 0x0000000086b00000, 0x0000000086c00000|  0%| F|  |TAMS 0x0000000086b00000| PB 0x0000000086b00000| Untracked 
| 108|0x0000000086c00000, 0x0000000086c00000, 0x0000000086d00000|  0%| F|  |TAMS 0x0000000086c00000| PB 0x0000000086c00000| Untracked 
| 109|0x0000000086d00000, 0x0000000086d00000, 0x0000000086e00000|  0%| F|  |TAMS 0x0000000086d00000| PB 0x0000000086d00000| Untracked 
| 110|0x0000000086e00000, 0x0000000086e00000, 0x0000000086f00000|  0%| F|  |TAMS 0x0000000086e00000| PB 0x0000000086e00000| Untracked 
| 111|0x0000000086f00000, 0x0000000086f00000, 0x0000000087000000|  0%| F|  |TAMS 0x0000000086f00000| PB 0x0000000086f00000| Untracked 
| 112|0x0000000087000000, 0x0000000087000000, 0x0000000087100000|  0%| F|  |TAMS 0x0000000087000000| PB 0x0000000087000000| Untracked 
| 113|0x0000000087100000, 0x0000000087100000, 0x0000000087200000|  0%| F|  |TAMS 0x0000000087100000| PB 0x0000000087100000| Untracked 
| 114|0x0000000087200000, 0x0000000087200000, 0x0000000087300000|  0%| F|  |TAMS 0x0000000087200000| PB 0x0000000087200000| Untracked 
| 115|0x0000000087300000, 0x0000000087300000, 0x0000000087400000|  0%| F|  |TAMS 0x0000000087300000| PB 0x0000000087300000| Untracked 
| 116|0x0000000087400000, 0x0000000087400000, 0x0000000087500000|  0%| F|  |TAMS 0x0000000087400000| PB 0x0000000087400000| Untracked 
| 117|0x0000000087500000, 0x0000000087500000, 0x0000000087600000|  0%| F|  |TAMS 0x0000000087500000| PB 0x0000000087500000| Untracked 
| 118|0x0000000087600000, 0x0000000087600000, 0x0000000087700000|  0%| F|  |TAMS 0x0000000087600000| PB 0x0000000087600000| Untracked 
| 119|0x0000000087700000, 0x0000000087700000, 0x0000000087800000|  0%| F|  |TAMS 0x0000000087700000| PB 0x0000000087700000| Untracked 
| 120|0x0000000087800000, 0x0000000087800000, 0x0000000087900000|  0%| F|  |TAMS 0x0000000087800000| PB 0x0000000087800000| Untracked 
| 121|0x0000000087900000, 0x0000000087900000, 0x0000000087a00000|  0%| F|  |TAMS 0x0000000087900000| PB 0x0000000087900000| Untracked 
| 122|0x0000000087a00000, 0x0000000087a00000, 0x0000000087b00000|  0%| F|  |TAMS 0x0000000087a00000| PB 0x0000000087a00000| Untracked 
| 123|0x0000000087b00000, 0x0000000087b00000, 0x0000000087c00000|  0%| F|  |TAMS 0x0000000087b00000| PB 0x0000000087b00000| Untracked 
| 124|0x0000000087c00000, 0x0000000087c00000, 0x0000000087d00000|  0%| F|  |TAMS 0x0000000087c00000| PB 0x0000000087c00000| Untracked 
| 125|0x0000000087d00000, 0x0000000087d00000, 0x0000000087e00000|  0%| F|  |TAMS 0x0000000087d00000| PB 0x0000000087d00000| Untracked 
| 126|0x0000000087e00000, 0x0000000087e00000, 0x0000000087f00000|  0%| F|  |TAMS 0x0000000087e00000| PB 0x0000000087e00000| Untracked 
| 127|0x0000000087f00000, 0x0000000087fb99a8, 0x0000000088000000| 72%| E|  |TAMS 0x0000000087f00000| PB 0x0000000087f00000| Complete 
| 128|0x0000000088000000, 0x0000000088100000, 0x0000000088100000|100%| E|CS|TAMS 0x0000000088000000| PB 0x0000000088000000| Complete 
| 129|0x0000000088100000, 0x0000000088200000, 0x0000000088200000|100%| E|CS|TAMS 0x0000000088100000| PB 0x0000000088100000| Complete 
| 130|0x0000000088200000, 0x0000000088300000, 0x0000000088300000|100%| E|CS|TAMS 0x0000000088200000| PB 0x0000000088200000| Complete 
| 131|0x0000000088300000, 0x0000000088400000, 0x0000000088400000|100%| E|CS|TAMS 0x0000000088300000| PB 0x0000000088300000| Complete 
| 132|0x0000000088400000, 0x0000000088500000, 0x0000000088500000|100%| E|CS|TAMS 0x0000000088400000| PB 0x0000000088400000| Complete 
| 133|0x0000000088500000, 0x0000000088600000, 0x0000000088600000|100%| E|CS|TAMS 0x0000000088500000| PB 0x0000000088500000| Complete 
| 134|0x0000000088600000, 0x0000000088700000, 0x0000000088700000|100%| E|CS|TAMS 0x0000000088600000| PB 0x0000000088600000| Complete 
| 135|0x0000000088700000, 0x0000000088800000, 0x0000000088800000|100%| E|CS|TAMS 0x0000000088700000| PB 0x0000000088700000| Complete 
| 136|0x0000000088800000, 0x0000000088900000, 0x0000000088900000|100%| E|CS|TAMS 0x0000000088800000| PB 0x0000000088800000| Complete 
| 137|0x0000000088900000, 0x0000000088a00000, 0x0000000088a00000|100%| E|CS|TAMS 0x0000000088900000| PB 0x0000000088900000| Complete 
| 138|0x0000000088a00000, 0x0000000088b00000, 0x0000000088b00000|100%| E|CS|TAMS 0x0000000088a00000| PB 0x0000000088a00000| Complete 
| 139|0x0000000088b00000, 0x0000000088c00000, 0x0000000088c00000|100%| E|CS|TAMS 0x0000000088b00000| PB 0x0000000088b00000| Complete 
| 140|0x0000000088c00000, 0x0000000088d00000, 0x0000000088d00000|100%| E|CS|TAMS 0x0000000088c00000| PB 0x0000000088c00000| Complete 
| 141|0x0000000088d00000, 0x0000000088e00000, 0x0000000088e00000|100%| E|CS|TAMS 0x0000000088d00000| PB 0x0000000088d00000| Complete 
| 142|0x0000000088e00000, 0x0000000088f00000, 0x0000000088f00000|100%| E|CS|TAMS 0x0000000088e00000| PB 0x0000000088e00000| Complete 
| 222|0x000000008de00000, 0x000000008df00000, 0x000000008df00000|100%| E|CS|TAMS 0x000000008de00000| PB 0x000000008de00000| Complete 
| 223|0x000000008df00000, 0x000000008e000000, 0x000000008e000000|100%| E|CS|TAMS 0x000000008df00000| PB 0x000000008df00000| Complete 
| 224|0x000000008e000000, 0x000000008e100000, 0x000000008e100000|100%| E|CS|TAMS 0x000000008e000000| PB 0x000000008e000000| Complete 
| 225|0x000000008e100000, 0x000000008e200000, 0x000000008e200000|100%| E|CS|TAMS 0x000000008e100000| PB 0x000000008e100000| Complete 
| 226|0x000000008e200000, 0x000000008e300000, 0x000000008e300000|100%| E|CS|TAMS 0x000000008e200000| PB 0x000000008e200000| Complete 
| 227|0x000000008e300000, 0x000000008e400000, 0x000000008e400000|100%| E|CS|TAMS 0x000000008e300000| PB 0x000000008e300000| Complete 
| 228|0x000000008e400000, 0x000000008e500000, 0x000000008e500000|100%| E|CS|TAMS 0x000000008e400000| PB 0x000000008e400000| Complete 
| 229|0x000000008e500000, 0x000000008e600000, 0x000000008e600000|100%| E|CS|TAMS 0x000000008e500000| PB 0x000000008e500000| Complete 
| 230|0x000000008e600000, 0x000000008e700000, 0x000000008e700000|100%| E|CS|TAMS 0x000000008e600000| PB 0x000000008e600000| Complete 
| 231|0x000000008e700000, 0x000000008e800000, 0x000000008e800000|100%| E|CS|TAMS 0x000000008e700000| PB 0x000000008e700000| Complete 
| 232|0x000000008e800000, 0x000000008e900000, 0x000000008e900000|100%| E|CS|TAMS 0x000000008e800000| PB 0x000000008e800000| Complete 
| 249|0x000000008f900000, 0x000000008fa00000, 0x000000008fa00000|100%| E|  |TAMS 0x000000008f900000| PB 0x000000008f900000| Complete 
|2039|0x00000000ff700000, 0x00000000ff800000, 0x00000000ff800000|100%| O|  |TAMS 0x00000000ff700000| PB 0x00000000ff700000| Untracked 
|2040|0x00000000ff800000, 0x00000000ff900000, 0x00000000ff900000|100%| O|  |TAMS 0x00000000ff800000| PB 0x00000000ff800000| Untracked 
|2041|0x00000000ff900000, 0x00000000ffa00000, 0x00000000ffa00000|100%| O|  |TAMS 0x00000000ff900000| PB 0x00000000ff900000| Untracked 
|2042|0x00000000ffa00000, 0x00000000ffb00000, 0x00000000ffb00000|100%| O|  |TAMS 0x00000000ffa00000| PB 0x00000000ffa00000| Untracked 
|2043|0x00000000ffb00000, 0x00000000ffc00000, 0x00000000ffc00000|100%| E|CS|TAMS 0x00000000ffb00000| PB 0x00000000ffb00000| Complete 
|2044|0x00000000ffc00000, 0x00000000ffd00000, 0x00000000ffd00000|100%| E|CS|TAMS 0x00000000ffc00000| PB 0x00000000ffc00000| Complete 
|2045|0x00000000ffd00000, 0x00000000ffe00000, 0x00000000ffe00000|100%| O|  |TAMS 0x00000000ffd00000| PB 0x00000000ffd00000| Untracked 
|2046|0x00000000ffe00000, 0x00000000fff00000, 0x00000000fff00000|100%| E|CS|TAMS 0x00000000ffe00000| PB 0x00000000ffe00000| Complete 
|2047|0x00000000fff00000, 0x0000000100000000, 0x0000000100000000|100%| O|  |TAMS 0x00000000fff00000| PB 0x00000000fff00000| Untracked 

Card table byte_map: [0x0000023dfb9a0000,0x0000023dfbda0000] _byte_map_base: 0x0000023dfb5a0000

Marking Bits: (CMBitMap*) 0x0000023de89e59c0
 Bits: [0x0000023dfbda0000, 0x0000023dfdda0000)

Polling page: 0x0000023de6720000

Metaspace:

Usage:
  Non-class:     94.16 MB used.
      Class:     15.13 MB used.
       Both:    109.29 MB used.

Virtual space:
  Non-class space:      128.00 MB reserved,      95.25 MB ( 74%) committed,  2 nodes.
      Class space:        1.00 GB reserved,      16.19 MB (  2%) committed,  1 nodes.
             Both:        1.12 GB reserved,     111.44 MB ( 10%) committed. 

Chunk freelists:
   Non-Class:  608.00 KB
       Class:  15.67 MB
        Both:  16.26 MB

MaxMetaspaceSize: unlimited
CompressedClassSpaceSize: 1.00 GB
Initial GC threshold: 21.00 MB
Current GC threshold: 180.94 MB
CDS: off
 - commit_granule_bytes: 65536.
 - commit_granule_words: 8192.
 - virtual_space_node_default_size: 8388608.
 - enlarge_chunks_in_place: 1.
 - use_allocation_guard: 0.


Internal statistics:

num_allocs_failed_limit: 9.
num_arena_births: 4220.
num_arena_deaths: 0.
num_vsnodes_births: 3.
num_vsnodes_deaths: 0.
num_space_committed: 1782.
num_space_uncommitted: 0.
num_chunks_returned_to_freelist: 9.
num_chunks_taken_from_freelist: 9005.
num_chunk_merges: 6.
num_chunk_splits: 5888.
num_chunks_enlarged: 3685.
num_inconsistent_stats: 0.

CodeHeap 'non-profiled nmethods': size=119168Kb used=6480Kb max_used=6480Kb free=112688Kb
 bounds [0x0000023df3680000, 0x0000023df3ce0000, 0x0000023dfaae0000]
CodeHeap 'profiled nmethods': size=119104Kb used=21551Kb max_used=21551Kb free=97552Kb
 bounds [0x0000023debae0000, 0x0000023decff0000, 0x0000023df2f30000]
CodeHeap 'non-nmethods': size=7488Kb used=4000Kb max_used=4635Kb free=3487Kb
 bounds [0x0000023df2f30000, 0x0000023df33c0000, 0x0000023df3680000]
CodeCache: size=245760Kb, used=32031Kb, max_used=32666Kb, free=213727Kb
 total_blobs=12355, nmethods=11365, adapters=891, full_count=0
Compilation: enabled, stopped_count=0, restarted_count=0

Compilation events (20 events):
Event: 14.372 Thread 0x0000023d81278850 nmethod 13227 0x0000023decfdff10 code [0x0000023decfe00c0, 0x0000023decfe0248]
Event: 14.374 Thread 0x0000023d8e1e6c60 nmethod 13226 0x0000023df3cd1b10 code [0x0000023df3cd1cc0, 0x0000023df3cd1e50]
Event: 14.374 Thread 0x0000023d8e1e6c60 13224       4       java.lang.reflect.Modifier::isFinal (13 bytes)
Event: 14.374 Thread 0x0000023d8e1e6c60 nmethod 13224 0x0000023df3cd1f90 code [0x0000023df3cd2100, 0x0000023df3cd2170]
Event: 14.374 Thread 0x0000023d8e1e6c60 13201       4       java.util.Arrays$ArrayItr::next (36 bytes)
Event: 14.375 Thread 0x0000023d8e1e6c60 nmethod 13201 0x0000023df3cd2290 code [0x0000023df3cd2420, 0x0000023df3cd2510]
Event: 14.375 Thread 0x0000023d8e1e6c60 13193       4       it.unimi.dsi.fastutil.HashCommon::mix (20 bytes)
Event: 14.375 Thread 0x0000023d8e1e6c60 nmethod 13193 0x0000023df3cd2610 code [0x0000023df3cd2780, 0x0000023df3cd2808]
Event: 14.386 Thread 0x0000023d8e1e9540 13231       1       org.gradle.internal.concurrent.AbstractManagedExecutor::access$100 (5 bytes)
Event: 14.386 Thread 0x0000023d8e1e9540 nmethod 13231 0x0000023df3cd3310 code [0x0000023df3cd34a0, 0x0000023df3cd3550]
Event: 14.389 Thread 0x0000023d8e1e9540 13232       3       java.util.ArrayList::remove (76 bytes)
Event: 14.389 Thread 0x0000023d8e1e9540 nmethod 13232 0x0000023decfe0310 code [0x0000023decfe0500, 0x0000023decfe09b8]
Event: 14.389 Thread 0x0000023d8e1e9540 13233       3       java.util.HashSet::clear (8 bytes)
Event: 14.389 Thread 0x0000023d8e1e9540 nmethod 13233 0x0000023decfe0b90 code [0x0000023decfe0d40, 0x0000023decfe0f10]
Event: 14.401 Thread 0x0000023d8e1e6c60 13234       4       org.gradle.tooling.internal.provider.runner.ClientBuildEventGenerator$Disabled::accept (20 bytes)
Event: 14.403 Thread 0x0000023d8e1e6c60 nmethod 13234 0x0000023df3cd3610 code [0x0000023df3cd37a0, 0x0000023df3cd3920]
Event: 14.416 Thread 0x0000023d813e9290 13235       3       java.util.TreeSet::isEmpty (10 bytes)
Event: 14.416 Thread 0x0000023d813e9290 nmethod 13235 0x0000023decfe1010 code [0x0000023decfe11c0, 0x0000023decfe1390]
Event: 14.840 Thread 0x0000023d813e9290 13236   !   3       java.util.concurrent.locks.AbstractQueuedSynchronizer::acquire (424 bytes)
Event: 14.841 Thread 0x0000023d813e9290 nmethod 13236 0x0000023decfe1490 code [0x0000023decfe1860, 0x0000023decfe3190]

GC Heap History (20 events):
Event: 8.151 GC heap before
{Heap before GC invocations=22 (full 0):
 garbage-first heap   total 124928K, used 106970K [0x0000000080000000, 0x0000000100000000)
  region size 1024K, 45 young (46080K), 7 survivors (7168K)
 Metaspace       used 78092K, committed 79872K, reserved 1179648K
  class space    used 10822K, committed 11648K, reserved 1048576K
}
Event: 8.153 GC heap after
{Heap after GC invocations=23 (full 0):
 garbage-first heap   total 124928K, used 71320K [0x0000000080000000, 0x0000000100000000)
  region size 1024K, 2 young (2048K), 2 survivors (2048K)
 Metaspace       used 78092K, committed 79872K, reserved 1179648K
  class space    used 10822K, committed 11648K, reserved 1048576K
}
Event: 8.547 GC heap before
{Heap before GC invocations=24 (full 0):
 garbage-first heap   total 124928K, used 110232K [0x0000000080000000, 0x0000000100000000)
  region size 1024K, 40 young (40960K), 2 survivors (2048K)
 Metaspace       used 82247K, committed 84096K, reserved 1179648K
  class space    used 11316K, committed 12224K, reserved 1048576K
}
Event: 8.550 GC heap after
{Heap after GC invocations=25 (full 0):
 garbage-first heap   total 124928K, used 72434K [0x0000000080000000, 0x0000000100000000)
  region size 1024K, 3 young (3072K), 3 survivors (3072K)
 Metaspace       used 82247K, committed 84096K, reserved 1179648K
  class space    used 11316K, committed 12224K, reserved 1048576K
}
Event: 8.917 GC heap before
{Heap before GC invocations=25 (full 0):
 garbage-first heap   total 124928K, used 117490K [0x0000000080000000, 0x0000000100000000)
  region size 1024K, 42 young (43008K), 3 survivors (3072K)
 Metaspace       used 85640K, committed 87488K, reserved 1179648K
  class space    used 11836K, committed 12736K, reserved 1048576K
}
Event: 8.922 GC heap after
{Heap after GC invocations=26 (full 0):
 garbage-first heap   total 126976K, used 76942K [0x0000000080000000, 0x0000000100000000)
  region size 1024K, 6 young (6144K), 6 survivors (6144K)
 Metaspace       used 85640K, committed 87488K, reserved 1179648K
  class space    used 11836K, committed 12736K, reserved 1048576K
}
Event: 9.272 GC heap before
{Heap before GC invocations=26 (full 0):
 garbage-first heap   total 126976K, used 112782K [0x0000000080000000, 0x0000000100000000)
  region size 1024K, 41 young (41984K), 6 survivors (6144K)
 Metaspace       used 88554K, committed 90432K, reserved 1179648K
  class space    used 12198K, committed 13120K, reserved 1048576K
}
Event: 9.276 GC heap after
{Heap after GC invocations=27 (full 0):
 garbage-first heap   total 152576K, used 79464K [0x0000000080000000, 0x0000000100000000)
  region size 1024K, 3 young (3072K), 3 survivors (3072K)
 Metaspace       used 88554K, committed 90432K, reserved 1179648K
  class space    used 12198K, committed 13120K, reserved 1048576K
}
Event: 9.942 GC heap before
{Heap before GC invocations=28 (full 0):
 garbage-first heap   total 152576K, used 135784K [0x0000000080000000, 0x0000000100000000)
  region size 1024K, 58 young (59392K), 3 survivors (3072K)
 Metaspace       used 92244K, committed 94080K, reserved 1179648K
  class space    used 12660K, committed 13568K, reserved 1048576K
}
Event: 9.945 GC heap after
{Heap after GC invocations=29 (full 0):
 garbage-first heap   total 152576K, used 83853K [0x0000000080000000, 0x0000000100000000)
  region size 1024K, 7 young (7168K), 7 survivors (7168K)
 Metaspace       used 92244K, committed 94080K, reserved 1179648K
  class space    used 12660K, committed 13568K, reserved 1048576K
}
Event: 10.548 GC heap before
{Heap before GC invocations=29 (full 0):
 garbage-first heap   total 152576K, used 136077K [0x0000000080000000, 0x0000000100000000)
  region size 1024K, 58 young (59392K), 7 survivors (7168K)
 Metaspace       used 96274K, committed 98240K, reserved 1179648K
  class space    used 13320K, committed 14272K, reserved 1048576K
}
Event: 10.551 GC heap after
{Heap after GC invocations=30 (full 0):
 garbage-first heap   total 152576K, used 85481K [0x0000000080000000, 0x0000000100000000)
  region size 1024K, 3 young (3072K), 3 survivors (3072K)
 Metaspace       used 96274K, committed 98240K, reserved 1179648K
  class space    used 13320K, committed 14272K, reserved 1048576K
}
Event: 11.171 GC heap before
{Heap before GC invocations=30 (full 0):
 garbage-first heap   total 152576K, used 137705K [0x0000000080000000, 0x0000000100000000)
  region size 1024K, 54 young (55296K), 3 survivors (3072K)
 Metaspace       used 100475K, committed 102464K, reserved 1179648K
  class space    used 14001K, committed 14976K, reserved 1048576K
}
Event: 11.173 GC heap after
{Heap after GC invocations=31 (full 0):
 garbage-first heap   total 152576K, used 87360K [0x0000000080000000, 0x0000000100000000)
  region size 1024K, 5 young (5120K), 5 survivors (5120K)
 Metaspace       used 100475K, committed 102464K, reserved 1179648K
  class space    used 14001K, committed 14976K, reserved 1048576K
}
Event: 11.811 GC heap before
{Heap before GC invocations=32 (full 0):
 garbage-first heap   total 152576K, used 137536K [0x0000000080000000, 0x0000000100000000)
  region size 1024K, 54 young (55296K), 5 survivors (5120K)
 Metaspace       used 104334K, committed 106432K, reserved 1179648K
  class space    used 14631K, committed 15680K, reserved 1048576K
}
Event: 11.814 GC heap after
{Heap after GC invocations=33 (full 0):
 garbage-first heap   total 152576K, used 90203K [0x0000000080000000, 0x0000000100000000)
  region size 1024K, 5 young (5120K), 5 survivors (5120K)
 Metaspace       used 104334K, committed 106432K, reserved 1179648K
  class space    used 14631K, committed 15680K, reserved 1048576K
}
Event: 12.414 GC heap before
{Heap before GC invocations=33 (full 0):
 garbage-first heap   total 152576K, used 138331K [0x0000000080000000, 0x0000000100000000)
  region size 1024K, 52 young (53248K), 5 survivors (5120K)
 Metaspace       used 108414K, committed 110528K, reserved 1179648K
  class space    used 15211K, committed 16256K, reserved 1048576K
}
Event: 12.419 GC heap after
{Heap after GC invocations=34 (full 0):
 garbage-first heap   total 152576K, used 92069K [0x0000000080000000, 0x0000000100000000)
  region size 1024K, 6 young (6144K), 6 survivors (6144K)
 Metaspace       used 108414K, committed 110528K, reserved 1179648K
  class space    used 15211K, committed 16256K, reserved 1048576K
}
Event: 12.786 GC heap before
{Heap before GC invocations=34 (full 0):
 garbage-first heap   total 152576K, used 137125K [0x0000000080000000, 0x0000000100000000)
  region size 1024K, 51 young (52224K), 6 survivors (6144K)
 Metaspace       used 108780K, committed 110976K, reserved 1179648K
  class space    used 15256K, committed 16320K, reserved 1048576K
}
Event: 12.791 GC heap after
{Heap after GC invocations=35 (full 0):
 garbage-first heap   total 152576K, used 99855K [0x0000000080000000, 0x0000000100000000)
  region size 1024K, 7 young (7168K), 7 survivors (7168K)
 Metaspace       used 108780K, committed 110976K, reserved 1179648K
  class space    used 15256K, committed 16320K, reserved 1048576K
}

Dll operation events (3 events):
Event: 0.010 Loaded shared library C:\Program Files\Android\Android Studio\jbr\bin\java.dll
Event: 0.014 Loaded shared library C:\Program Files\Android\Android Studio\jbr\bin\zip.dll
Event: 0.459 Loaded shared library C:\Program Files\Android\Android Studio\jbr\bin\verify.dll

Deoptimization events (20 events):
Event: 14.344 Thread 0x0000023d8744f2c0 Uncommon trap: trap_request=0xffffff45 fr.pc=0x0000023df3a810c4 relative=0x0000000000000c64
Event: 14.344 Thread 0x0000023d8744f2c0 Uncommon trap: reason=unstable_if action=reinterpret pc=0x0000023df3a810c4 method=com.esotericsoftware.kryo.io.Input.readString()Ljava/lang/String; @ 28 c2
Event: 14.344 Thread 0x0000023d8744f2c0 DEOPT PACKING pc=0x0000023df3a810c4 sp=0x0000006cbeff9950
Event: 14.344 Thread 0x0000023d8744f2c0 DEOPT UNPACKING pc=0x0000023df2f846a2 sp=0x0000006cbeff9928 mode 2
Event: 14.357 Thread 0x0000023d8744f2c0 Uncommon trap: trap_request=0xffffff45 fr.pc=0x0000023df37bc3a8 relative=0x0000000000000848
Event: 14.357 Thread 0x0000023d8744f2c0 Uncommon trap: reason=unstable_if action=reinterpret pc=0x0000023df37bc3a8 method=com.google.common.cache.LocalCache$Segment.recordWrite(Lcom/google/common/cache/ReferenceEntry;IJ)V @ 22 c2
Event: 14.357 Thread 0x0000023d8744f2c0 DEOPT PACKING pc=0x0000023df37bc3a8 sp=0x0000006cbeff9b30
Event: 14.357 Thread 0x0000023d8744f2c0 DEOPT UNPACKING pc=0x0000023df2f846a2 sp=0x0000006cbeff9a68 mode 2
Event: 14.362 Thread 0x0000023d8744f2c0 Uncommon trap: trap_request=0xfffffff4 fr.pc=0x0000023df3ca3238 relative=0x00000000000098b8
Event: 14.362 Thread 0x0000023d8744f2c0 Uncommon trap: reason=null_check action=make_not_entrant pc=0x0000023df3ca3238 method=org.gradle.internal.instantiation.generator.AbstractClassGenerator$PropertyMetadata.addGetter(Lorg/gradle/internal/instantiation/generator/AbstractClassGenerator$MethodM
Event: 14.362 Thread 0x0000023d8744f2c0 DEOPT PACKING pc=0x0000023df3ca3238 sp=0x0000006cbeffa390
Event: 14.362 Thread 0x0000023d8744f2c0 DEOPT UNPACKING pc=0x0000023df2f846a2 sp=0x0000006cbeffa2f0 mode 2
Event: 14.372 Thread 0x0000023d8744f2c0 Uncommon trap: trap_request=0xffffff45 fr.pc=0x0000023df39f0e6c relative=0x0000000000000e8c
Event: 14.372 Thread 0x0000023d8744f2c0 Uncommon trap: reason=unstable_if action=reinterpret pc=0x0000023df39f0e6c method=java.util.concurrent.locks.AbstractQueuedSynchronizer.acquire(Ljava/util/concurrent/locks/AbstractQueuedSynchronizer$Node;IZZZJ)I @ 103 c2
Event: 14.372 Thread 0x0000023d8744f2c0 DEOPT PACKING pc=0x0000023df39f0e6c sp=0x0000006cbeffbe60
Event: 14.372 Thread 0x0000023d8744f2c0 DEOPT UNPACKING pc=0x0000023df2f846a2 sp=0x0000006cbeffbe38 mode 2
Event: 14.388 Thread 0x0000023d8b4ef9c0 Uncommon trap: trap_request=0xffffff45 fr.pc=0x0000023df39cdc3c relative=0x000000000000037c
Event: 14.388 Thread 0x0000023d8b4ef9c0 Uncommon trap: reason=unstable_if action=reinterpret pc=0x0000023df39cdc3c method=java.util.HashMap$HashIterator.<init>(Ljava/util/HashMap;)V @ 45 c2
Event: 14.388 Thread 0x0000023d8b4ef9c0 DEOPT PACKING pc=0x0000023df39cdc3c sp=0x0000006cc6cfefa0
Event: 14.388 Thread 0x0000023d8b4ef9c0 DEOPT UNPACKING pc=0x0000023df2f846a2 sp=0x0000006cc6cfef58 mode 2

Classes loaded (20 events):
Event: 12.069 Loading class com/sun/org/apache/xerces/internal/impl/io/MalformedByteSequenceException
Event: 12.069 Loading class java/io/CharConversionException
Event: 12.069 Loading class java/io/CharConversionException done
Event: 12.069 Loading class com/sun/org/apache/xerces/internal/impl/io/MalformedByteSequenceException done
Event: 12.429 Loading class java/util/TreeMap$KeySpliterator
Event: 12.429 Loading class java/util/TreeMap$TreeMapSpliterator
Event: 12.429 Loading class java/util/TreeMap$TreeMapSpliterator done
Event: 12.429 Loading class java/util/TreeMap$KeySpliterator done
Event: 12.679 Loading class java/io/FilterReader
Event: 12.679 Loading class java/io/FilterReader done
Event: 14.180 Loading class java/util/HashMap$UnsafeHolder
Event: 14.180 Loading class java/util/HashMap$UnsafeHolder done
Event: 14.253 Loading class sun/nio/ch/ChannelOutputStream
Event: 14.253 Loading class sun/nio/ch/ChannelOutputStream done
Event: 14.254 Loading class java/util/concurrent/ConcurrentLinkedQueue$Itr
Event: 14.255 Loading class java/util/concurrent/ConcurrentLinkedQueue$Itr done
Event: 14.358 Loading class java/lang/management/RuntimeMXBean
Event: 14.359 Loading class java/lang/management/RuntimeMXBean done
Event: 14.359 Loading class sun/management/RuntimeImpl
Event: 14.359 Loading class sun/management/RuntimeImpl done

Classes unloaded (0 events):
No events

Classes redefined (0 events):
No events

Internal exceptions (20 events):
Event: 12.761 Thread 0x0000023d8744f2c0 Exception <a 'java/lang/ClassNotFoundException'{0x00000000865a7410}: com/android/build/gradle/tasks/PackageApplicationBeanInfo> (0x00000000865a7410) 
thrown [s\src\hotspot\share\classfile\systemDictionary.cpp, line 312]
Event: 12.762 Thread 0x0000023d8744f2c0 Exception <a 'java/lang/ClassNotFoundException'{0x00000000865b3d88}: com/android/build/gradle/tasks/PackageAndroidArtifactBeanInfo> (0x00000000865b3d88) 
thrown [s\src\hotspot\share\classfile\systemDictionary.cpp, line 312]
Event: 12.762 Thread 0x0000023d8744f2c0 Exception <a 'java/lang/ClassNotFoundException'{0x00000000865c07f8}: com/android/build/gradle/tasks/PackageAndroidArtifactCustomizer> (0x00000000865c07f8) 
thrown [s\src\hotspot\share\classfile\systemDictionary.cpp, line 312]
Event: 12.765 Thread 0x0000023d8744f2c0 Exception <a 'java/lang/ClassNotFoundException'{0x00000000864231a8}: com/android/build/gradle/tasks/PackageApplicationCustomizer> (0x00000000864231a8) 
thrown [s\src\hotspot\share\classfile\systemDictionary.cpp, line 312]
Event: 12.766 Thread 0x0000023d8744f2c0 Exception <a 'java/lang/ClassNotFoundException'{0x0000000086452290}: com/android/build/gradle/tasks/PackageApplication_DecoratedCustomizer> (0x0000000086452290) 
thrown [s\src\hotspot\share\classfile\systemDictionary.cpp, line 312]
Event: 12.772 Thread 0x0000023d8744f2c0 Exception <a 'java/lang/ClassNotFoundException'{0x00000000863398d8}: com/android/build/gradle/internal/tasks/ListingFileRedirectTask_DecoratedBeanInfo> (0x00000000863398d8) 
thrown [s\src\hotspot\share\classfile\systemDictionary.cpp, line 312]
Event: 12.773 Thread 0x0000023d8744f2c0 Exception <a 'java/lang/ClassNotFoundException'{0x0000000086346548}: com/android/build/gradle/internal/tasks/ListingFileRedirectTaskBeanInfo> (0x0000000086346548) 
thrown [s\src\hotspot\share\classfile\systemDictionary.cpp, line 312]
Event: 12.773 Thread 0x0000023d8744f2c0 Exception <a 'java/lang/ClassNotFoundException'{0x00000000863531d0}: com/android/build/gradle/internal/tasks/ListingFileRedirectTaskCustomizer> (0x00000000863531d0) 
thrown [s\src\hotspot\share\classfile\systemDictionary.cpp, line 312]
Event: 12.774 Thread 0x0000023d8744f2c0 Exception <a 'java/lang/ClassNotFoundException'{0x0000000086370600}: com/android/build/gradle/internal/tasks/ListingFileRedirectTask_DecoratedCustomizer> (0x0000000086370600) 
thrown [s\src\hotspot\share\classfile\systemDictionary.cpp, line 312]
Event: 12.778 Thread 0x0000023d8744f2c0 Implicit null exception at 0x0000023df3c7239d to 0x0000023df3c72dd0
Event: 12.778 Thread 0x0000023d8744f2c0 Implicit null exception at 0x0000023df3ba0ce9 to 0x0000023df3ba0d94
Event: 12.778 Thread 0x0000023d8744f2c0 Implicit null exception at 0x0000023df3c7239d to 0x0000023df3c72dd0
Event: 12.779 Thread 0x0000023d8744f2c0 Implicit null exception at 0x0000023df3c7239d to 0x0000023df3c72dd0
Event: 12.779 Thread 0x0000023d8744f2c0 Implicit null exception at 0x0000023df3c7239d to 0x0000023df3c72dd0
Event: 14.173 Thread 0x0000023d8744f2c0 Exception <a 'java/lang/NoSuchMethodError'{0x0000000088cb0348}: static Lcom/android/build/gradle/internal/profile/ProjectData;.<clinit>()V> (0x0000000088cb0348) 
thrown [s\src\hotspot\share\prims\jni.cpp, line 1144]
Event: 14.177 Thread 0x0000023d8744f2c0 Exception <a 'java/lang/NoSuchMethodError'{0x0000000088cf6bd8}: static Lcom/android/build/gradle/internal/profile/TaskMetadata;.<clinit>()V> (0x0000000088cf6bd8) 
thrown [s\src\hotspot\share\prims\jni.cpp, line 1144]
Event: 14.244 Thread 0x0000023d8744f2c0 Exception <a 'sun/nio/fs/WindowsException'{0x00000000889efb50}> (0x00000000889efb50) 
thrown [s\src\hotspot\share\prims\jni.cpp, line 537]
Event: 14.271 Thread 0x0000023d8744f2c0 Exception <a 'java/lang/NoSuchMethodError'{0x0000000088838248}: 'void java.lang.invoke.DirectMethodHandle$Holder.invokeSpecial(java.lang.Object, java.lang.Object, java.lang.Object, java.lang.Object, int, java.lang.Object, java.lang.Object)'> (0x0000000088838248) 
thrown [s\src\hotspot\share\interpreter\linkResolver.cpp, line 784]
Event: 14.362 Thread 0x0000023d8744f2c0 Implicit null exception at 0x0000023df3c9b458 to 0x0000023df3ca3190
Event: 14.382 Thread 0x0000023d89a267e0 Exception <a 'java/lang/NoSuchMethodError'{0x00000000884afaf8}: 'java.lang.Object java.lang.invoke.DirectMethodHandle$Holder.newInvokeSpecial(java.lang.Object, java.lang.Object, int, java.lang.Object, java.lang.Object)'> (0x00000000884afaf8) 
thrown [s\src\hotspot\share\interpreter\linkResolver.cpp, line 784]

ZGC Phase Switch (0 events):
No events

VM Operations (20 events):
Event: 12.074 Executing VM operation: HandshakeAllThreads (Deoptimize)
Event: 12.074 Executing VM operation: HandshakeAllThreads (Deoptimize) done
Event: 12.192 Executing VM operation: ICBufferFull
Event: 12.192 Executing VM operation: ICBufferFull done
Event: 12.371 Executing VM operation: ICBufferFull
Event: 12.372 Executing VM operation: ICBufferFull done
Event: 12.414 Executing VM operation: G1CollectForAllocation (G1 Evacuation Pause)
Event: 12.419 Executing VM operation: G1CollectForAllocation (G1 Evacuation Pause) done
Event: 12.455 Executing VM operation: HandshakeAllThreads (Deoptimize)
Event: 12.455 Executing VM operation: HandshakeAllThreads (Deoptimize) done
Event: 12.786 Executing VM operation: G1CollectForAllocation (G1 Evacuation Pause)
Event: 12.791 Executing VM operation: G1CollectForAllocation (G1 Evacuation Pause) done
Event: 12.834 Executing VM operation: G1PauseRemark
Event: 13.889 Executing VM operation: G1PauseRemark done
Event: 13.910 Executing VM operation: G1PauseCleanup
Event: 13.911 Executing VM operation: G1PauseCleanup done
Event: 14.329 Executing VM operation: ICBufferFull
Event: 14.329 Executing VM operation: ICBufferFull done
Event: 15.340 Executing VM operation: Cleanup
Event: 15.340 Executing VM operation: Cleanup done

Memory protections (0 events):
No events

Nmethod flushes (20 events):
Event: 12.881 Thread 0x0000023d8119d400 flushing  nmethod 0x0000023debd04d10
Event: 12.881 Thread 0x0000023d8119d400 flushing  nmethod 0x0000023debd05710
Event: 12.881 Thread 0x0000023d8119d400 flushing  nmethod 0x0000023debd49a10
Event: 12.881 Thread 0x0000023d8119d400 flushing  nmethod 0x0000023debd74610
Event: 12.881 Thread 0x0000023d8119d400 flushing  nmethod 0x0000023debd74990
Event: 12.881 Thread 0x0000023d8119d400 flushing  nmethod 0x0000023dec2f6010
Event: 12.881 Thread 0x0000023d8119d400 flushing  nmethod 0x0000023dec4f0610
Event: 12.881 Thread 0x0000023d8119d400 flushing  nmethod 0x0000023dec4f1990
Event: 12.881 Thread 0x0000023d8119d400 flushing  nmethod 0x0000023dec4f2f90
Event: 12.881 Thread 0x0000023d8119d400 flushing  nmethod 0x0000023dec5b3b10
Event: 12.881 Thread 0x0000023d8119d400 flushing  nmethod 0x0000023dec6fd210
Event: 12.881 Thread 0x0000023d8119d400 flushing  nmethod 0x0000023debff9290
Event: 12.881 Thread 0x0000023d8119d400 flushing  nmethod 0x0000023dec0f3a10
Event: 12.881 Thread 0x0000023d8119d400 flushing  nmethod 0x0000023dec3f8790
Event: 12.881 Thread 0x0000023d8119d400 flushing  nmethod 0x0000023dec3fb310
Event: 12.881 Thread 0x0000023d8119d400 flushing  nmethod 0x0000023dec3fc010
Event: 12.881 Thread 0x0000023d8119d400 flushing  nmethod 0x0000023dec3fcc10
Event: 12.881 Thread 0x0000023d8119d400 flushing  nmethod 0x0000023dec5d5310
Event: 12.881 Thread 0x0000023d8119d400 flushing  nmethod 0x0000023dec6b9290
Event: 12.881 Thread 0x0000023d8119d400 flushing  nmethod 0x0000023decade710

Events (20 events):
Event: 14.385 Thread 0x0000023d89a267e0 Thread added: 0x0000023d89a239f0
Event: 14.385 Thread 0x0000023d89a267e0 Thread added: 0x0000023d89a27500
Event: 14.385 Thread 0x0000023d89a267e0 Thread added: 0x0000023d89a24080
Event: 14.385 Thread 0x0000023d89a267e0 Thread added: 0x0000023d89a2a2f0
Event: 14.385 Thread 0x0000023d89a267e0 Thread added: 0x0000023d89a28220
Event: 14.385 Thread 0x0000023d89a267e0 Thread added: 0x0000023d89a27b90
Event: 14.385 Thread 0x0000023d89a267e0 Thread added: 0x0000023d89a295d0
Event: 14.385 Thread 0x0000023d89a267e0 Thread added: 0x0000023d89a2a980
Event: 14.385 Thread 0x0000023d89a267e0 Thread added: 0x0000023d89a28f40
Event: 14.385 Thread 0x0000023d89a267e0 Thread added: 0x0000023d89a29c60
Event: 14.385 Thread 0x0000023d89a267e0 Thread added: 0x0000023d89a288b0
Event: 14.385 Thread 0x0000023d89a267e0 Thread added: 0x0000023d8b4f06e0
Event: 14.385 Thread 0x0000023d89a267e0 Thread added: 0x0000023d8b4f0050
Event: 14.385 Thread 0x0000023d89a267e0 Thread added: 0x0000023d8b4f2120
Event: 14.385 Thread 0x0000023d89a267e0 Thread added: 0x0000023d8b4eeca0
Event: 14.385 Thread 0x0000023d89a267e0 Thread added: 0x0000023d8b4f27b0
Event: 14.386 Thread 0x0000023d89a267e0 Thread added: 0x0000023d8b4f0d70
Event: 14.386 Thread 0x0000023d89a267e0 Thread added: 0x0000023d8b4ef9c0
Event: 14.386 Thread 0x0000023d89a267e0 Thread added: 0x0000023d8b4f1400
Event: 14.840 Thread 0x0000023d8e1e6c60 Thread exited: 0x0000023d8e1e6c60


Dynamic libraries:
0x00007ff71b400000 - 0x00007ff71b40a000 	C:\Program Files\Android\Android Studio\jbr\bin\java.exe
0x00007ffd91940000 - 0x00007ffd91ba8000 	C:\Windows\SYSTEM32\ntdll.dll
0x00007ffd90ca0000 - 0x00007ffd90d69000 	C:\Windows\System32\KERNEL32.DLL
0x00007ffd8ed80000 - 0x00007ffd8f178000 	C:\Windows\System32\KERNELBASE.dll
0x00007ffd8f590000 - 0x00007ffd8f6db000 	C:\Windows\System32\ucrtbase.dll
0x00007ffd597b0000 - 0x00007ffd597cb000 	C:\Program Files\Android\Android Studio\jbr\bin\VCRUNTIME140.dll
0x00007ffd5fd60000 - 0x00007ffd5fd78000 	C:\Program Files\Android\Android Studio\jbr\bin\jli.dll
0x00007ffd90140000 - 0x00007ffd90307000 	C:\Windows\System32\USER32.dll
0x00007ffd8f180000 - 0x00007ffd8f1a7000 	C:\Windows\System32\win32u.dll
0x00007ffd91620000 - 0x00007ffd9164b000 	C:\Windows\System32\GDI32.dll
0x00007ffd8f460000 - 0x00007ffd8f58c000 	C:\Windows\System32\gdi32full.dll
0x00007ffd8f260000 - 0x00007ffd8f303000 	C:\Windows\System32\msvcp_win.dll
0x00007ffd75980000 - 0x00007ffd75c14000 	C:\Windows\WinSxS\amd64_microsoft.windows.common-controls_6595b64144ccf1df_6.0.26100.7019_none_3e06ffa0e335b8a8\COMCTL32.dll
0x00007ffd8f840000 - 0x00007ffd8f8e9000 	C:\Windows\System32\msvcrt.dll
0x00007ffd8f800000 - 0x00007ffd8f831000 	C:\Windows\System32\IMM32.DLL
0x00007ffd68800000 - 0x00007ffd6880c000 	C:\Program Files\Android\Android Studio\jbr\bin\vcruntime140_1.dll
0x00007ffd03790000 - 0x00007ffd0381d000 	C:\Program Files\Android\Android Studio\jbr\bin\msvcp140.dll
0x00007ffcf6290000 - 0x00007ffcf6f26000 	C:\Program Files\Android\Android Studio\jbr\bin\server\jvm.dll
0x00007ffd8fea0000 - 0x00007ffd8ff54000 	C:\Windows\System32\ADVAPI32.dll
0x00007ffd91120000 - 0x00007ffd911c6000 	C:\Windows\System32\sechost.dll
0x00007ffd8f6e0000 - 0x00007ffd8f7f8000 	C:\Windows\System32\RPCRT4.dll
0x00007ffd8f8f0000 - 0x00007ffd8f964000 	C:\Windows\System32\WS2_32.dll
0x00007ffd88b90000 - 0x00007ffd88b9b000 	C:\Windows\SYSTEM32\VERSION.dll
0x00007ffd84ce0000 - 0x00007ffd84d15000 	C:\Windows\SYSTEM32\WINMM.dll
0x00007ffd8d6b0000 - 0x00007ffd8d70e000 	C:\Windows\SYSTEM32\POWRPROF.dll
0x00007ffd8d690000 - 0x00007ffd8d6a4000 	C:\Windows\SYSTEM32\UMPDC.dll
0x00007ffd8d970000 - 0x00007ffd8d98b000 	C:\Windows\SYSTEM32\kernel.appcore.dll
0x00007ffd61af0000 - 0x00007ffd61afa000 	C:\Program Files\Android\Android Studio\jbr\bin\jimage.dll
0x00007ffd8c240000 - 0x00007ffd8c482000 	C:\Windows\SYSTEM32\DBGHELP.DLL
0x00007ffd90d70000 - 0x00007ffd910fb000 	C:\Windows\System32\combase.dll
0x00007ffd91540000 - 0x00007ffd91617000 	C:\Windows\System32\OLEAUT32.dll
0x00007ffd7cd00000 - 0x00007ffd7cd3c000 	C:\Windows\SYSTEM32\dbgcore.DLL
0x00007ffd8f1b0000 - 0x00007ffd8f255000 	C:\Windows\System32\bcryptPrimitives.dll
0x00007ffd58ef0000 - 0x00007ffd58efe000 	C:\Program Files\Android\Android Studio\jbr\bin\instrument.dll
0x00007ffd57320000 - 0x00007ffd57340000 	C:\Program Files\Android\Android Studio\jbr\bin\java.dll
0x00007ffd52f60000 - 0x00007ffd52f78000 	C:\Program Files\Android\Android Studio\jbr\bin\zip.dll
0x00007ffd90320000 - 0x00007ffd90a6f000 	C:\Windows\System32\SHELL32.dll
0x00007ffd8ea90000 - 0x00007ffd8ebfb000 	C:\Windows\System32\wintypes.dll
0x00007ffd8c6d0000 - 0x00007ffd8cf2d000 	C:\Windows\SYSTEM32\windows.storage.dll
0x00007ffd91320000 - 0x00007ffd91412000 	C:\Windows\System32\SHCORE.dll
0x00007ffd8f970000 - 0x00007ffd8f9d7000 	C:\Windows\System32\shlwapi.dll
0x00007ffd8e9b0000 - 0x00007ffd8e9d9000 	C:\Windows\SYSTEM32\profapi.dll
0x00007ffd60c10000 - 0x00007ffd60c20000 	C:\Program Files\Android\Android Studio\jbr\bin\net.dll
0x00007ffd88640000 - 0x00007ffd88768000 	C:\Windows\SYSTEM32\WINHTTP.dll
0x00007ffd8dee0000 - 0x00007ffd8df4b000 	C:\Windows\system32\mswsock.dll
0x00007ffd52d10000 - 0x00007ffd52d26000 	C:\Program Files\Android\Android Studio\jbr\bin\nio.dll
0x00007ffd5a7d0000 - 0x00007ffd5a7e0000 	C:\Program Files\Android\Android Studio\jbr\bin\verify.dll
0x00007ffd52e30000 - 0x00007ffd52e57000 	C:\Users\as\.gradle\native\1def1411415f61bf3af743bc5b6707747c0891f09f0c88961ee8f79bc544acac\windows-amd64\native-platform.dll
0x00007ffd01fe0000 - 0x00007ffd02058000 	C:\Users\as\.gradle\native\0.2.7\x86_64-windows-gnu\gradle-fileevents.dll
0x00007ffd5fdc0000 - 0x00007ffd5fdc9000 	C:\Program Files\Android\Android Studio\jbr\bin\management.dll
0x00007ffd5dd60000 - 0x00007ffd5dd6b000 	C:\Program Files\Android\Android Studio\jbr\bin\management_ext.dll
0x00007ffd91510000 - 0x00007ffd91518000 	C:\Windows\System32\PSAPI.DLL
0x00007ffd8d420000 - 0x00007ffd8d454000 	C:\Windows\SYSTEM32\IPHLPAPI.DLL
0x00007ffd91520000 - 0x00007ffd9152a000 	C:\Windows\System32\NSI.dll
0x00007ffd60450000 - 0x00007ffd60459000 	C:\Program Files\Android\Android Studio\jbr\bin\extnet.dll
0x00007ffd8e1b0000 - 0x00007ffd8e1cb000 	C:\Windows\SYSTEM32\CRYPTSP.dll
0x00007ffd8d8d0000 - 0x00007ffd8d90a000 	C:\Windows\system32\rsaenh.dll
0x00007ffd8df90000 - 0x00007ffd8dfbb000 	C:\Windows\SYSTEM32\USERENV.dll
0x00007ffd8e980000 - 0x00007ffd8e9aa000 	C:\Windows\SYSTEM32\bcrypt.dll
0x00007ffd8e1a0000 - 0x00007ffd8e1ac000 	C:\Windows\SYSTEM32\CRYPTBASE.dll
0x00007ffd72a00000 - 0x00007ffd72a08000 	C:\Windows\system32\wshunix.dll

JVMTI agents:
C:\Users\as\.gradle\wrapper\dists\gradle-8.13-bin\5xuhj0ry160q40clulazy9h7d\gradle-8.13\lib\agents\gradle-instrumentation-agent-8.13.jar path:C:\Program Files\Android\Android Studio\jbr\bin\instrument.dll, loaded, initialized, instrumentlib options:none

dbghelp: loaded successfully - version: 4.0.5 - missing functions: none
symbol engine: initialized successfully - sym options: 0x614 - pdb path: .;C:\Program Files\Android\Android Studio\jbr\bin;C:\Windows\SYSTEM32;C:\Windows\WinSxS\amd64_microsoft.windows.common-controls_6595b64144ccf1df_6.0.26100.7019_none_3e06ffa0e335b8a8;C:\Program Files\Android\Android Studio\jbr\bin\server;C:\Users\as\.gradle\native\1def1411415f61bf3af743bc5b6707747c0891f09f0c88961ee8f79bc544acac\windows-amd64;C:\Users\as\.gradle\native\0.2.7\x86_64-windows-gnu

VM Arguments:
jvm_args: --add-opens=java.base/java.lang=ALL-UNNAMED --add-opens=java.base/java.lang.invoke=ALL-UNNAMED --add-opens=java.base/java.util=ALL-UNNAMED --add-opens=java.prefs/java.util.prefs=ALL-UNNAMED --add-exports=jdk.compiler/com.sun.tools.javac.api=ALL-UNNAMED --add-exports=jdk.compiler/com.sun.tools.javac.util=ALL-UNNAMED --add-opens=java.base/java.util=ALL-UNNAMED --add-opens=java.prefs/java.util.prefs=ALL-UNNAMED --add-opens=java.base/java.nio.charset=ALL-UNNAMED --add-opens=java.base/java.net=ALL-UNNAMED --add-opens=java.base/java.util.concurrent.atomic=ALL-UNNAMED --add-opens=java.xml/javax.xml.namespace=ALL-UNNAMED -Xmx2048m -Dfile.encoding=UTF-8 -Duser.country=US -Duser.language=en -Duser.variant -javaagent:C:\Users\as\.gradle\wrapper\dists\gradle-8.13-bin\5xuhj0ry160q40clulazy9h7d\gradle-8.13\lib\agents\gradle-instrumentation-agent-8.13.jar 
java_command: org.gradle.launcher.daemon.bootstrap.GradleDaemon 8.13
java_class_path (initial): C:\Users\as\.gradle\wrapper\dists\gradle-8.13-bin\5xuhj0ry160q40clulazy9h7d\gradle-8.13\lib\gradle-daemon-main-8.13.jar
Launcher Type: SUN_STANDARD

[Global flags]
     intx CICompilerCount                          = 12                                        {product} {ergonomic}
     uint ConcGCThreads                            = 4                                         {product} {ergonomic}
     uint G1ConcRefinementThreads                  = 15                                        {product} {ergonomic}
   size_t G1HeapRegionSize                         = 1048576                                   {product} {ergonomic}
    uintx GCDrainStackTargetSize                   = 64                                        {product} {ergonomic}
   size_t InitialHeapSize                          = 262144000                                 {product} {ergonomic}
   size_t MarkStackSize                            = 4194304                                   {product} {ergonomic}
   size_t MaxHeapSize                              = 2147483648                                {product} {command line}
   size_t MaxNewSize                               = 1287651328                                {product} {ergonomic}
   size_t MinHeapDeltaBytes                        = 1048576                                   {product} {ergonomic}
   size_t MinHeapSize                              = 8388608                                   {product} {ergonomic}
    uintx NonNMethodCodeHeapSize                   = 7602480                                {pd product} {ergonomic}
    uintx NonProfiledCodeHeapSize                  = 122027880                              {pd product} {ergonomic}
    uintx ProfiledCodeHeapSize                     = 122027880                              {pd product} {ergonomic}
    uintx ReservedCodeCacheSize                    = 251658240                              {pd product} {ergonomic}
     bool SegmentedCodeCache                       = true                                      {product} {ergonomic}
   size_t SoftMaxHeapSize                          = 2147483648                             {manageable} {ergonomic}
     bool UseCompressedOops                        = true                           {product lp64_product} {ergonomic}
     bool UseG1GC                                  = true                                      {product} {ergonomic}
     bool UseLargePagesIndividualAllocation        = false                                  {pd product} {ergonomic}

Logging:
Log output configuration:
 #0: stdout all=warning uptime,level,tags foldmultilines=false
 #1: stderr all=off uptime,level,tags foldmultilines=false

Environment Variables:
PATH=C:\Program Files\Common Files\Oracle\Java\javapath;C:\Program Files (x86)\VMware\VMware Workstation\bin\;C:\Windows\system32;C:\Windows;C:\Windows\System32\Wbem;C:\Windows\System32\WindowsPowerShell\v1.0\;C:\Windows\System32\OpenSSH\;C:\Program Files (x86)\NVIDIA Corporation\PhysX\Common;C:\Program Files\NVIDIA Corporation\NVIDIA NvDLISR;C:\Program Files\dotnet\;C:\Program Files\Git\cmd;C:\Program Files\Docker\Docker\resources\bin;C:\Program Files\TortoiseGit\bin;C:\Program Files\Cloudflare\Cloudflare WARP\;C:\Users\as\AppData\Local\Programs\Python\Python312\Scripts\;C:\Users\as\AppData\Local\Programs\Python\Python312\;C:\Users\as\AppData\Local\Programs\Python\Python311\Scripts\;C:\Users\as\AppData\Local\Programs\Python\Python311\;C:\Users\as\AppData\Local\Microsoft\WindowsApps;C:\Users\as\AppData\Local\Programs\Microsoft VS Code\bin;C:\Users\as\AppData\Local\JetBrains\Toolbox\scripts;C:\maven\apache-maven-3.9.11\bin;C:\Users\as\AppData\Local\Programs\Antigravity\bin
USERNAME=as
OS=Windows_NT
PROCESSOR_IDENTIFIER=Intel64 Family 6 Model 183 Stepping 1, GenuineIntel
TMP=C:\Users\as\AppData\Local\Temp
TEMP=C:\Users\as\AppData\Local\Temp




Periodic native trim disabled

JNI global refs:
JNI global refs: 36, weak refs: 0

JNI global refs memory usage: 835, weak refs: 201

Process memory usage:
Resident Set Size: 458836K (2% of 16383452K total physical memory with 1016656K free physical memory)

OOME stack traces (most recent first):
Classloader memory used:
Loader org.gradle.internal.classloader.VisitableURLClassLoader                         : 42299K
Loader bootstrap                                                                       : 27948K
Loader org.gradle.internal.classloader.VisitableURLClassLoader$InstrumentingVisitableURLClassLoader: 27687K
Loader org.gradle.initialization.MixInLegacyTypesClassLoader                           : 12681K
Loader jdk.internal.loader.ClassLoaders$PlatformClassLoader                            : 526K
Loader jdk.internal.reflect.DelegatingClassLoader                                      : 237K
Loader jdk.internal.loader.ClassLoaders$AppClassLoader                                 : 235K
Loader org.gradle.internal.classloader.VisitableURLClassLoader                         : 163K
Loader org.gradle.groovy.scripts.internal.DefaultScriptCompilationHandler$ScriptClassLoader: 135K
Loader org.codehaus.groovy.runtime.callsite.CallSiteClassLoader                        : 27512B

Classes loaded by more than one classloader:
Class Program                                                                         : loaded 5 times (x 72B)
Class Build_gradle                                                                    : loaded 3 times (x 130B)
Class Build_gradle$1                                                                  : loaded 3 times (x 74B)
Class org.gradle.internal.classloader.FilteringClassLoader                            : loaded 2 times (x 105B)
Class com.google.common.base.CharMatcher$IsEither                                     : loaded 2 times (x 111B)
Class org.gradle.internal.classloader.ClassLoaderHierarchy                            : loaded 2 times (x 70B)
Class com.google.common.collect.ImmutableEnumSet                                      : loaded 2 times (x 146B)
Class com.google.common.util.concurrent.ExecutionError                                : loaded 2 times (x 82B)
Class com.google.common.collect.ImmutableList$1                                       : loaded 2 times (x 97B)
Class org.gradle.api.internal.classpath.ManifestUtil                                  : loaded 2 times (x 71B)
Class com.google.common.collect.RegularImmutableMap                                   : loaded 2 times (x 121B)
Class com.google.common.collect.ImmutableMap$MapViewOfValuesAsSingletonSets           : loaded 2 times (x 126B)
Class ijKotlinCoroutineJvmDebugInit1_3guv0jpcp66tv47jpatbgsnka$_run_closure1$_closure2: loaded 2 times (x 139B)
Class [Lorg.objectweb.asm.Symbol;                                                     : loaded 2 times (x 69B)
Class org.objectweb.asm.ClassVisitor                                                  : loaded 2 times (x 88B)
Class com.google.common.collect.UnmodifiableListIterator                              : loaded 2 times (x 95B)
Class com.google.common.base.Platform$JdkPatternCompiler                              : loaded 2 times (x 75B)
Class org.objectweb.asm.MethodTooLargeException                                       : loaded 2 times (x 83B)
Class [Lcom.google.common.cache.CacheBuilder$OneWeigher;                              : loaded 2 times (x 69B)
Class com.google.common.base.Suppliers                                                : loaded 2 times (x 71B)
Class org.gradle.internal.classloader.DefaultClassLoaderFactory                       : loaded 2 times (x 82B)
Class org.gradle.internal.classloader.ClassLoaderVisitor                              : loaded 2 times (x 76B)
Class [Lcom.google.common.collect.ImmutableMapEntry;                                  : loaded 2 times (x 69B)
Class org.gradle.api.internal.classpath.EffectiveClassPath                            : loaded 2 times (x 90B)
Class com.google.common.collect.ListMultimap                                          : loaded 2 times (x 70B)
Class com.google.common.collect.ImmutableEnumMap                                      : loaded 2 times (x 126B)
Class com.google.common.collect.Sets$1                                                : loaded 2 times (x 139B)
Class org.objectweb.asm.AnnotationVisitor                                             : loaded 2 times (x 78B)
Class org.gradle.api.internal.DefaultClassPathProvider                                : loaded 2 times (x 76B)
Class com.google.common.collect.Sets$2                                                : loaded 2 times (x 139B)
Class [Lorg.gradle.api.internal.ClassPathProvider;                                    : loaded 2 times (x 69B)
Class org.gradle.api.internal.ClassPathProvider                                       : loaded 2 times (x 70B)
Class [Lorg.objectweb.asm.AnnotationVisitor;                                          : loaded 2 times (x 69B)
Class com.google.common.collect.Sets$3                                                : loaded 2 times (x 139B)
Class com.google.common.util.concurrent.AbstractFuture$SafeAtomicHelper               : loaded 2 times (x 79B)
Class com.google.common.cache.LocalCache$LocalLoadingCache                            : loaded 2 times (x 134B)
Class org.gradle.internal.service.UnknownServiceException                             : loaded 2 times (x 83B)
Class com.google.common.collect.Sets$4                                                : loaded 2 times (x 139B)
Class org.objectweb.asm.ModuleVisitor                                                 : loaded 2 times (x 81B)
Class com.google.common.cache.LocalCache$Strength$1                                   : loaded 2 times (x 81B)
Class com.google.common.util.concurrent.SettableFuture                                : loaded 2 times (x 114B)
Class com.google.common.cache.LocalCache$Strength$2                                   : loaded 2 times (x 81B)
Class com.google.common.cache.LocalCache$Strength$3                                   : loaded 2 times (x 81B)
Class com.google.common.collect.MapDifference                                         : loaded 2 times (x 70B)
Class org.objectweb.asm.FieldWriter                                                   : loaded 2 times (x 78B)
Class com.google.common.cache.CacheBuilder$NullListener                               : loaded 2 times (x 82B)
Class org.gradle.internal.classpath.TransformedClassPath                              : loaded 2 times (x 96B)
Class org.gradle.internal.classloader.InstrumentingClassLoader                        : loaded 2 times (x 70B)
Class com.google.common.cache.CacheLoader$FunctionToCacheLoader                       : loaded 2 times (x 75B)
Class com.google.common.collect.Iterators$ArrayItr                                    : loaded 2 times (x 97B)
Class com.google.common.collect.ImmutableCollection$Builder                           : loaded 2 times (x 76B)
Class com.google.common.base.Joiner                                                   : loaded 2 times (x 79B)
Class com.google.common.base.MoreObjects                                              : loaded 2 times (x 71B)
Class com.google.common.collect.Platform                                              : loaded 2 times (x 71B)
Class [Lorg.objectweb.asm.Type;                                                       : loaded 2 times (x 69B)
Class com.google.common.collect.UnmodifiableIterator                                  : loaded 2 times (x 80B)
Class org.gradle.internal.service.ServiceLocator                                      : loaded 2 times (x 70B)
Class com.google.common.base.Ascii                                                    : loaded 2 times (x 71B)
Class com.google.common.collect.SingletonImmutableBiMap                               : loaded 2 times (x 143B)
Class com.google.common.cache.LocalCache$1                                            : loaded 2 times (x 89B)
Class com.google.common.collect.AbstractMapEntry                                      : loaded 2 times (x 81B)
Class com.google.common.collect.Sets$ImprovedAbstractSet                              : loaded 2 times (x 135B)
Class com.google.common.collect.ImmutableList$Builder                                 : loaded 2 times (x 77B)
Class com.google.common.collect.AbstractMultimap                                      : loaded 2 times (x 123B)
Class com.google.common.cache.LocalCache$2                                            : loaded 2 times (x 142B)
Class com.google.common.util.concurrent.AbstractFuture$UnsafeAtomicHelper$1           : loaded 2 times (x 76B)
Class com.google.common.collect.RegularImmutableAsList                                : loaded 2 times (x 217B)
Class com.google.common.util.concurrent.AbstractFuture$Trusted                        : loaded 2 times (x 70B)
Class com.google.common.collect.Iterators                                             : loaded 2 times (x 71B)
Class com.google.common.collect.Lists$StringAsImmutableList                           : loaded 2 times (x 207B)
Class com.google.common.util.concurrent.UncheckedExecutionException                   : loaded 2 times (x 82B)
Class org.gradle.kotlin.dsl.VersionCatalogAccessorsKt                                 : loaded 2 times (x 71B)
Class ijKotlinCoroutineJvmDebugInit1_3guv0jpcp66tv47jpatbgsnka                        : loaded 2 times (x 179B)
Class org.gradle.internal.InternalTransformer                                         : loaded 2 times (x 70B)
Class com.google.common.collect.AbstractMapBasedMultimap$KeySet$1                     : loaded 2 times (x 82B)
Class org.objectweb.asm.ClassWriter                                                   : loaded 2 times (x 106B)
Class com.google.common.base.CharMatcher$And                                          : loaded 2 times (x 112B)
Class com.google.common.cache.CacheLoader$UnsupportedLoadingOperationException        : loaded 2 times (x 82B)
Class org.gradle.internal.classloader.ClasspathUtil$1                                 : loaded 2 times (x 76B)
Class com.google.common.base.Objects                                                  : loaded 2 times (x 71B)
Class org.objectweb.asm.FieldVisitor                                                  : loaded 2 times (x 77B)
Class com.google.common.collect.IndexedImmutableSet                                   : loaded 2 times (x 152B)
Class com.google.common.collect.ImmutableMap$1                                        : loaded 2 times (x 81B)
Class com.google.common.collect.BiMap                                                 : loaded 2 times (x 70B)
Class org.gradle.api.internal.classpath.DefaultModuleRegistry$DefaultModule           : loaded 2 times (x 86B)
Class com.google.common.primitives.Ints                                               : loaded 2 times (x 71B)
Class com.google.common.collect.AbstractIterator                                      : loaded 2 times (x 82B)
Class com.google.common.collect.ObjectArrays                                          : loaded 2 times (x 71B)
Class com.google.common.collect.Multiset                                              : loaded 2 times (x 70B)
Class com.google.common.collect.ArrayListMultimapGwtSerializationDependencies         : loaded 2 times (x 172B)
Class com.google.common.collect.RegularImmutableMap$KeySet                            : loaded 2 times (x 152B)
Class com.google.common.math.MathPreconditions                                        : loaded 2 times (x 71B)
Class com.google.common.collect.ImmutableMapEntrySet                                  : loaded 2 times (x 152B)
Class org.gradle.api.internal.classpath.Module                                        : loaded 2 times (x 70B)
Class com.google.common.cache.Weigher                                                 : loaded 2 times (x 70B)
Class org.gradle.api.internal.classpath.UnknownModuleException                        : loaded 2 times (x 82B)
Class com.google.common.base.Stopwatch                                                : loaded 2 times (x 72B)
Class com.google.common.cache.LocalCache$Strength                                     : loaded 2 times (x 81B)
Class com.google.common.cache.Cache                                                   : loaded 2 times (x 70B)
Class com.google.common.util.concurrent.AbstractFuture$Cancellation                   : loaded 2 times (x 72B)
Class com.google.common.collect.ImmutableMap$Builder                                  : loaded 2 times (x 82B)
Class com.google.common.cache.RemovalListener                                         : loaded 2 times (x 70B)
Class ijJvmDebugger1_7gcslcwlmzr642e36slhpcly5$_run_closure1                          : loaded 2 times (x 139B)
Class org.gradle.api.internal.DefaultClassPathRegistry                                : loaded 2 times (x 76B)
Class com.google.common.primitives.IntsMethodsForWeb                                  : loaded 2 times (x 71B)
Class com.google.common.collect.Multimap                                              : loaded 2 times (x 70B)
Class org.gradle.api.internal.ClassPathRegistry                                       : loaded 2 times (x 70B)
Class org.gradle.internal.classpath.DefaultClassPath$ImmutableUniqueList              : loaded 2 times (x 199B)
Class com.google.common.base.ExtraObjectsMethodsForWeb                                : loaded 2 times (x 71B)
Class ijJvmDebugger1_7gcslcwlmzr642e36slhpcly5$_run_closure1$_closure2                : loaded 2 times (x 140B)
Class com.google.common.base.Equivalence$Identity                                     : loaded 2 times (x 82B)
Class com.google.common.cache.CacheBuilder                                            : loaded 2 times (x 72B)
Class com.google.common.collect.SingletonImmutableList                                : loaded 2 times (x 207B)
Class Settings_gradle$1                                                               : loaded 2 times (x 74B)
Class org.gradle.internal.classpath.ClassPath                                         : loaded 2 times (x 70B)
Class org.gradle.api.UncheckedIOException                                             : loaded 2 times (x 82B)
Class com.google.common.base.JdkPattern                                               : loaded 2 times (x 75B)
Class com.google.common.collect.ImmutableList$ReverseImmutableList                    : loaded 2 times (x 209B)
Class org.objectweb.asm.SymbolTable$Entry                                             : loaded 2 times (x 74B)
Class com.google.common.util.concurrent.AbstractFuture$AtomicHelper                   : loaded 2 times (x 78B)
Class org.objectweb.asm.Edge                                                          : loaded 2 times (x 72B)
Class com.google.common.base.Suppliers$SupplierOfInstance                             : loaded 2 times (x 79B)
Class com.google.common.collect.Iterators$1                                           : loaded 2 times (x 81B)
Class com.google.common.cache.LocalCache$ComputingValueReference                      : loaded 2 times (x 96B)
Class com.google.common.collect.SingletonImmutableSet                                 : loaded 2 times (x 146B)
Class com.google.common.collect.ImmutableMap$IteratorBasedImmutableMap                : loaded 2 times (x 126B)
Class com.google.common.cache.LocalCache$Segment                                      : loaded 2 times (x 154B)
Class com.google.common.collect.AbstractListMultimap                                  : loaded 2 times (x 172B)
Class [Lorg.objectweb.asm.SymbolTable$Entry;                                          : loaded 2 times (x 69B)
Class com.google.common.cache.CacheLoader                                             : loaded 2 times (x 74B)
Class com.google.common.collect.Iterators$4                                           : loaded 2 times (x 82B)
Class com.google.common.collect.ImmutableBiMap                                        : loaded 2 times (x 143B)
Class org.gradle.internal.installation.GradleInstallation$1                           : loaded 2 times (x 75B)
Class org.gradle.api.internal.classpath.ModuleRegistry                                : loaded 2 times (x 70B)
Class com.google.common.util.concurrent.internal.InternalFutureFailureAccess          : loaded 2 times (x 72B)
Class com.google.common.collect.Iterators$5                                           : loaded 2 times (x 82B)
Class com.google.common.collect.ImmutableSet$JdkBackedSetBuilderImpl                  : loaded 2 times (x 76B)
Class com.google.common.util.concurrent.AbstractFuture$UnsafeAtomicHelper             : loaded 2 times (x 78B)
Class com.google.common.base.CharMatcher$ForPredicate                                 : loaded 2 times (x 112B)
Class com.google.common.cache.LocalCache$LocalManualCache$1                           : loaded 2 times (x 75B)
Class com.google.common.base.CharMatcher$AnyOf                                        : loaded 2 times (x 112B)
Class com.google.common.collect.ImmutableCollection                                   : loaded 2 times (x 125B)
Class org.gradle.api.internal.classpath.DefaultModuleRegistry                         : loaded 2 times (x 86B)
Class com.google.common.collect.Lists                                                 : loaded 2 times (x 71B)
Class com.google.common.util.concurrent.ListenableFuture                              : loaded 2 times (x 70B)
Class com.google.common.cache.ReferenceEntry                                          : loaded 2 times (x 70B)
Class com.google.common.base.Converter                                                : loaded 2 times (x 90B)
Class com.google.common.collect.ImmutableSet$CachingAsList                            : loaded 2 times (x 148B)
Class com.google.common.collect.AbstractMapBasedMultimap                              : loaded 2 times (x 139B)
Class com.google.common.util.concurrent.AbstractFuture                                : loaded 2 times (x 106B)
Class com.google.common.base.FunctionalEquivalence                                    : loaded 2 times (x 83B)
Class com.google.common.collect.Iterators$9                                           : loaded 2 times (x 81B)
Class com.google.common.collect.ImmutableAsList                                       : loaded 2 times (x 209B)
Class org.objectweb.asm.RecordComponentVisitor                                        : loaded 2 times (x 77B)
Class com.google.common.cache.CacheLoader$SupplierToCacheLoader                       : loaded 2 times (x 75B)
Class com.google.common.collect.Maps$EntryTransformer                                 : loaded 2 times (x 70B)
Class org.gradle.internal.service.ServiceLookupException                              : loaded 2 times (x 82B)
Class [Lcom.google.common.cache.LocalCache$EntryFactory;                              : loaded 2 times (x 69B)
Class org.gradle.internal.classloader.ClassLoaderFactory                              : loaded 2 times (x 70B)
Class com.google.common.base.CommonPattern                                            : loaded 2 times (x 74B)
Class com.google.common.base.CharMatcher$IsNot                                        : loaded 2 times (x 111B)
Class com.google.common.cache.LocalCache$LocalManualCache                             : loaded 2 times (x 99B)
Class org.gradle.internal.service.CachingServiceLocator                               : loaded 2 times (x 82B)
Class com.google.common.collect.AbstractMapBasedMultimap$KeySet                       : loaded 2 times (x 137B)
Class com.google.common.math.IntMath                                                  : loaded 2 times (x 71B)
Class com.google.common.collect.ImmutableMapEntry                                     : loaded 2 times (x 85B)
Class com.google.common.base.Equivalence                                              : loaded 2 times (x 82B)
Class com.google.common.base.Function                                                 : loaded 2 times (x 70B)
Class com.google.common.collect.ImmutableMapEntry$NonTerminalImmutableMapEntry        : loaded 2 times (x 85B)
Class com.google.common.collect.IndexedImmutableSet$1                                 : loaded 2 times (x 213B)
Class com.google.common.cache.CacheBuilder$OneWeigher                                 : loaded 2 times (x 82B)
Class com.google.common.collect.RegularImmutableList                                  : loaded 2 times (x 213B)
Class org.gradle.internal.classloader.ClasspathUtil                                   : loaded 2 times (x 71B)
Class com.google.common.base.Charsets                                                 : loaded 2 times (x 71B)
Class com.google.common.util.concurrent.Uninterruptibles                              : loaded 2 times (x 71B)
Class com.google.common.collect.Maps                                                  : loaded 2 times (x 71B)
Class org.gradle.api.specs.Spec                                                       : loaded 2 times (x 70B)
Class [Lcom.google.common.collect.ImmutableEntry;                                     : loaded 2 times (x 69B)
Class com.google.common.cache.LocalCache$LoadingValueReference                        : loaded 2 times (x 96B)
Class com.google.common.collect.AbstractIndexedListIterator                           : loaded 2 times (x 96B)
Class com.google.common.base.Platform                                                 : loaded 2 times (x 71B)
Class [Lorg.objectweb.asm.AnnotationWriter;                                           : loaded 2 times (x 69B)
Class com.google.common.collect.Maps$8                                                : loaded 2 times (x 82B)
Class com.google.common.collect.Sets$SetView                                          : loaded 2 times (x 138B)
Class com.google.common.cache.LocalCache$StrongValueReference                         : loaded 2 times (x 90B)
Class com.google.common.util.concurrent.AbstractFuture$SynchronizedHelper             : loaded 2 times (x 78B)
Class org.objectweb.asm.Type                                                          : loaded 2 times (x 72B)
Class org.gradle.internal.classloader.VisitableURLClassLoader$InstrumentingVisitableURLClassLoader: loaded 2 times (x 123B)
Class org.objectweb.asm.ByteVector                                                    : loaded 2 times (x 79B)
Class [Lcom.google.common.cache.CacheBuilder$NullListener;                            : loaded 2 times (x 69B)
Class com.google.common.math.IntMath$1                                                : loaded 2 times (x 71B)
Class org.gradle.internal.classloader.VisitableURLClassLoader$Spec                    : loaded 2 times (x 74B)
Class org.gradle.internal.classpath.DefaultClassPath                                  : loaded 2 times (x 90B)
Class org.objectweb.asm.Symbol                                                        : loaded 2 times (x 73B)
Class com.google.common.base.CharMatcher$Ascii                                        : loaded 2 times (x 112B)
Class com.google.common.base.CharMatcher$BitSetMatcher                                : loaded 2 times (x 112B)
Class com.google.common.collect.ImmutableSet                                          : loaded 2 times (x 145B)
Class com.google.common.collect.RegularImmutableMap$Values                            : loaded 2 times (x 207B)
Class org.gradle.internal.classloader.ClassLoaderSpec                                 : loaded 2 times (x 71B)
Class org.objectweb.asm.AnnotationWriter                                              : loaded 2 times (x 79B)
Class com.google.common.cache.CacheStats                                              : loaded 2 times (x 71B)
Class org.objectweb.asm.RecordComponentWriter                                         : loaded 2 times (x 78B)
Class com.google.common.util.concurrent.AbstractFuture$Listener                       : loaded 2 times (x 72B)
Class com.google.common.base.CharMatcher$Or                                           : loaded 2 times (x 112B)
Class Settings_gradle$1$1                                                             : loaded 2 times (x 74B)
Class org.objectweb.asm.Attribute                                                     : loaded 2 times (x 77B)
Class com.google.common.base.Supplier                                                 : loaded 2 times (x 70B)
Class org.gradle.internal.classloader.VisitableURLClassLoader                         : loaded 2 times (x 117B)
Class com.google.common.util.concurrent.AbstractFuture$Waiter                         : loaded 2 times (x 72B)
Class Settings_gradle                                                                 : loaded 2 times (x 128B)
Class org.gradle.internal.Cast                                                        : loaded 2 times (x 71B)
Class org.gradle.api.Action                                                           : loaded 2 times (x 70B)
Class com.google.common.base.Strings                                                  : loaded 2 times (x 71B)
Class com.google.common.collect.Sets                                                  : loaded 2 times (x 71B)
Class org.objectweb.asm.Handler                                                       : loaded 2 times (x 72B)
Class com.google.common.base.CharMatcher$FastMatcher                                  : loaded 2 times (x 111B)
Class com.google.common.base.Ticker                                                   : loaded 2 times (x 72B)
Class [Lcom.google.common.cache.LocalCache$Segment;                                   : loaded 2 times (x 69B)
Class com.google.common.base.Predicate                                                : loaded 2 times (x 70B)
Class [Lcom.google.common.cache.LocalCache$Strength;                                  : loaded 2 times (x 69B)
Class com.google.common.cache.CacheBuilder$1                                          : loaded 2 times (x 85B)
Class com.google.common.collect.ImmutableMap                                          : loaded 2 times (x 120B)
Class org.gradle.internal.classpath.DefaultClassPath$ImmutableUniqueList$Builder      : loaded 2 times (x 75B)
Class com.google.common.base.CharMatcher$NegatedFastMatcher                           : loaded 2 times (x 113B)
Class com.google.common.cache.LocalCache                                              : loaded 2 times (x 187B)
Class com.google.common.cache.CacheBuilder$2                                          : loaded 2 times (x 79B)
Class com.google.common.collect.ArrayListMultimap                                     : loaded 2 times (x 172B)
Class com.google.common.cache.CacheBuilder$3                                          : loaded 2 times (x 72B)
Class [Lcom.google.common.collect.AbstractMapEntry;                                   : loaded 2 times (x 69B)
Class com.google.common.collect.ImmutableEntry                                        : loaded 2 times (x 82B)
Class org.gradle.api.GradleException                                                  : loaded 2 times (x 82B)
Class com.google.common.collect.CollectPreconditions                                  : loaded 2 times (x 71B)
Class com.google.common.collect.SortedMapDifference                                   : loaded 2 times (x 70B)
Class com.google.common.cache.LocalCache$EntryFactory                                 : loaded 2 times (x 83B)
Class com.google.common.cache.LocalCache$AbstractReferenceEntry                       : loaded 2 times (x 107B)
Class org.gradle.internal.IoActions                                                   : loaded 2 times (x 71B)
Class org.objectweb.asm.SymbolTable                                                   : loaded 2 times (x 72B)
Class com.google.common.cache.CacheLoader$InvalidCacheLoadException                   : loaded 2 times (x 82B)
Class com.google.common.collect.ImmutableSet$RegularSetBuilderImpl                    : loaded 2 times (x 77B)
Class org.gradle.internal.classloader.SystemClassLoaderSpec                           : loaded 2 times (x 71B)
Class com.google.common.cache.LocalCache$StrongEntry                                  : loaded 2 times (x 108B)
Class com.google.common.util.concurrent.AbstractFuture$TrustedFuture                  : loaded 2 times (x 114B)
Class com.google.common.cache.LoadingCache                                            : loaded 2 times (x 70B)
Class ijKotlinCoroutineJvmDebugInit1_3guv0jpcp66tv47jpatbgsnka$_run_closure1          : loaded 2 times (x 139B)
Class org.objectweb.asm.MethodWriter                                                  : loaded 2 times (x 106B)
Class [Lcom.google.common.cache.Weigher;                                              : loaded 2 times (x 69B)
Class com.google.common.collect.RegularImmutableMap$BucketOverflowException           : loaded 2 times (x 82B)
Class com.google.common.collect.RegularImmutableBiMap                                 : loaded 2 times (x 149B)
Class com.google.common.base.CharMatcher$Negated                                      : loaded 2 times (x 113B)
Class com.google.common.base.CharMatcher$Is                                           : loaded 2 times (x 111B)
Class com.google.common.cache.LocalCache$ValueReference                               : loaded 2 times (x 70B)
Class com.google.common.base.PatternCompiler                                          : loaded 2 times (x 70B)
Class com.google.common.util.concurrent.AbstractFuture$Failure                        : loaded 2 times (x 72B)
Class com.google.common.base.Equivalence$Equals                                       : loaded 2 times (x 82B)
Class com.google.common.collect.Hashing                                               : loaded 2 times (x 71B)
Class com.google.common.base.Preconditions                                            : loaded 2 times (x 71B)
Class com.google.common.base.Joiner$1                                                 : loaded 2 times (x 80B)
Class org.objectweb.asm.Label                                                         : loaded 2 times (x 73B)
Class org.objectweb.asm.CurrentFrame                                                  : loaded 2 times (x 73B)
Class org.objectweb.asm.ClassTooLargeException                                        : loaded 2 times (x 83B)
Class com.google.common.base.CharMatcher                                              : loaded 2 times (x 111B)
Class com.google.common.collect.PeekingIterator                                       : loaded 2 times (x 70B)
Class com.google.common.base.Joiner$2                                                 : loaded 2 times (x 79B)
Class org.objectweb.asm.Frame                                                         : loaded 2 times (x 73B)
Class org.objectweb.asm.MethodVisitor                                                 : loaded 2 times (x 105B)
Class com.google.common.base.CharMatcher$NamedFastMatcher                             : loaded 2 times (x 112B)
Class com.google.common.base.CharMatcher$1                                            : loaded 2 times (x 113B)
Class com.google.common.cache.LocalCache$EntryFactory$1                               : loaded 2 times (x 83B)
Class [Lcom.google.common.cache.RemovalListener;                                      : loaded 2 times (x 69B)
Class com.google.common.cache.LocalCache$EntryFactory$2                               : loaded 2 times (x 83B)
Class ijJvmDebugger1_7gcslcwlmzr642e36slhpcly5                                        : loaded 2 times (x 179B)
Class org.gradle.api.internal.classpath.GlobalCacheRootsProvider                      : loaded 2 times (x 70B)
Class org.objectweb.asm.ModuleWriter                                                  : loaded 2 times (x 82B)
Class com.google.common.cache.LocalCache$EntryFactory$3                               : loaded 2 times (x 83B)
Class com.google.common.base.Ticker$1                                                 : loaded 2 times (x 72B)
Class com.google.common.collect.Maps$BiMapConverter                                   : loaded 2 times (x 90B)
Class com.google.common.collect.ImmutableMapEntrySet$RegularEntrySet                  : loaded 2 times (x 152B)
Class com.google.common.base.CharMatcher$InRange                                      : loaded 2 times (x 111B)
Class com.google.common.cache.LocalCache$EntryFactory$4                               : loaded 2 times (x 83B)
Class com.google.common.collect.ImmutableSet$Builder                                  : loaded 2 times (x 85B)
Class com.google.common.cache.LocalCache$EntryFactory$5                               : loaded 2 times (x 83B)
Class com.google.common.base.PairwiseEquivalence                                      : loaded 2 times (x 83B)
Class com.google.common.cache.LocalCache$EntryFactory$6                               : loaded 2 times (x 83B)
Class org.gradle.internal.installation.CurrentGradleInstallationLocator               : loaded 2 times (x 71B)
Class com.google.common.collect.Maps$KeySet                                           : loaded 2 times (x 137B)
Class com.google.common.cache.LocalCache$EntryFactory$7                               : loaded 2 times (x 83B)
Class com.google.common.collect.ImmutableSet$EmptySetBuilderImpl                      : loaded 2 times (x 76B)
Class com.google.common.collect.ImmutableList                                         : loaded 2 times (x 206B)
Class org.gradle.internal.service.DefaultServiceLocator                               : loaded 2 times (x 83B)
Class com.google.common.cache.LocalCache$EntryFactory$8                               : loaded 2 times (x 83B)
Class com.google.common.collect.ImmutableSet$SetBuilderImpl                           : loaded 2 times (x 76B)
Class org.gradle.internal.installation.CurrentGradleInstallation                      : loaded 2 times (x 73B)
Class com.google.common.cache.CacheLoader$1                                           : loaded 2 times (x 75B)
Class com.google.common.collect.ImmutableList$SubList                                 : loaded 2 times (x 209B)
Class org.gradle.util.internal.GUtil                                                  : loaded 2 times (x 71B)
Class com.google.common.util.concurrent.AbstractFuture$SetFuture                      : loaded 2 times (x 75B)
Class com.google.common.cache.AbstractCache$StatsCounter                              : loaded 2 times (x 70B)
Class com.google.common.collect.Iterators$MergingIterator                             : loaded 2 times (x 81B)
Class com.google.common.collect.RegularImmutableSet                                   : loaded 2 times (x 149B)
Class org.gradle.internal.installation.GradleInstallation                             : loaded 2 times (x 75B)
Class com.google.common.collect.Iterables                                             : loaded 2 times (x 71B)

---------------  S Y S T E M  ---------------

OS:
 Windows 11 , 64 bit Build 26100 (10.0.26100.7019)
OS uptime: 2 days 14:17 hours
Hyper-V role detected

CPU: total 20 (initial active 20) (10 cores per cpu, 2 threads per core) family 6 model 183 stepping 1 microcode 0x12b, cx8, cmov, fxsr, ht, mmx, 3dnowpref, sse, sse2, sse3, ssse3, sse4.1, sse4.2, popcnt, lzcnt, tsc, tscinvbit, avx, avx2, aes, erms, clmul, bmi1, bmi2, adx, sha, fma, vzeroupper, clflush, clflushopt, clwb, hv, serialize, rdtscp, rdpid, fsrm, f16c, cet_ibt, cet_ss
Processor Information for the first 20 processors :
  Max Mhz: 2600, Current Mhz: 2600, Mhz Limit: 2600

Memory: 4k page, system-wide physical 15999M (989M free)
TotalPageFile size 41599M (AvailPageFile size 37M)
current process WorkingSet (physical memory assigned to process): 450M, peak: 474M
current process commit charge ("private bytes"): 506M, peak: 532M

vm_info: OpenJDK 64-Bit Server VM (21.0.8+-14196175-b1038.72) for windows-amd64 JRE (21.0.8+-14196175-b1038.72), built on 2025-10-01T10:24:33Z by "builder" with MS VC++ 16.10 / 16.11 (VS2019)

END.
