#
# There is insufficient memory for the Java Runtime Environment to continue.
# Native memory allocation (mmap) failed to map 133169152 bytes. Error detail: G1 virtual space
# Possible reasons:
#   The system is out of physical RAM or swap space
#   This process is running with CompressedOops enabled, and the Java Heap may be blocking the growth of the native heap
# Possible solutions:
#   Reduce memory load on the system
#   Increase physical memory or swap space
#   Check if swap backing store is full
#   Decrease Java heap size (-Xmx/-Xms)
#   Decrease number of Java threads
#   Decrease Java thread stack sizes (-Xss)
#   Set larger code cache with -XX:ReservedCodeCacheSize=
#   JVM is running with Unscaled Compressed Oops mode in which the Java heap is
#     placed in the first 4GB address space. The Java Heap base address is the
#     maximum limit for the native heap growth. Please use -XX:HeapBaseMinAddress
#     to set the Java Heap base and to place the Java Heap above 4GB virtual address.
# This output file may be truncated or incomplete.
#
#  Out of Memory Error (os_windows.cpp:3925), pid=23508, tid=7996
#
# JRE version: OpenJDK Runtime Environment (21.0.8) (build 21.0.8+-14196175-b1038.72)
# Java VM: OpenJDK 64-Bit Server VM (21.0.8+-14196175-b1038.72, mixed mode, tiered, compressed oops, compressed class ptrs, g1 gc, windows-amd64)
# No core dump will be written. Minidumps are not enabled by default on client versions of Windows
#

---------------  S U M M A R Y ------------

Command Line: --add-opens=java.base/java.lang=ALL-UNNAMED --add-opens=java.base/java.lang.invoke=ALL-UNNAMED --add-opens=java.base/java.util=ALL-UNNAMED --add-opens=java.prefs/java.util.prefs=ALL-UNNAMED --add-exports=jdk.compiler/com.sun.tools.javac.api=ALL-UNNAMED --add-exports=jdk.compiler/com.sun.tools.javac.util=ALL-UNNAMED --add-opens=java.base/java.util=ALL-UNNAMED --add-opens=java.prefs/java.util.prefs=ALL-UNNAMED --add-opens=java.base/java.nio.charset=ALL-UNNAMED --add-opens=java.base/java.net=ALL-UNNAMED --add-opens=java.base/java.util.concurrent.atomic=ALL-UNNAMED --add-opens=java.xml/javax.xml.namespace=ALL-UNNAMED -Xmx2048m -Dfile.encoding=UTF-8 -Duser.country=US -Duser.language=en -Duser.variant -javaagent:C:\Users\as\.gradle\wrapper\dists\gradle-8.13-bin\5xuhj0ry160q40clulazy9h7d\gradle-8.13\lib\agents\gradle-instrumentation-agent-8.13.jar org.gradle.launcher.daemon.bootstrap.GradleDaemon 8.13

Host: 13th Gen Intel(R) Core(TM) i7-13650HX, 20 cores, 15G,  Windows 11 , 64 bit Build 26100 (10.0.26100.7019)
Time: Sat Dec  6 23:28:18 2025 SE Asia Standard Time elapsed time: 49.412730 seconds (0d 0h 0m 49s)

---------------  T H R E A D  ---------------

Current thread (0x00000188e6bdea30):  VMThread "VM Thread"          [id=7996, stack(0x0000007a0ac00000,0x0000007a0ad00000) (1024K)]

Stack: [0x0000007a0ac00000,0x0000007a0ad00000]
Native frames: (J=compiled Java code, j=interpreted, Vv=VM code, C=native code)
V  [jvm.dll+0x6d68d9]
V  [jvm.dll+0x866693]
V  [jvm.dll+0x868c4e]
V  [jvm.dll+0x869333]
V  [jvm.dll+0x280566]
V  [jvm.dll+0x6d3195]
V  [jvm.dll+0x6c69ea]
V  [jvm.dll+0x3586db]
V  [jvm.dll+0x360336]
V  [jvm.dll+0x3b23f6]
V  [jvm.dll+0x3b26c8]
V  [jvm.dll+0x32ae6c]
V  [jvm.dll+0x32d806]
V  [jvm.dll+0x3376dd]
V  [jvm.dll+0x36ee15]
V  [jvm.dll+0x86f0b8]
V  [jvm.dll+0x870434]
V  [jvm.dll+0x870970]
V  [jvm.dll+0x870c03]
V  [jvm.dll+0x80eac8]
V  [jvm.dll+0x6d512d]
C  [ucrtbase.dll+0x37b0]
C  [KERNEL32.DLL+0x2e8d7]
C  [ntdll.dll+0x8c53c]

VM_Operation (0x0000007a0a7ff800): G1PauseRemark, mode: safepoint, requested by thread 0x00000188ceca8020


---------------  P R O C E S S  ---------------

Threads class SMR info:
_java_thread_list=0x00000188fcccf5f0, length=327, elements={
0x00000188cec39fc0, 0x00000188e747a430, 0x00000188e747e530, 0x00000188e747ef90,
0x00000188e74801d0, 0x00000188e7480840, 0x00000188e74a65e0, 0x00000188e74a6c50,
0x00000188e74af9f0, 0x00000188e74c34a0, 0x00000188ec0f0470, 0x00000188ed963f50,
0x00000188edbb8bf0, 0x00000188edf2b2a0, 0x00000188ed9f30c0, 0x00000188edb685a0,
0x00000188edb8e750, 0x00000188ee105c60, 0x00000188ee1048b0, 0x00000188ee104220,
0x00000188ee1055d0, 0x00000188ee103500, 0x00000188ee107010, 0x00000188ee103b90,
0x00000188ee10ab20, 0x00000188ee108a50, 0x00000188ee109770, 0x00000188ee109e00,
0x00000188ee1076a0, 0x00000188ee107d30, 0x00000188ee10a490, 0x00000188ee1090e0,
0x00000188ee1083c0, 0x00000188ef06d660, 0x00000188ef06b590, 0x00000188ef06c940,
0x00000188ef06a870, 0x00000188ef06cfd0, 0x00000188ef06bc20, 0x00000188ef06c2b0,
0x00000188ef06a1e0, 0x00000188ef782e40, 0x00000188f0381bd0, 0x00000188f24a7e80,
0x00000188f24a98c0, 0x00000188fc97a410, 0x00000188fc97b130, 0x00000188fc979d80,
0x00000188fc97b7c0, 0x00000188fc979060, 0x00000188fc97c4e0, 0x00000188fc97cb70,
0x00000188fc9796f0, 0x00000188fc97f2d0, 0x00000188fc97df20, 0x00000188fc97f960,
0x00000188fc97fff0, 0x00000188fc97d200, 0x00000188fc97d890, 0x00000188fc97ec40,
0x00000188fc980d10, 0x00000188f11317e0, 0x00000188fc97e5b0, 0x00000188fc980680,
0x00000188fc984820, 0x00000188fc982de0, 0x00000188fc983470, 0x00000188f1133320,
0x00000188f1131110, 0x00000188fc9820c0, 0x00000188fc983b00, 0x00000188fc9813a0,
0x00000188fc984eb0, 0x00000188fc981a30, 0x00000188fc985540, 0x00000188fc982750,
0x00000188fc987610, 0x00000188fc988330, 0x00000188fc986260, 0x00000188fc9868f0,
0x00000188fc987ca0, 0x00000188fc986f80, 0x00000188eee41260, 0x00000188eee44050,
0x00000188eee42ca0, 0x00000188eee439c0, 0x00000188eee43330, 0x00000188eee446e0,
0x00000188f11340c0, 0x00000188eee418f0, 0x00000188eee44d70, 0x00000188eee42610,
0x00000188eee45400, 0x00000188eee41f80, 0x00000188eee45a90, 0x00000188eee46e40,
0x00000188eee48880, 0x00000188eee481f0, 0x00000188eee495a0, 0x00000188eee474d0,
0x00000188eee48f10, 0x00000188eee46120, 0x00000188eee49c30, 0x00000188eee467b0,
0x00000188eee4a2c0, 0x00000188eee4a950, 0x00000188eee4afe0, 0x00000188eee47b60,
0x00000188f1132c50, 0x00000188eee4ca20, 0x00000188f1134790, 0x00000188eee4eaf0,
0x00000188eee4ddd0, 0x00000188eee4d740, 0x00000188eee4e460, 0x00000188eee4b670,
0x00000188eee4f180, 0x00000188eee4c390, 0x00000188eee4bd00, 0x00000188eee50530,
0x00000188eee4fea0, 0x00000188eee518e0, 0x00000188eee52c90, 0x00000188eee51250,
0x00000188eee4f810, 0x00000188eee53320, 0x00000188eee54040, 0x00000188eee539b0,
0x00000188eee51f70, 0x00000188eee50bc0, 0x00000188eee54d60, 0x00000188eee55a80,
0x00000188eee546d0, 0x00000188eee553f0, 0x00000188eee52600, 0x00000188eee56e30,
0x00000188eee574c0, 0x00000188eee57b50, 0x00000188eee581e0, 0x00000188eee58870,
0x00000188eee58f00, 0x00000188eee59590, 0x00000188eee56110, 0x00000188eee5afd0,
0x00000188eee59c20, 0x00000188eee5a2b0, 0x00000188eee5a940, 0x00000188eee5ddc0,
0x00000188eee5d730, 0x00000188eee5ca10, 0x00000188eee5d0a0, 0x00000188eee5eae0,
0x00000188eee5b660, 0x00000188eee5f170, 0x00000188eee5bcf0, 0x00000188eee5f800,
0x00000188eee5c380, 0x00000188eee5fe90, 0x00000188eee60520, 0x00000188fcc0c410,
0x00000188fcc0b6f0, 0x00000188fcc0bd80, 0x00000188fcc0b060, 0x00000188fcc0caa0,
0x00000188fcc0d7c0, 0x00000188fcc0d130, 0x00000188fcc0ff20, 0x00000188fcc10c40,
0x00000188fcc0eb70, 0x00000188fcc0e4e0, 0x00000188fcc0f200, 0x00000188fcc112d0,
0x00000188fcc0de50, 0x00000188fcc12d10, 0x00000188fcc105b0, 0x00000188fcc11ff0,
0x00000188fcc11960, 0x00000188fcc0f890, 0x00000188fcc14de0, 0x00000188fcc15b00,
0x00000188fcc12680, 0x00000188fcc140c0, 0x00000188fcc16190, 0x00000188fcc133a0,
0x00000188fcc16eb0, 0x00000188fcc14750, 0x00000188fcc16820, 0x00000188fcc13a30,
0x00000188fcc188f0, 0x00000188fcc19610, 0x00000188fcc19ca0, 0x00000188fcc17540,
0x00000188fcc17bd0, 0x00000188fcc18260, 0x00000188fcc18f80, 0x00000188ecec8a90,
0x00000188ecec9120, 0x00000188ecec97b0, 0x00000188ecec9e40, 0x00000188ecec69c0,
0x00000188ecec7050, 0x00000188ececab60, 0x00000188ececbf10, 0x00000188ececc5a0,
0x00000188ececa4d0, 0x00000188ececcc30, 0x00000188ececb1f0, 0x00000188f185cb50,
0x00000188f185b7a0, 0x00000188f185f940, 0x00000188f185f2b0, 0x00000188f0383ca0,
0x00000188ff36fba0, 0x00000188ff36e160, 0x00000188ff370230, 0x00000188ff36dad0,
0x00000188ff3715e0, 0x00000188ff371c70, 0x00000188ff36e7f0, 0x00000188ff372990,
0x00000188ff372300, 0x00000188ff373020, 0x00000188ff3736b0, 0x00000188ff373d40,
0x00000188ff3708c0, 0x00000188ff376b30, 0x00000188ff3764a0, 0x00000188ff3750f0,
0x00000188ff375780, 0x00000188ff3743d0, 0x00000188ff377ee0, 0x00000188ff3771c0,
0x00000188ff375e10, 0x00000188ff377850, 0x00000188ff374a60, 0x00000188ff37a640,
0x00000188ff379290, 0x00000188ff37b9f0, 0x00000188ff379920, 0x00000188ff379fb0,
0x00000188ff37acd0, 0x00000188ff37b360, 0x00000188ff378570, 0x00000188ff37c080,
0x00000188ff378c00, 0x00000188ff37c710, 0x00000188ff37f500, 0x00000188ff37fb90,
0x00000188ff37dac0, 0x00000188ff380220, 0x00000188ff370f50, 0x00000188ff37cda0,
0x00000188ff3808b0, 0x00000188ff37d430, 0x00000188ff37e7e0, 0x00000188ff380f40,
0x00000188ff3815d0, 0x00000188ff37e150, 0x00000188ff381c60, 0x00000188ff3822f0,
0x00000188ff37ee70, 0x00000188ff385e00, 0x00000188ff385770, 0x00000188ff383d30,
0x00000188ff3843c0, 0x00000188ff383010, 0x00000188ff384a50, 0x00000188ff3836a0,
0x00000188ff3850e0, 0x00000188ff382980, 0x00000188ff386490, 0x00000188ff387840,
0x00000188ff386b20, 0x00000188ff3871b0, 0x00000188ff388560, 0x00000188ff38acc0,
0x00000188ff38b350, 0x00000188ff389910, 0x00000188ff387ed0, 0x00000188ff38b9e0,
0x00000188ff38c070, 0x00000188ff388bf0, 0x00000188ff389fa0, 0x00000188ff38a630,
0x00000188ff38c700, 0x00000188ff389280, 0x00000188ff38cd90, 0x00000188f1861380,
0x00000188f1861a10, 0x00000188f1862730, 0x00000188f1862dc0, 0x00000188f1863ae0,
0x00000188f1860660, 0x00000188f1864e90, 0x00000188f18668d0, 0x00000188f1866f60,
0x00000188f18675f0, 0x00000188f1865520, 0x00000188f1865bb0, 0x00000188f1864170,
0x00000188f186aa70, 0x00000188f18696c0, 0x00000188f1869d50, 0x00000188f186a3e0,
0x00000188f1867c80, 0x00000188f1868310, 0x00000188fc98cc50, 0x00000188fc98d2e0,
0x00000188fc98bf30, 0x00000188868ed530, 0x00000188ffc18830, 0x000001888674ab60,
0x00000188860fe670, 0x00000188ffc181a0, 0x000001888d7c0ae0, 0x000001888697f1a0,
0x000001888674b1f0, 0x000001888744b720, 0x0000018886980550, 0x000001888674b880,
0x00000188868edbc0, 0x00000188860fed00, 0x00000188860fd950, 0x00000188fda95d90,
0x000001888d7bf0a0, 0x0000018886748400, 0x000001888d7bf730
}

Java Threads: ( => current thread )
  0x00000188cec39fc0 JavaThread "main"                              [_thread_blocked, id=16664, stack(0x0000007a0a500000,0x0000007a0a600000) (1024K)]
  0x00000188e747a430 JavaThread "Common-Cleaner"             daemon [_thread_blocked, id=19672, stack(0x0000007a0ad00000,0x0000007a0ae00000) (1024K)]
  0x00000188e747e530 JavaThread "Reference Handler"          daemon [_thread_blocked, id=22628, stack(0x0000007a0ae00000,0x0000007a0af00000) (1024K)]
  0x00000188e747ef90 JavaThread "Finalizer"                  daemon [_thread_blocked, id=23452, stack(0x0000007a0af00000,0x0000007a0b000000) (1024K)]
  0x00000188e74801d0 JavaThread "Signal Dispatcher"          daemon [_thread_blocked, id=12900, stack(0x0000007a0b000000,0x0000007a0b100000) (1024K)]
  0x00000188e7480840 JavaThread "Attach Listener"            daemon [_thread_blocked, id=5740, stack(0x0000007a0b100000,0x0000007a0b200000) (1024K)]
  0x00000188e74a65e0 JavaThread "Service Thread"             daemon [_thread_blocked, id=12012, stack(0x0000007a0b200000,0x0000007a0b300000) (1024K)]
  0x00000188e74a6c50 JavaThread "Monitor Deflation Thread"   daemon [_thread_blocked, id=30364, stack(0x0000007a0b300000,0x0000007a0b400000) (1024K)]
  0x00000188e74af9f0 JavaThread "C2 CompilerThread0"         daemon [_thread_blocked, id=31760, stack(0x0000007a0b400000,0x0000007a0b500000) (1024K)]
  0x00000188e74c34a0 JavaThread "C1 CompilerThread0"         daemon [_thread_blocked, id=20860, stack(0x0000007a0b500000,0x0000007a0b600000) (1024K)]
  0x00000188ec0f0470 JavaThread "Notification Thread"        daemon [_thread_blocked, id=32188, stack(0x0000007a0b800000,0x0000007a0b900000) (1024K)]
  0x00000188ed963f50 JavaThread "Daemon health stats"               [_thread_blocked, id=19504, stack(0x0000007a0c000000,0x0000007a0c100000) (1024K)]
  0x00000188edbb8bf0 JavaThread "Incoming local TCP Connector on port 53564"        [_thread_in_native, id=5892, stack(0x0000007a0c100000,0x0000007a0c200000) (1024K)]
  0x00000188edf2b2a0 JavaThread "Daemon periodic checks"            [_thread_blocked, id=21436, stack(0x0000007a0c700000,0x0000007a0c800000) (1024K)]
  0x00000188ed9f30c0 JavaThread "Daemon"                            [_thread_blocked, id=18120, stack(0x0000007a0c800000,0x0000007a0c900000) (1024K)]
  0x00000188edb685a0 JavaThread "Daemon worker"                     [_thread_blocked, id=17700, stack(0x0000007a0cb00000,0x0000007a0cc00000) (1024K)]
  0x00000188edb8e750 JavaThread "Cache worker for journal cache (C:\Users\as\.gradle\caches\journal-1)"        [_thread_blocked, id=27068, stack(0x0000007a0d600000,0x0000007a0d700000) (1024K)]
  0x00000188ee105c60 JavaThread "File lock request listener"        [_thread_in_native, id=30516, stack(0x0000007a0d700000,0x0000007a0d800000) (1024K)]
  0x00000188ee1048b0 JavaThread "Cache worker for file hash cache (C:\Users\as\.gradle\caches\8.13\fileHashes)"        [_thread_blocked, id=9416, stack(0x0000007a0b900000,0x0000007a0ba00000) (1024K)]
  0x00000188ee104220 JavaThread "File watcher server"        daemon [_thread_blocked, id=28204, stack(0x0000007a0da00000,0x0000007a0db00000) (1024K)]
  0x00000188ee1055d0 JavaThread "File watcher consumer"      daemon [_thread_blocked, id=14892, stack(0x0000007a0db00000,0x0000007a0dc00000) (1024K)]
  0x00000188ee103500 JavaThread "jar transforms"                    [_thread_blocked, id=30312, stack(0x0000007a0dc00000,0x0000007a0dd00000) (1024K)]
  0x00000188ee107010 JavaThread "jar transforms Thread 2"           [_thread_blocked, id=33936, stack(0x0000007a0dd00000,0x0000007a0de00000) (1024K)]
  0x00000188ee103b90 JavaThread "jar transforms Thread 3"           [_thread_blocked, id=9676, stack(0x0000007a0de00000,0x0000007a0df00000) (1024K)]
  0x00000188ee10ab20 JavaThread "jar transforms Thread 4"           [_thread_blocked, id=29900, stack(0x0000007a0df00000,0x0000007a0e000000) (1024K)]
  0x00000188ee108a50 JavaThread "jar transforms Thread 5"           [_thread_blocked, id=27208, stack(0x0000007a0e000000,0x0000007a0e100000) (1024K)]
  0x00000188ee109770 JavaThread "jar transforms Thread 6"           [_thread_blocked, id=33680, stack(0x0000007a0e100000,0x0000007a0e200000) (1024K)]
  0x00000188ee109e00 JavaThread "jar transforms Thread 7"           [_thread_blocked, id=23432, stack(0x0000007a0e200000,0x0000007a0e300000) (1024K)]
  0x00000188ee1076a0 JavaThread "jar transforms Thread 8"           [_thread_blocked, id=28768, stack(0x0000007a0e300000,0x0000007a0e400000) (1024K)]
  0x00000188ee107d30 JavaThread "jar transforms Thread 9"           [_thread_blocked, id=22480, stack(0x0000007a0e400000,0x0000007a0e500000) (1024K)]
  0x00000188ee10a490 JavaThread "jar transforms Thread 10"          [_thread_blocked, id=34608, stack(0x0000007a0e500000,0x0000007a0e600000) (1024K)]
  0x00000188ee1090e0 JavaThread "jar transforms Thread 11"          [_thread_blocked, id=11596, stack(0x0000007a0e600000,0x0000007a0e700000) (1024K)]
  0x00000188ee1083c0 JavaThread "jar transforms Thread 12"          [_thread_blocked, id=28660, stack(0x0000007a0e700000,0x0000007a0e800000) (1024K)]
  0x00000188ef06d660 JavaThread "jar transforms Thread 13"          [_thread_blocked, id=19676, stack(0x0000007a0e800000,0x0000007a0e900000) (1024K)]
  0x00000188ef06b590 JavaThread "jar transforms Thread 14"          [_thread_blocked, id=9788, stack(0x0000007a0e900000,0x0000007a0ea00000) (1024K)]
  0x00000188ef06c940 JavaThread "jar transforms Thread 15"          [_thread_blocked, id=26444, stack(0x0000007a0ea00000,0x0000007a0eb00000) (1024K)]
  0x00000188ef06a870 JavaThread "jar transforms Thread 16"          [_thread_blocked, id=33192, stack(0x0000007a0eb00000,0x0000007a0ec00000) (1024K)]
  0x00000188ef06cfd0 JavaThread "jar transforms Thread 17"          [_thread_blocked, id=11984, stack(0x0000007a0ec00000,0x0000007a0ed00000) (1024K)]
  0x00000188ef06bc20 JavaThread "jar transforms Thread 18"          [_thread_blocked, id=33200, stack(0x0000007a0ed00000,0x0000007a0ee00000) (1024K)]
  0x00000188ef06c2b0 JavaThread "jar transforms Thread 19"          [_thread_blocked, id=25540, stack(0x0000007a0ee00000,0x0000007a0ef00000) (1024K)]
  0x00000188ef06a1e0 JavaThread "jar transforms Thread 20"          [_thread_blocked, id=34648, stack(0x0000007a0ef00000,0x0000007a0f000000) (1024K)]
  0x00000188ef782e40 JavaThread "Cache worker for file content cache (C:\Users\as\.gradle\caches\8.13\fileContent)"        [_thread_blocked, id=12036, stack(0x0000007a0f300000,0x0000007a0f400000) (1024K)]
  0x00000188f0381bd0 JavaThread "Memory manager"                    [_thread_blocked, id=4788, stack(0x0000007a0f000000,0x0000007a0f100000) (1024K)]
  0x00000188f24a7e80 JavaThread "pool-3-thread-1"                   [_thread_blocked, id=20620, stack(0x0000007a14500000,0x0000007a14600000) (1024K)]
  0x00000188f24a98c0 JavaThread "included builds"                   [_thread_blocked, id=2768, stack(0x0000007a14600000,0x0000007a14700000) (1024K)]
  0x00000188fc97a410 JavaThread "VFS cleanup"                       [_thread_blocked, id=13072, stack(0x0000007a0d300000,0x0000007a0d400000) (1024K)]
  0x00000188fc97b130 JavaThread "Handler for socket connection from /127.0.0.1:53564 to /127.0.0.1:53587"        [_thread_in_native, id=16840, stack(0x0000007a0b600000,0x0000007a0b700000) (1024K)]
  0x00000188fc979d80 JavaThread "Cancel handler"                    [_thread_blocked, id=22620, stack(0x0000007a0b700000,0x0000007a0b800000) (1024K)]
  0x00000188fc97b7c0 JavaThread "Asynchronous log dispatcher for DefaultDaemonConnection: socket connection from /127.0.0.1:53564 to /127.0.0.1:53587"        [_thread_blocked, id=4832, stack(0x0000007a0bf00000,0x0000007a0c000000) (1024K)]
  0x00000188fc979060 JavaThread "Stdin handler"                     [_thread_blocked, id=22444, stack(0x0000007a0c900000,0x0000007a0ca00000) (1024K)]
  0x00000188fc97c4e0 JavaThread "Daemon client event forwarder"        [_thread_blocked, id=4800, stack(0x0000007a0ca00000,0x0000007a0cb00000) (1024K)]
  0x00000188fc97cb70 JavaThread "Cache worker for file hash cache (C:\Users\as\Downloads\nike  UI update moi nhat\fe-nike\.gradle\8.13\fileHashes)"        [_thread_blocked, id=23208, stack(0x0000007a0d400000,0x0000007a0d500000) (1024K)]
  0x00000188fc9796f0 JavaThread "Cache worker for Build Output Cleanup Cache (C:\Users\as\Downloads\nike  UI update moi nhat\fe-nike\.gradle\buildOutputCleanup)"        [_thread_blocked, id=22908, stack(0x0000007a0d500000,0x0000007a0d600000) (1024K)]
  0x00000188fc97f2d0 JavaThread "Cache worker for checksums cache (C:\Users\as\Downloads\nike  UI update moi nhat\fe-nike\.gradle\8.13\checksums)"        [_thread_blocked, id=3984, stack(0x0000007a0f100000,0x0000007a0f200000) (1024K)]
  0x00000188fc97df20 JavaThread "Cache worker for cache directory md-supplier (C:\Users\as\.gradle\caches\8.13\md-supplier)"        [_thread_blocked, id=18500, stack(0x0000007a0f200000,0x0000007a0f300000) (1024K)]
  0x00000188fc97f960 JavaThread "Cache worker for cache directory md-rule (C:\Users\as\.gradle\caches\8.13\md-rule)"        [_thread_blocked, id=30348, stack(0x0000007a0f400000,0x0000007a0f500000) (1024K)]
  0x00000188fc97fff0 JavaThread "Unconstrained build operations"        [_thread_blocked, id=24452, stack(0x0000007a0f500000,0x0000007a0f600000) (1024K)]
  0x00000188fc97d200 JavaThread "Unconstrained build operations Thread 2"        [_thread_blocked, id=12692, stack(0x0000007a0f600000,0x0000007a0f700000) (1024K)]
  0x00000188fc97d890 JavaThread "Unconstrained build operations Thread 3"        [_thread_blocked, id=6172, stack(0x0000007a0f700000,0x0000007a0f800000) (1024K)]
  0x00000188fc97ec40 JavaThread "Unconstrained build operations Thread 4"        [_thread_blocked, id=27104, stack(0x0000007a0f800000,0x0000007a0f900000) (1024K)]
  0x00000188fc980d10 JavaThread "Unconstrained build operations Thread 5"        [_thread_blocked, id=29056, stack(0x0000007a0f900000,0x0000007a0fa00000) (1024K)]
  0x00000188f11317e0 JavaThread "C2 CompilerThread1"         daemon [_thread_in_native, id=25844, stack(0x0000007a0d800000,0x0000007a0d900000) (1024K)]
  0x00000188fc97e5b0 JavaThread "Unconstrained build operations Thread 6"        [_thread_blocked, id=31968, stack(0x0000007a0d900000,0x0000007a0da00000) (1024K)]
  0x00000188fc980680 JavaThread "Unconstrained build operations Thread 7"        [_thread_blocked, id=30988, stack(0x0000007a0fa00000,0x0000007a0fb00000) (1024K)]
  0x00000188fc984820 JavaThread "Unconstrained build operations Thread 8"        [_thread_blocked, id=16712, stack(0x0000007a0fb00000,0x0000007a0fc00000) (1024K)]
  0x00000188fc982de0 JavaThread "Unconstrained build operations Thread 9"        [_thread_blocked, id=32552, stack(0x0000007a0fc00000,0x0000007a0fd00000) (1024K)]
  0x00000188fc983470 JavaThread "Unconstrained build operations Thread 10"        [_thread_blocked, id=23328, stack(0x0000007a0fd00000,0x0000007a0fe00000) (1024K)]
  0x00000188f1133320 JavaThread "C1 CompilerThread1"         daemon [_thread_blocked, id=14484, stack(0x0000007a0fe00000,0x0000007a0ff00000) (1024K)]
  0x00000188f1131110 JavaThread "C2 CompilerThread2"         daemon [_thread_in_native, id=34316, stack(0x0000007a0ff00000,0x0000007a10000000) (1024K)]
  0x00000188fc9820c0 JavaThread "Unconstrained build operations Thread 11"        [_thread_blocked, id=18352, stack(0x0000007a10000000,0x0000007a10100000) (1024K)]
  0x00000188fc983b00 JavaThread "Unconstrained build operations Thread 12"        [_thread_blocked, id=4368, stack(0x0000007a10100000,0x0000007a10200000) (1024K)]
  0x00000188fc9813a0 JavaThread "Unconstrained build operations Thread 13"        [_thread_blocked, id=29932, stack(0x0000007a10200000,0x0000007a10300000) (1024K)]
  0x00000188fc984eb0 JavaThread "Unconstrained build operations Thread 14"        [_thread_blocked, id=19980, stack(0x0000007a10300000,0x0000007a10400000) (1024K)]
  0x00000188fc981a30 JavaThread "Unconstrained build operations Thread 15"        [_thread_blocked, id=3104, stack(0x0000007a10400000,0x0000007a10500000) (1024K)]
  0x00000188fc985540 JavaThread "Unconstrained build operations Thread 16"        [_thread_blocked, id=19840, stack(0x0000007a10500000,0x0000007a10600000) (1024K)]
  0x00000188fc982750 JavaThread "Unconstrained build operations Thread 17"        [_thread_blocked, id=27780, stack(0x0000007a10600000,0x0000007a10700000) (1024K)]
  0x00000188fc987610 JavaThread "Unconstrained build operations Thread 18"        [_thread_blocked, id=13852, stack(0x0000007a10700000,0x0000007a10800000) (1024K)]
  0x00000188fc988330 JavaThread "Unconstrained build operations Thread 19"        [_thread_blocked, id=33024, stack(0x0000007a10800000,0x0000007a10900000) (1024K)]
  0x00000188fc986260 JavaThread "Unconstrained build operations Thread 20"        [_thread_blocked, id=9616, stack(0x0000007a10900000,0x0000007a10a00000) (1024K)]
  0x00000188fc9868f0 JavaThread "Unconstrained build operations Thread 21"        [_thread_blocked, id=4636, stack(0x0000007a10a00000,0x0000007a10b00000) (1024K)]
  0x00000188fc987ca0 JavaThread "Unconstrained build operations Thread 22"        [_thread_blocked, id=31384, stack(0x0000007a10b00000,0x0000007a10c00000) (1024K)]
  0x00000188fc986f80 JavaThread "Unconstrained build operations Thread 23"        [_thread_blocked, id=10380, stack(0x0000007a10c00000,0x0000007a10d00000) (1024K)]
  0x00000188eee41260 JavaThread "Unconstrained build operations Thread 24"        [_thread_blocked, id=20076, stack(0x0000007a10d00000,0x0000007a10e00000) (1024K)]
  0x00000188eee44050 JavaThread "Unconstrained build operations Thread 25"        [_thread_blocked, id=2616, stack(0x0000007a10e00000,0x0000007a10f00000) (1024K)]
  0x00000188eee42ca0 JavaThread "Unconstrained build operations Thread 26"        [_thread_blocked, id=28256, stack(0x0000007a10f00000,0x0000007a11000000) (1024K)]
  0x00000188eee439c0 JavaThread "Unconstrained build operations Thread 27"        [_thread_blocked, id=25356, stack(0x0000007a11000000,0x0000007a11100000) (1024K)]
  0x00000188eee43330 JavaThread "Unconstrained build operations Thread 28"        [_thread_blocked, id=11832, stack(0x0000007a11100000,0x0000007a11200000) (1024K)]
  0x00000188eee446e0 JavaThread "Unconstrained build operations Thread 29"        [_thread_blocked, id=9812, stack(0x0000007a11200000,0x0000007a11300000) (1024K)]
  0x00000188f11340c0 JavaThread "C2 CompilerThread3"         daemon [_thread_blocked, id=25816, stack(0x0000007a11300000,0x0000007a11400000) (1024K)]
  0x00000188eee418f0 JavaThread "Unconstrained build operations Thread 30"        [_thread_blocked, id=31064, stack(0x0000007a11400000,0x0000007a11500000) (1024K)]
  0x00000188eee44d70 JavaThread "Unconstrained build operations Thread 31"        [_thread_blocked, id=5180, stack(0x0000007a11500000,0x0000007a11600000) (1024K)]
  0x00000188eee42610 JavaThread "Unconstrained build operations Thread 32"        [_thread_blocked, id=26424, stack(0x0000007a11600000,0x0000007a11700000) (1024K)]
  0x00000188eee45400 JavaThread "Unconstrained build operations Thread 33"        [_thread_blocked, id=19052, stack(0x0000007a11700000,0x0000007a11800000) (1024K)]
  0x00000188eee41f80 JavaThread "Unconstrained build operations Thread 34"        [_thread_blocked, id=17284, stack(0x0000007a11800000,0x0000007a11900000) (1024K)]
  0x00000188eee45a90 JavaThread "Unconstrained build operations Thread 35"        [_thread_blocked, id=22916, stack(0x0000007a11900000,0x0000007a11a00000) (1024K)]
  0x00000188eee46e40 JavaThread "Unconstrained build operations Thread 36"        [_thread_blocked, id=4648, stack(0x0000007a11a00000,0x0000007a11b00000) (1024K)]
  0x00000188eee48880 JavaThread "Unconstrained build operations Thread 37"        [_thread_blocked, id=26752, stack(0x0000007a11b00000,0x0000007a11c00000) (1024K)]
  0x00000188eee481f0 JavaThread "Unconstrained build operations Thread 38"        [_thread_blocked, id=27132, stack(0x0000007a11c00000,0x0000007a11d00000) (1024K)]
  0x00000188eee495a0 JavaThread "Unconstrained build operations Thread 39"        [_thread_blocked, id=21224, stack(0x0000007a11d00000,0x0000007a11e00000) (1024K)]
  0x00000188eee474d0 JavaThread "Unconstrained build operations Thread 40"        [_thread_blocked, id=33988, stack(0x0000007a11e00000,0x0000007a11f00000) (1024K)]
  0x00000188eee48f10 JavaThread "Unconstrained build operations Thread 41"        [_thread_blocked, id=5020, stack(0x0000007a11f00000,0x0000007a12000000) (1024K)]
  0x00000188eee46120 JavaThread "Unconstrained build operations Thread 42"        [_thread_blocked, id=580, stack(0x0000007a12000000,0x0000007a12100000) (1024K)]
  0x00000188eee49c30 JavaThread "Unconstrained build operations Thread 43"        [_thread_blocked, id=17952, stack(0x0000007a12100000,0x0000007a12200000) (1024K)]
  0x00000188eee467b0 JavaThread "Unconstrained build operations Thread 44"        [_thread_blocked, id=33960, stack(0x0000007a12200000,0x0000007a12300000) (1024K)]
  0x00000188eee4a2c0 JavaThread "Unconstrained build operations Thread 45"        [_thread_blocked, id=12932, stack(0x0000007a12300000,0x0000007a12400000) (1024K)]
  0x00000188eee4a950 JavaThread "Unconstrained build operations Thread 46"        [_thread_blocked, id=32744, stack(0x0000007a12400000,0x0000007a12500000) (1024K)]
  0x00000188eee4afe0 JavaThread "Unconstrained build operations Thread 47"        [_thread_blocked, id=17660, stack(0x0000007a12500000,0x0000007a12600000) (1024K)]
  0x00000188eee47b60 JavaThread "Unconstrained build operations Thread 48"        [_thread_blocked, id=34524, stack(0x0000007a12600000,0x0000007a12700000) (1024K)]
  0x00000188f1132c50 JavaThread "C1 CompilerThread2"         daemon [_thread_blocked, id=10980, stack(0x0000007a12700000,0x0000007a12800000) (1024K)]
  0x00000188eee4ca20 JavaThread "build event listener"              [_thread_blocked, id=24924, stack(0x0000007a12800000,0x0000007a12900000) (1024K)]
  0x00000188f1134790 JavaThread "C1 CompilerThread3"         daemon [_thread_blocked, id=8072, stack(0x0000007a12900000,0x0000007a12a00000) (1024K)]
  0x00000188eee4eaf0 JavaThread "pool-6-thread-1"                   [_thread_blocked, id=24128, stack(0x0000007a12a00000,0x0000007a12b00000) (1024K)]
  0x00000188eee4ddd0 JavaThread "build event listener"              [_thread_blocked, id=33736, stack(0x0000007a12b00000,0x0000007a12c00000) (1024K)]
  0x00000188eee4d740 JavaThread "included builds"                   [_thread_blocked, id=26376, stack(0x0000007a12c00000,0x0000007a12d00000) (1024K)]
  0x00000188eee4e460 JavaThread "Execution worker"                  [_thread_blocked, id=16248, stack(0x0000007a12d00000,0x0000007a12e00000) (1024K)]
  0x00000188eee4b670 JavaThread "Execution worker Thread 2"         [_thread_blocked, id=21244, stack(0x0000007a12e00000,0x0000007a12f00000) (1024K)]
  0x00000188eee4f180 JavaThread "Execution worker Thread 3"         [_thread_blocked, id=26040, stack(0x0000007a12f00000,0x0000007a13000000) (1024K)]
  0x00000188eee4c390 JavaThread "Execution worker Thread 4"         [_thread_blocked, id=27432, stack(0x0000007a13000000,0x0000007a13100000) (1024K)]
  0x00000188eee4bd00 JavaThread "Execution worker Thread 5"         [_thread_blocked, id=5812, stack(0x0000007a13100000,0x0000007a13200000) (1024K)]
  0x00000188eee50530 JavaThread "Execution worker Thread 6"         [_thread_blocked, id=6780, stack(0x0000007a13200000,0x0000007a13300000) (1024K)]
  0x00000188eee4fea0 JavaThread "Execution worker Thread 7"         [_thread_blocked, id=24672, stack(0x0000007a13300000,0x0000007a13400000) (1024K)]
  0x00000188eee518e0 JavaThread "Execution worker Thread 8"         [_thread_blocked, id=31392, stack(0x0000007a13400000,0x0000007a13500000) (1024K)]
  0x00000188eee52c90 JavaThread "Execution worker Thread 9"         [_thread_blocked, id=31084, stack(0x0000007a13500000,0x0000007a13600000) (1024K)]
  0x00000188eee51250 JavaThread "Execution worker Thread 10"        [_thread_blocked, id=32100, stack(0x0000007a13600000,0x0000007a13700000) (1024K)]
  0x00000188eee4f810 JavaThread "Execution worker Thread 11"        [_thread_blocked, id=4468, stack(0x0000007a13700000,0x0000007a13800000) (1024K)]
  0x00000188eee53320 JavaThread "Execution worker Thread 12"        [_thread_blocked, id=8712, stack(0x0000007a13800000,0x0000007a13900000) (1024K)]
  0x00000188eee54040 JavaThread "Execution worker Thread 13"        [_thread_blocked, id=18816, stack(0x0000007a13900000,0x0000007a13a00000) (1024K)]
  0x00000188eee539b0 JavaThread "Execution worker Thread 14"        [_thread_blocked, id=18624, stack(0x0000007a13a00000,0x0000007a13b00000) (1024K)]
  0x00000188eee51f70 JavaThread "Execution worker Thread 15"        [_thread_blocked, id=9204, stack(0x0000007a13b00000,0x0000007a13c00000) (1024K)]
  0x00000188eee50bc0 JavaThread "Execution worker Thread 16"        [_thread_blocked, id=30736, stack(0x0000007a13c00000,0x0000007a13d00000) (1024K)]
  0x00000188eee54d60 JavaThread "Execution worker Thread 17"        [_thread_blocked, id=17684, stack(0x0000007a13d00000,0x0000007a13e00000) (1024K)]
  0x00000188eee55a80 JavaThread "Execution worker Thread 18"        [_thread_blocked, id=34332, stack(0x0000007a13e00000,0x0000007a13f00000) (1024K)]
  0x00000188eee546d0 JavaThread "Cache worker for execution history cache (C:\Users\as\Downloads\nike  UI update moi nhat\fe-nike\.gradle\8.13\executionHistory)"        [_thread_blocked, id=16176, stack(0x0000007a13f00000,0x0000007a14000000) (1024K)]
  0x00000188eee553f0 JavaThread "Execution worker Thread 19"        [_thread_blocked, id=33528, stack(0x0000007a14000000,0x0000007a14100000) (1024K)]
  0x00000188eee52600 JavaThread "WorkerExecutor Queue"              [_thread_blocked, id=20704, stack(0x0000007a14100000,0x0000007a14200000) (1024K)]
  0x00000188eee56e30 JavaThread "Unconstrained build operations Thread 49"        [_thread_blocked, id=18544, stack(0x0000007a14200000,0x0000007a14300000) (1024K)]
  0x00000188eee574c0 JavaThread "Unconstrained build operations Thread 50"        [_thread_blocked, id=5192, stack(0x0000007a14300000,0x0000007a14400000) (1024K)]
  0x00000188eee57b50 JavaThread "Unconstrained build operations Thread 51"        [_thread_blocked, id=12928, stack(0x0000007a14400000,0x0000007a14500000) (1024K)]
  0x00000188eee581e0 JavaThread "Unconstrained build operations Thread 52"        [_thread_blocked, id=15316, stack(0x0000007a14700000,0x0000007a14800000) (1024K)]
  0x00000188eee58870 JavaThread "Unconstrained build operations Thread 53"        [_thread_blocked, id=31004, stack(0x0000007a14800000,0x0000007a14900000) (1024K)]
  0x00000188eee58f00 JavaThread "Unconstrained build operations Thread 54"        [_thread_blocked, id=32020, stack(0x0000007a14900000,0x0000007a14a00000) (1024K)]
  0x00000188eee59590 JavaThread "Unconstrained build operations Thread 55"        [_thread_blocked, id=7668, stack(0x0000007a14a00000,0x0000007a14b00000) (1024K)]
  0x00000188eee56110 JavaThread "Unconstrained build operations Thread 56"        [_thread_blocked, id=28372, stack(0x0000007a14b00000,0x0000007a14c00000) (1024K)]
  0x00000188eee5afd0 JavaThread "Unconstrained build operations Thread 57"        [_thread_blocked, id=28648, stack(0x0000007a14c00000,0x0000007a14d00000) (1024K)]
  0x00000188eee59c20 JavaThread "Unconstrained build operations Thread 58"        [_thread_blocked, id=30252, stack(0x0000007a14d00000,0x0000007a14e00000) (1024K)]
  0x00000188eee5a2b0 JavaThread "Unconstrained build operations Thread 59"        [_thread_blocked, id=16020, stack(0x0000007a14e00000,0x0000007a14f00000) (1024K)]
  0x00000188eee5a940 JavaThread "Unconstrained build operations Thread 60"        [_thread_blocked, id=32164, stack(0x0000007a14f00000,0x0000007a15000000) (1024K)]
  0x00000188eee5ddc0 JavaThread "Unconstrained build operations Thread 61"        [_thread_blocked, id=12708, stack(0x0000007a15000000,0x0000007a15100000) (1024K)]
  0x00000188eee5d730 JavaThread "Unconstrained build operations Thread 62"        [_thread_blocked, id=28752, stack(0x0000007a15100000,0x0000007a15200000) (1024K)]
  0x00000188eee5ca10 JavaThread "Unconstrained build operations Thread 63"        [_thread_blocked, id=31656, stack(0x0000007a15200000,0x0000007a15300000) (1024K)]
  0x00000188eee5d0a0 JavaThread "Unconstrained build operations Thread 64"        [_thread_blocked, id=21264, stack(0x0000007a15300000,0x0000007a15400000) (1024K)]
  0x00000188eee5eae0 JavaThread "Unconstrained build operations Thread 65"        [_thread_blocked, id=27412, stack(0x0000007a15400000,0x0000007a15500000) (1024K)]
  0x00000188eee5b660 JavaThread "Unconstrained build operations Thread 66"        [_thread_blocked, id=5172, stack(0x0000007a15500000,0x0000007a15600000) (1024K)]
  0x00000188eee5f170 JavaThread "Unconstrained build operations Thread 67"        [_thread_blocked, id=28280, stack(0x0000007a15600000,0x0000007a15700000) (1024K)]
  0x00000188eee5bcf0 JavaThread "WorkerExecutor Queue Thread 2"        [_thread_blocked, id=1736, stack(0x0000007a15700000,0x0000007a15800000) (1024K)]
  0x00000188eee5f800 JavaThread "Unconstrained build operations Thread 68"        [_thread_blocked, id=31856, stack(0x0000007a15800000,0x0000007a15900000) (1024K)]
  0x00000188eee5c380 JavaThread "Unconstrained build operations Thread 69"        [_thread_blocked, id=24680, stack(0x0000007a15900000,0x0000007a15a00000) (1024K)]
  0x00000188eee5fe90 JavaThread "Unconstrained build operations Thread 70"        [_thread_blocked, id=29204, stack(0x0000007a15a00000,0x0000007a15b00000) (1024K)]
  0x00000188eee60520 JavaThread "Unconstrained build operations Thread 71"        [_thread_blocked, id=19252, stack(0x0000007a15b00000,0x0000007a15c00000) (1024K)]
  0x00000188fcc0c410 JavaThread "Unconstrained build operations Thread 72"        [_thread_blocked, id=29356, stack(0x0000007a15c00000,0x0000007a15d00000) (1024K)]
  0x00000188fcc0b6f0 JavaThread "Unconstrained build operations Thread 73"        [_thread_blocked, id=16956, stack(0x0000007a15d00000,0x0000007a15e00000) (1024K)]
  0x00000188fcc0bd80 JavaThread "Unconstrained build operations Thread 74"        [_thread_blocked, id=32312, stack(0x0000007a15e00000,0x0000007a15f00000) (1024K)]
  0x00000188fcc0b060 JavaThread "Unconstrained build operations Thread 75"        [_thread_blocked, id=14172, stack(0x0000007a15f00000,0x0000007a16000000) (1024K)]
  0x00000188fcc0caa0 JavaThread "Unconstrained build operations Thread 76"        [_thread_blocked, id=15880, stack(0x0000007a16100000,0x0000007a16200000) (1024K)]
  0x00000188fcc0d7c0 JavaThread "Unconstrained build operations Thread 77"        [_thread_blocked, id=19816, stack(0x0000007a16200000,0x0000007a16300000) (1024K)]
  0x00000188fcc0d130 JavaThread "Unconstrained build operations Thread 78"        [_thread_blocked, id=1832, stack(0x0000007a16300000,0x0000007a16400000) (1024K)]
  0x00000188fcc0ff20 JavaThread "Unconstrained build operations Thread 79"        [_thread_blocked, id=26528, stack(0x0000007a16400000,0x0000007a16500000) (1024K)]
  0x00000188fcc10c40 JavaThread "Unconstrained build operations Thread 80"        [_thread_blocked, id=6404, stack(0x0000007a16500000,0x0000007a16600000) (1024K)]
  0x00000188fcc0eb70 JavaThread "Unconstrained build operations Thread 81"        [_thread_blocked, id=23092, stack(0x0000007a16600000,0x0000007a16700000) (1024K)]
  0x00000188fcc0e4e0 JavaThread "Unconstrained build operations Thread 82"        [_thread_blocked, id=18884, stack(0x0000007a16700000,0x0000007a16800000) (1024K)]
  0x00000188fcc0f200 JavaThread "Unconstrained build operations Thread 83"        [_thread_blocked, id=12672, stack(0x0000007a16800000,0x0000007a16900000) (1024K)]
  0x00000188fcc112d0 JavaThread "Unconstrained build operations Thread 84"        [_thread_blocked, id=28576, stack(0x0000007a16900000,0x0000007a16a00000) (1024K)]
  0x00000188fcc0de50 JavaThread "Unconstrained build operations Thread 85"        [_thread_blocked, id=19500, stack(0x0000007a16a00000,0x0000007a16b00000) (1024K)]
  0x00000188fcc12d10 JavaThread "Unconstrained build operations Thread 86"        [_thread_blocked, id=2652, stack(0x0000007a16b00000,0x0000007a16c00000) (1024K)]
  0x00000188fcc105b0 JavaThread "Unconstrained build operations Thread 87"        [_thread_blocked, id=16460, stack(0x0000007a16c00000,0x0000007a16d00000) (1024K)]
  0x00000188fcc11ff0 JavaThread "WorkerExecutor Queue Thread 3"        [_thread_blocked, id=24712, stack(0x0000007a16d00000,0x0000007a16e00000) (1024K)]
  0x00000188fcc11960 JavaThread "Unconstrained build operations Thread 88"        [_thread_blocked, id=7352, stack(0x0000007a16e00000,0x0000007a16f00000) (1024K)]
  0x00000188fcc0f890 JavaThread "Unconstrained build operations Thread 89"        [_thread_blocked, id=6808, stack(0x0000007a16f00000,0x0000007a17000000) (1024K)]
  0x00000188fcc14de0 JavaThread "Unconstrained build operations Thread 90"        [_thread_blocked, id=29252, stack(0x0000007a17000000,0x0000007a17100000) (1024K)]
  0x00000188fcc15b00 JavaThread "Unconstrained build operations Thread 91"        [_thread_blocked, id=26156, stack(0x0000007a17100000,0x0000007a17200000) (1024K)]
  0x00000188fcc12680 JavaThread "Unconstrained build operations Thread 92"        [_thread_blocked, id=27300, stack(0x0000007a17200000,0x0000007a17300000) (1024K)]
  0x00000188fcc140c0 JavaThread "Unconstrained build operations Thread 93"        [_thread_blocked, id=33564, stack(0x0000007a17300000,0x0000007a17400000) (1024K)]
  0x00000188fcc16190 JavaThread "Unconstrained build operations Thread 94"        [_thread_blocked, id=32508, stack(0x0000007a17400000,0x0000007a17500000) (1024K)]
  0x00000188fcc133a0 JavaThread "Unconstrained build operations Thread 95"        [_thread_blocked, id=23504, stack(0x0000007a17500000,0x0000007a17600000) (1024K)]
  0x00000188fcc16eb0 JavaThread "Unconstrained build operations Thread 96"        [_thread_blocked, id=22888, stack(0x0000007a17600000,0x0000007a17700000) (1024K)]
  0x00000188fcc14750 JavaThread "Unconstrained build operations Thread 97"        [_thread_blocked, id=20192, stack(0x0000007a17700000,0x0000007a17800000) (1024K)]
  0x00000188fcc16820 JavaThread "Unconstrained build operations Thread 98"        [_thread_blocked, id=30328, stack(0x0000007a17800000,0x0000007a17900000) (1024K)]
  0x00000188fcc13a30 JavaThread "Unconstrained build operations Thread 99"        [_thread_blocked, id=24188, stack(0x0000007a17900000,0x0000007a17a00000) (1024K)]
  0x00000188fcc188f0 JavaThread "Unconstrained build operations Thread 100"        [_thread_blocked, id=13944, stack(0x0000007a17a00000,0x0000007a17b00000) (1024K)]
  0x00000188fcc19610 JavaThread "Unconstrained build operations Thread 101"        [_thread_blocked, id=24900, stack(0x0000007a17b00000,0x0000007a17c00000) (1024K)]
  0x00000188fcc19ca0 JavaThread "Unconstrained build operations Thread 102"        [_thread_blocked, id=18964, stack(0x0000007a17c00000,0x0000007a17d00000) (1024K)]
  0x00000188fcc17540 JavaThread "Unconstrained build operations Thread 103"        [_thread_blocked, id=10132, stack(0x0000007a17d00000,0x0000007a17e00000) (1024K)]
  0x00000188fcc17bd0 JavaThread "Unconstrained build operations Thread 104"        [_thread_blocked, id=9384, stack(0x0000007a17e00000,0x0000007a17f00000) (1024K)]
  0x00000188fcc18260 JavaThread "Unconstrained build operations Thread 105"        [_thread_blocked, id=15700, stack(0x0000007a17f00000,0x0000007a18000000) (1024K)]
  0x00000188fcc18f80 JavaThread "Unconstrained build operations Thread 106"        [_thread_blocked, id=29104, stack(0x0000007a18000000,0x0000007a18100000) (1024K)]
  0x00000188ecec8a90 JavaThread "WorkerExecutor Queue Thread 4"        [_thread_blocked, id=12824, stack(0x0000007a18200000,0x0000007a18300000) (1024K)]
  0x00000188ecec9120 JavaThread "WorkerExecutor Queue Thread 5"        [_thread_blocked, id=29848, stack(0x0000007a18300000,0x0000007a18400000) (1024K)]
  0x00000188ecec97b0 JavaThread "WorkerExecutor Queue Thread 6"        [_thread_blocked, id=2092, stack(0x0000007a18400000,0x0000007a18500000) (1024K)]
  0x00000188ecec9e40 JavaThread "WorkerExecutor Queue Thread 7"        [_thread_blocked, id=21936, stack(0x0000007a18500000,0x0000007a18600000) (1024K)]
  0x00000188ecec69c0 JavaThread "WorkerExecutor Queue Thread 8"        [_thread_blocked, id=24032, stack(0x0000007a18600000,0x0000007a18700000) (1024K)]
  0x00000188ecec7050 JavaThread "WorkerExecutor Queue Thread 9"        [_thread_blocked, id=18460, stack(0x0000007a18700000,0x0000007a18800000) (1024K)]
  0x00000188ececab60 JavaThread "WorkerExecutor Queue Thread 10"        [_thread_blocked, id=29776, stack(0x0000007a18800000,0x0000007a18900000) (1024K)]
  0x00000188ececbf10 JavaThread "WorkerExecutor Queue Thread 11"        [_thread_blocked, id=34168, stack(0x0000007a18900000,0x0000007a18a00000) (1024K)]
  0x00000188ececc5a0 JavaThread "WorkerExecutor Queue Thread 12"        [_thread_blocked, id=31228, stack(0x0000007a18a00000,0x0000007a18b00000) (1024K)]
  0x00000188ececa4d0 JavaThread "WorkerExecutor Queue Thread 13"        [_thread_blocked, id=25792, stack(0x0000007a18b00000,0x0000007a18c00000) (1024K)]
  0x00000188ececcc30 JavaThread "WorkerExecutor Queue Thread 14"        [_thread_blocked, id=25204, stack(0x0000007a18c00000,0x0000007a18d00000) (1024K)]
  0x00000188ececb1f0 JavaThread "WorkerExecutor Queue Thread 15"        [_thread_blocked, id=28212, stack(0x0000007a18d00000,0x0000007a18e00000) (1024K)]
  0x00000188f185cb50 JavaThread "WorkerExecutor Queue Thread 16"        [_thread_blocked, id=2208, stack(0x0000007a18e00000,0x0000007a18f00000) (1024K)]
  0x00000188f185b7a0 JavaThread "WorkerExecutor Queue Thread 18"        [_thread_blocked, id=32252, stack(0x0000007a19000000,0x0000007a19100000) (1024K)]
  0x00000188f185f940 JavaThread "WorkerExecutor Queue Thread 19"        [_thread_blocked, id=22268, stack(0x0000007a19100000,0x0000007a19200000) (1024K)]
  0x00000188f185f2b0 JavaThread "WorkerExecutor Queue Thread 20"        [_thread_blocked, id=20776, stack(0x0000007a19200000,0x0000007a19300000) (1024K)]
  0x00000188f0383ca0 JavaThread "Unconstrained build operations Thread 107"        [_thread_blocked, id=26036, stack(0x0000007a19300000,0x0000007a19400000) (1024K)]
  0x00000188ff36fba0 JavaThread "Unconstrained build operations Thread 108"        [_thread_blocked, id=30744, stack(0x0000007a19400000,0x0000007a19500000) (1024K)]
  0x00000188ff36e160 JavaThread "Unconstrained build operations Thread 109"        [_thread_blocked, id=27088, stack(0x0000007a19500000,0x0000007a19600000) (1024K)]
  0x00000188ff370230 JavaThread "Unconstrained build operations Thread 110"        [_thread_blocked, id=3668, stack(0x0000007a19600000,0x0000007a19700000) (1024K)]
  0x00000188ff36dad0 JavaThread "Unconstrained build operations Thread 111"        [_thread_blocked, id=21816, stack(0x0000007a19700000,0x0000007a19800000) (1024K)]
  0x00000188ff3715e0 JavaThread "Unconstrained build operations Thread 112"        [_thread_blocked, id=22272, stack(0x0000007a19800000,0x0000007a19900000) (1024K)]
  0x00000188ff371c70 JavaThread "Unconstrained build operations Thread 113"        [_thread_blocked, id=12532, stack(0x0000007a19900000,0x0000007a19a00000) (1024K)]
  0x00000188ff36e7f0 JavaThread "Unconstrained build operations Thread 114"        [_thread_blocked, id=34600, stack(0x0000007a19a00000,0x0000007a19b00000) (1024K)]
  0x00000188ff372990 JavaThread "Unconstrained build operations Thread 115"        [_thread_blocked, id=34792, stack(0x0000007a19b00000,0x0000007a19c00000) (1024K)]
  0x00000188ff372300 JavaThread "Unconstrained build operations Thread 116"        [_thread_blocked, id=3772, stack(0x0000007a19c00000,0x0000007a19d00000) (1024K)]
  0x00000188ff373020 JavaThread "Unconstrained build operations Thread 117"        [_thread_blocked, id=31144, stack(0x0000007a19d00000,0x0000007a19e00000) (1024K)]
  0x00000188ff3736b0 JavaThread "Unconstrained build operations Thread 118"        [_thread_blocked, id=5984, stack(0x0000007a19e00000,0x0000007a19f00000) (1024K)]
  0x00000188ff373d40 JavaThread "Unconstrained build operations Thread 119"        [_thread_blocked, id=17932, stack(0x0000007a19f00000,0x0000007a1a000000) (1024K)]
  0x00000188ff3708c0 JavaThread "Unconstrained build operations Thread 120"        [_thread_blocked, id=28988, stack(0x0000007a1a000000,0x0000007a1a100000) (1024K)]
  0x00000188ff376b30 JavaThread "Unconstrained build operations Thread 121"        [_thread_blocked, id=19976, stack(0x0000007a1a100000,0x0000007a1a200000) (1024K)]
  0x00000188ff3764a0 JavaThread "Unconstrained build operations Thread 122"        [_thread_blocked, id=34480, stack(0x0000007a1a400000,0x0000007a1a500000) (1024K)]
  0x00000188ff3750f0 JavaThread "Unconstrained build operations Thread 123"        [_thread_blocked, id=16160, stack(0x0000007a1a500000,0x0000007a1a600000) (1024K)]
  0x00000188ff375780 JavaThread "Unconstrained build operations Thread 124"        [_thread_blocked, id=7620, stack(0x0000007a1a600000,0x0000007a1a700000) (1024K)]
  0x00000188ff3743d0 JavaThread "Unconstrained build operations Thread 125"        [_thread_blocked, id=13220, stack(0x0000007a1a700000,0x0000007a1a800000) (1024K)]
  0x00000188ff377ee0 JavaThread "Unconstrained build operations Thread 126"        [_thread_blocked, id=9196, stack(0x0000007a1a800000,0x0000007a1a900000) (1024K)]
  0x00000188ff3771c0 JavaThread "Unconstrained build operations Thread 127"        [_thread_blocked, id=28880, stack(0x0000007a1a900000,0x0000007a1aa00000) (1024K)]
  0x00000188ff375e10 JavaThread "Unconstrained build operations Thread 128"        [_thread_blocked, id=18608, stack(0x0000007a1aa00000,0x0000007a1ab00000) (1024K)]
  0x00000188ff377850 JavaThread "Unconstrained build operations Thread 129"        [_thread_blocked, id=11252, stack(0x0000007a1ab00000,0x0000007a1ac00000) (1024K)]
  0x00000188ff374a60 JavaThread "Unconstrained build operations Thread 130"        [_thread_blocked, id=5784, stack(0x0000007a1ac00000,0x0000007a1ad00000) (1024K)]
  0x00000188ff37a640 JavaThread "Unconstrained build operations Thread 131"        [_thread_blocked, id=31604, stack(0x0000007a1ad00000,0x0000007a1ae00000) (1024K)]
  0x00000188ff379290 JavaThread "Unconstrained build operations Thread 132"        [_thread_blocked, id=28052, stack(0x0000007a1ae00000,0x0000007a1af00000) (1024K)]
  0x00000188ff37b9f0 JavaThread "Unconstrained build operations Thread 133"        [_thread_blocked, id=14676, stack(0x0000007a1af00000,0x0000007a1b000000) (1024K)]
  0x00000188ff379920 JavaThread "Unconstrained build operations Thread 134"        [_thread_blocked, id=8260, stack(0x0000007a1b000000,0x0000007a1b100000) (1024K)]
  0x00000188ff379fb0 JavaThread "Unconstrained build operations Thread 135"        [_thread_blocked, id=29648, stack(0x0000007a1b100000,0x0000007a1b200000) (1024K)]
  0x00000188ff37acd0 JavaThread "Unconstrained build operations Thread 136"        [_thread_blocked, id=10436, stack(0x0000007a1b200000,0x0000007a1b300000) (1024K)]
  0x00000188ff37b360 JavaThread "Unconstrained build operations Thread 137"        [_thread_blocked, id=34640, stack(0x0000007a1b300000,0x0000007a1b400000) (1024K)]
  0x00000188ff378570 JavaThread "Unconstrained build operations Thread 138"        [_thread_blocked, id=25724, stack(0x0000007a1b400000,0x0000007a1b500000) (1024K)]
  0x00000188ff37c080 JavaThread "Unconstrained build operations Thread 139"        [_thread_blocked, id=8588, stack(0x0000007a1b500000,0x0000007a1b600000) (1024K)]
  0x00000188ff378c00 JavaThread "Unconstrained build operations Thread 140"        [_thread_blocked, id=26068, stack(0x0000007a1b600000,0x0000007a1b700000) (1024K)]
  0x00000188ff37c710 JavaThread "Unconstrained build operations Thread 141"        [_thread_blocked, id=27152, stack(0x0000007a1b700000,0x0000007a1b800000) (1024K)]
  0x00000188ff37f500 JavaThread "Unconstrained build operations Thread 142"        [_thread_blocked, id=8944, stack(0x0000007a1b800000,0x0000007a1b900000) (1024K)]
  0x00000188ff37fb90 JavaThread "Unconstrained build operations Thread 143"        [_thread_blocked, id=27708, stack(0x0000007a1b900000,0x0000007a1ba00000) (1024K)]
  0x00000188ff37dac0 JavaThread "Unconstrained build operations Thread 144"        [_thread_blocked, id=12884, stack(0x0000007a1ba00000,0x0000007a1bb00000) (1024K)]
  0x00000188ff380220 JavaThread "Unconstrained build operations Thread 145"        [_thread_blocked, id=27316, stack(0x0000007a1bb00000,0x0000007a1bc00000) (1024K)]
  0x00000188ff370f50 JavaThread "Unconstrained build operations Thread 146"        [_thread_blocked, id=10268, stack(0x0000007a1bc00000,0x0000007a1bd00000) (1024K)]
  0x00000188ff37cda0 JavaThread "Unconstrained build operations Thread 147"        [_thread_blocked, id=11388, stack(0x0000007a1bd00000,0x0000007a1be00000) (1024K)]
  0x00000188ff3808b0 JavaThread "Unconstrained build operations Thread 148"        [_thread_blocked, id=33640, stack(0x0000007a1be00000,0x0000007a1bf00000) (1024K)]
  0x00000188ff37d430 JavaThread "Unconstrained build operations Thread 149"        [_thread_blocked, id=13300, stack(0x0000007a1bf00000,0x0000007a1c000000) (1024K)]
  0x00000188ff37e7e0 JavaThread "Unconstrained build operations Thread 150"        [_thread_blocked, id=15136, stack(0x0000007a1c000000,0x0000007a1c100000) (1024K)]
  0x00000188ff380f40 JavaThread "Unconstrained build operations Thread 151"        [_thread_blocked, id=34356, stack(0x0000007a1c100000,0x0000007a1c200000) (1024K)]
  0x00000188ff3815d0 JavaThread "Unconstrained build operations Thread 152"        [_thread_blocked, id=27264, stack(0x0000007a1c200000,0x0000007a1c300000) (1024K)]
  0x00000188ff37e150 JavaThread "Unconstrained build operations Thread 153"        [_thread_blocked, id=24216, stack(0x0000007a1c300000,0x0000007a1c400000) (1024K)]
  0x00000188ff381c60 JavaThread "Unconstrained build operations Thread 154"        [_thread_blocked, id=17584, stack(0x0000007a1c400000,0x0000007a1c500000) (1024K)]
  0x00000188ff3822f0 JavaThread "Unconstrained build operations Thread 155"        [_thread_blocked, id=25468, stack(0x0000007a1c500000,0x0000007a1c600000) (1024K)]
  0x00000188ff37ee70 JavaThread "Unconstrained build operations Thread 156"        [_thread_blocked, id=11128, stack(0x0000007a1c600000,0x0000007a1c700000) (1024K)]
  0x00000188ff385e00 JavaThread "Unconstrained build operations Thread 157"        [_thread_blocked, id=6616, stack(0x0000007a1c700000,0x0000007a1c800000) (1024K)]
  0x00000188ff385770 JavaThread "Unconstrained build operations Thread 158"        [_thread_blocked, id=29128, stack(0x0000007a1c800000,0x0000007a1c900000) (1024K)]
  0x00000188ff383d30 JavaThread "Unconstrained build operations Thread 159"        [_thread_blocked, id=27948, stack(0x0000007a1c900000,0x0000007a1ca00000) (1024K)]
  0x00000188ff3843c0 JavaThread "Unconstrained build operations Thread 160"        [_thread_blocked, id=6804, stack(0x0000007a1ca00000,0x0000007a1cb00000) (1024K)]
  0x00000188ff383010 JavaThread "Unconstrained build operations Thread 161"        [_thread_blocked, id=4444, stack(0x0000007a1cb00000,0x0000007a1cc00000) (1024K)]
  0x00000188ff384a50 JavaThread "Unconstrained build operations Thread 162"        [_thread_blocked, id=31952, stack(0x0000007a1cc00000,0x0000007a1cd00000) (1024K)]
  0x00000188ff3836a0 JavaThread "Unconstrained build operations Thread 163"        [_thread_blocked, id=29364, stack(0x0000007a1cd00000,0x0000007a1ce00000) (1024K)]
  0x00000188ff3850e0 JavaThread "Unconstrained build operations Thread 164"        [_thread_blocked, id=22204, stack(0x0000007a1ce00000,0x0000007a1cf00000) (1024K)]
  0x00000188ff382980 JavaThread "WorkerExecutor Queue Thread 21"        [_thread_blocked, id=20064, stack(0x0000007a1cf00000,0x0000007a1d000000) (1024K)]
  0x00000188ff386490 JavaThread "Unconstrained build operations Thread 165"        [_thread_blocked, id=29792, stack(0x0000007a1d000000,0x0000007a1d100000) (1024K)]
  0x00000188ff387840 JavaThread "Unconstrained build operations Thread 166"        [_thread_blocked, id=17404, stack(0x0000007a1d100000,0x0000007a1d200000) (1024K)]
  0x00000188ff386b20 JavaThread "Unconstrained build operations Thread 167"        [_thread_blocked, id=22156, stack(0x0000007a1d200000,0x0000007a1d300000) (1024K)]
  0x00000188ff3871b0 JavaThread "Unconstrained build operations Thread 168"        [_thread_blocked, id=31112, stack(0x0000007a1d300000,0x0000007a1d400000) (1024K)]
  0x00000188ff388560 JavaThread "Unconstrained build operations Thread 169"        [_thread_blocked, id=12364, stack(0x0000007a1d400000,0x0000007a1d500000) (1024K)]
  0x00000188ff38acc0 JavaThread "Unconstrained build operations Thread 170"        [_thread_blocked, id=8736, stack(0x0000007a1d500000,0x0000007a1d600000) (1024K)]
  0x00000188ff38b350 JavaThread "Unconstrained build operations Thread 171"        [_thread_blocked, id=18984, stack(0x0000007a1d600000,0x0000007a1d700000) (1024K)]
  0x00000188ff389910 JavaThread "Unconstrained build operations Thread 172"        [_thread_blocked, id=4820, stack(0x0000007a1d700000,0x0000007a1d800000) (1024K)]
  0x00000188ff387ed0 JavaThread "Unconstrained build operations Thread 173"        [_thread_blocked, id=17760, stack(0x0000007a1d800000,0x0000007a1d900000) (1024K)]
  0x00000188ff38b9e0 JavaThread "Unconstrained build operations Thread 174"        [_thread_blocked, id=12624, stack(0x0000007a1d900000,0x0000007a1da00000) (1024K)]
  0x00000188ff38c070 JavaThread "Unconstrained build operations Thread 175"        [_thread_blocked, id=33536, stack(0x0000007a1da00000,0x0000007a1db00000) (1024K)]
  0x00000188ff388bf0 JavaThread "Unconstrained build operations Thread 176"        [_thread_blocked, id=21828, stack(0x0000007a1db00000,0x0000007a1dc00000) (1024K)]
  0x00000188ff389fa0 JavaThread "Unconstrained build operations Thread 177"        [_thread_blocked, id=25240, stack(0x0000007a1dc00000,0x0000007a1dd00000) (1024K)]
  0x00000188ff38a630 JavaThread "Unconstrained build operations Thread 178"        [_thread_blocked, id=26536, stack(0x0000007a1dd00000,0x0000007a1de00000) (1024K)]
  0x00000188ff38c700 JavaThread "Unconstrained build operations Thread 179"        [_thread_blocked, id=3740, stack(0x0000007a1de00000,0x0000007a1df00000) (1024K)]
  0x00000188ff389280 JavaThread "Unconstrained build operations Thread 180"        [_thread_blocked, id=13400, stack(0x0000007a1df00000,0x0000007a1e000000) (1024K)]
  0x00000188ff38cd90 JavaThread "Unconstrained build operations Thread 181"        [_thread_blocked, id=12392, stack(0x0000007a1e000000,0x0000007a1e100000) (1024K)]
  0x00000188f1861380 JavaThread "Unconstrained build operations Thread 182"        [_thread_blocked, id=21908, stack(0x0000007a1e100000,0x0000007a1e200000) (1024K)]
  0x00000188f1861a10 JavaThread "Unconstrained build operations Thread 183"        [_thread_blocked, id=34800, stack(0x0000007a1e200000,0x0000007a1e300000) (1024K)]
  0x00000188f1862730 JavaThread "Unconstrained build operations Thread 184"        [_thread_blocked, id=5856, stack(0x0000007a1e300000,0x0000007a1e400000) (1024K)]
  0x00000188f1862dc0 JavaThread "Unconstrained build operations Thread 185"        [_thread_blocked, id=24088, stack(0x0000007a1e400000,0x0000007a1e500000) (1024K)]
  0x00000188f1863ae0 JavaThread "Unconstrained build operations Thread 186"        [_thread_blocked, id=11928, stack(0x0000007a1e500000,0x0000007a1e600000) (1024K)]
  0x00000188f1860660 JavaThread "Unconstrained build operations Thread 187"        [_thread_blocked, id=21336, stack(0x0000007a1e600000,0x0000007a1e700000) (1024K)]
  0x00000188f1864e90 JavaThread "Unconstrained build operations Thread 188"        [_thread_blocked, id=30816, stack(0x0000007a1e700000,0x0000007a1e800000) (1024K)]
  0x00000188f18668d0 JavaThread "Unconstrained build operations Thread 189"        [_thread_blocked, id=31684, stack(0x0000007a1e800000,0x0000007a1e900000) (1024K)]
  0x00000188f1866f60 JavaThread "Unconstrained build operations Thread 190"        [_thread_blocked, id=15620, stack(0x0000007a1e900000,0x0000007a1ea00000) (1024K)]
  0x00000188f18675f0 JavaThread "Unconstrained build operations Thread 191"        [_thread_blocked, id=24832, stack(0x0000007a1ea00000,0x0000007a1eb00000) (1024K)]
  0x00000188f1865520 JavaThread "Unconstrained build operations Thread 192"        [_thread_blocked, id=31244, stack(0x0000007a1eb00000,0x0000007a1ec00000) (1024K)]
  0x00000188f1865bb0 JavaThread "Unconstrained build operations Thread 193"        [_thread_blocked, id=21084, stack(0x0000007a1ec00000,0x0000007a1ed00000) (1024K)]
  0x00000188f1864170 JavaThread "Unconstrained build operations Thread 194"        [_thread_blocked, id=29712, stack(0x0000007a1ed00000,0x0000007a1ee00000) (1024K)]
  0x00000188f186aa70 JavaThread "Unconstrained build operations Thread 195"        [_thread_blocked, id=31688, stack(0x0000007a1ee00000,0x0000007a1ef00000) (1024K)]
  0x00000188f18696c0 JavaThread "Unconstrained build operations Thread 196"        [_thread_blocked, id=20732, stack(0x0000007a1ef00000,0x0000007a1f000000) (1024K)]
  0x00000188f1869d50 JavaThread "Unconstrained build operations Thread 197"        [_thread_blocked, id=15236, stack(0x0000007a1f000000,0x0000007a1f100000) (1024K)]
  0x00000188f186a3e0 JavaThread "Unconstrained build operations Thread 198"        [_thread_blocked, id=31832, stack(0x0000007a1f100000,0x0000007a1f200000) (1024K)]
  0x00000188f1867c80 JavaThread "Unconstrained build operations Thread 199"        [_thread_blocked, id=13216, stack(0x0000007a1f200000,0x0000007a1f300000) (1024K)]
  0x00000188f1868310 JavaThread "Unconstrained build operations Thread 200"        [_thread_blocked, id=30768, stack(0x0000007a1f300000,0x0000007a1f400000) (1024K)]
  0x00000188fc98cc50 JavaThread "pool-7-thread-1"                   [_thread_blocked, id=11516, stack(0x0000007a18100000,0x0000007a18200000) (1024K)]
  0x00000188fc98d2e0 JavaThread "stderr"                            [_thread_in_native, id=4884, stack(0x0000007a18f00000,0x0000007a19000000) (1024K)]
  0x00000188fc98bf30 JavaThread "stdout"                            [_thread_in_native, id=25288, stack(0x0000007a1f400000,0x0000007a1f500000) (1024K)]
  0x00000188868ed530 JavaThread "ForkJoinPool-1-worker-1"    daemon [_thread_blocked, id=5708, stack(0x0000007a1f500000,0x0000007a1f600000) (1024K)]
  0x00000188ffc18830 JavaThread "ForkJoinPool-1-worker-2"    daemon [_thread_blocked, id=22520, stack(0x0000007a1f600000,0x0000007a1f700000) (1024K)]
  0x000001888674ab60 JavaThread "ForkJoinPool-1-worker-3"    daemon [_thread_blocked, id=20948, stack(0x0000007a1f700000,0x0000007a1f800000) (1024K)]
  0x00000188860fe670 JavaThread "ForkJoinPool-1-worker-4"    daemon [_thread_blocked, id=22068, stack(0x0000007a1f800000,0x0000007a1f900000) (1024K)]
  0x00000188ffc181a0 JavaThread "ForkJoinPool-1-worker-5"    daemon [_thread_blocked, id=32432, stack(0x0000007a1f900000,0x0000007a1fa00000) (1024K)]
  0x000001888d7c0ae0 JavaThread "ForkJoinPool-1-worker-6"    daemon [_thread_blocked, id=11528, stack(0x0000007a1fa00000,0x0000007a1fb00000) (1024K)]
  0x000001888697f1a0 JavaThread "ForkJoinPool-1-worker-7"    daemon [_thread_blocked, id=24156, stack(0x0000007a1fb00000,0x0000007a1fc00000) (1024K)]
  0x000001888674b1f0 JavaThread "ForkJoinPool-1-worker-8"    daemon [_thread_blocked, id=8228, stack(0x0000007a1fc00000,0x0000007a1fd00000) (1024K)]
  0x000001888744b720 JavaThread "ForkJoinPool-1-worker-9"    daemon [_thread_blocked, id=18716, stack(0x0000007a1fd00000,0x0000007a1fe00000) (1024K)]
  0x0000018886980550 JavaThread "ForkJoinPool-1-worker-10"   daemon [_thread_blocked, id=13148, stack(0x0000007a1fe00000,0x0000007a1ff00000) (1024K)]
  0x000001888674b880 JavaThread "ForkJoinPool-1-worker-11"   daemon [_thread_blocked, id=14468, stack(0x0000007a1ff00000,0x0000007a20000000) (1024K)]
  0x00000188868edbc0 JavaThread "ForkJoinPool-1-worker-12"   daemon [_thread_blocked, id=2820, stack(0x0000007a20000000,0x0000007a20100000) (1024K)]
  0x00000188860fed00 JavaThread "ForkJoinPool-1-worker-13"   daemon [_thread_blocked, id=15612, stack(0x0000007a20100000,0x0000007a20200000) (1024K)]
  0x00000188860fd950 JavaThread "ForkJoinPool-1-worker-14"   daemon [_thread_blocked, id=22080, stack(0x0000007a20200000,0x0000007a20300000) (1024K)]
  0x00000188fda95d90 JavaThread "ForkJoinPool-1-worker-15"   daemon [_thread_blocked, id=16352, stack(0x0000007a20300000,0x0000007a20400000) (1024K)]
  0x000001888d7bf0a0 JavaThread "ForkJoinPool-1-worker-16"   daemon [_thread_blocked, id=20920, stack(0x0000007a20400000,0x0000007a20500000) (1024K)]
  0x0000018886748400 JavaThread "ForkJoinPool-1-worker-17"   daemon [_thread_blocked, id=18632, stack(0x0000007a20500000,0x0000007a20600000) (1024K)]
  0x000001888d7bf730 JavaThread "ForkJoinPool-1-worker-18"   daemon [_thread_blocked, id=30352, stack(0x0000007a20600000,0x0000007a20700000) (1024K)]
Total: 327

Other Threads:
=>0x00000188e6bdea30 VMThread "VM Thread"                           [id=7996, stack(0x0000007a0ac00000,0x0000007a0ad00000) (1024K)]
  0x00000188e6ba4c30 WatcherThread "VM Periodic Task Thread"        [id=13236, stack(0x0000007a0ab00000,0x0000007a0ac00000) (1024K)]
  0x00000188cec962f0 WorkerThread "GC Thread#0"                     [id=24196, stack(0x0000007a0a600000,0x0000007a0a700000) (1024K)]
  0x00000188ec2c6ac0 WorkerThread "GC Thread#1"                     [id=31648, stack(0x0000007a0ba00000,0x0000007a0bb00000) (1024K)]
  0x00000188ec3123d0 WorkerThread "GC Thread#2"                     [id=20404, stack(0x0000007a0bb00000,0x0000007a0bc00000) (1024K)]
  0x00000188ec7b1f30 WorkerThread "GC Thread#3"                     [id=25936, stack(0x0000007a0bc00000,0x0000007a0bd00000) (1024K)]
  0x00000188ec7b22d0 WorkerThread "GC Thread#4"                     [id=33248, stack(0x0000007a0bd00000,0x0000007a0be00000) (1024K)]
  0x00000188ec7b2670 WorkerThread "GC Thread#5"                     [id=12816, stack(0x0000007a0be00000,0x0000007a0bf00000) (1024K)]
  0x00000188ed9b5f90 WorkerThread "GC Thread#6"                     [id=16980, stack(0x0000007a0c200000,0x0000007a0c300000) (1024K)]
  0x00000188ed9b4630 WorkerThread "GC Thread#7"                     [id=3864, stack(0x0000007a0c300000,0x0000007a0c400000) (1024K)]
  0x00000188ed9b49d0 WorkerThread "GC Thread#8"                     [id=11824, stack(0x0000007a0c400000,0x0000007a0c500000) (1024K)]
  0x00000188ed9b4d70 WorkerThread "GC Thread#9"                     [id=8188, stack(0x0000007a0c500000,0x0000007a0c600000) (1024K)]
  0x00000188ed9b5110 WorkerThread "GC Thread#10"                    [id=3800, stack(0x0000007a0c600000,0x0000007a0c700000) (1024K)]
  0x00000188ed9b54b0 WorkerThread "GC Thread#11"                    [id=4916, stack(0x0000007a0cc00000,0x0000007a0cd00000) (1024K)]
  0x00000188ed9b5850 WorkerThread "GC Thread#12"                    [id=15324, stack(0x0000007a0cd00000,0x0000007a0ce00000) (1024K)]
  0x00000188ed9b5bf0 WorkerThread "GC Thread#13"                    [id=27692, stack(0x0000007a0ce00000,0x0000007a0cf00000) (1024K)]
  0x00000188edba9100 WorkerThread "GC Thread#14"                    [id=13272, stack(0x0000007a0cf00000,0x0000007a0d000000) (1024K)]
  0x00000188ceca8020 ConcurrentGCThread "G1 Main Marker"            [id=3004, stack(0x0000007a0a700000,0x0000007a0a800000) (1024K)]
  0x00000188ceca8a30 WorkerThread "G1 Conc#0"                       [id=20100, stack(0x0000007a0a800000,0x0000007a0a900000) (1024K)]
  0x00000188edba89c0 WorkerThread "G1 Conc#1"                       [id=19040, stack(0x0000007a0d000000,0x0000007a0d100000) (1024K)]
  0x00000188edba7ee0 WorkerThread "G1 Conc#2"                       [id=15320, stack(0x0000007a0d100000,0x0000007a0d200000) (1024K)]
  0x00000188edba8280 WorkerThread "G1 Conc#3"                       [id=28596, stack(0x0000007a0d200000,0x0000007a0d300000) (1024K)]
  0x00000188e6af4960 ConcurrentGCThread "G1 Refine#0"               [id=13212, stack(0x0000007a0a900000,0x0000007a0aa00000) (1024K)]
  0x00000188e6af6190 ConcurrentGCThread "G1 Service"                [id=25432, stack(0x0000007a0aa00000,0x0000007a0ab00000) (1024K)]
Total: 24

Threads with active compile tasks:
C2 CompilerThread0  49441 36215       4       com.android.tools.r8.graph.f6::a (86 bytes)
C2 CompilerThread1  49441 36232       4       com.android.tools.r8.graph.e6::a (126 bytes)
C2 CompilerThread2  49441 36154       4       com.android.tools.r8.internal.vh0::a (51 bytes)
C2 CompilerThread3  49441 36126       4       com.android.tools.r8.graph.y5::b (63 bytes)
Total: 4

VM state: at safepoint (normal execution)

VM Mutex/Monitor currently owned by a thread:  ([mutex/lock_event])
[0x00007ffcf6e485b8] Threads_lock - owner thread: 0x00000188e6bdea30
[0x00007ffcf6e486b8] Heap_lock - owner thread: 0x00000188ceca8020

Heap address: 0x0000000080000000, size: 2048 MB, Compressed Oops mode: 32-bit

CDS archive(s) not mapped
Compressed class space mapped at: 0x0000000100000000-0x0000000140000000, reserved size: 1073741824
Narrow klass base: 0x0000000000000000, Narrow klass shift: 3, Narrow klass range: 0x140000000

GC Precious Log:
 CardTable entry size: 512
 Card Set container configuration: InlinePtr #cards 5 size 8 Array Of Cards #cards 12 size 40 Howl #buckets 4 coarsen threshold 1843 Howl Bitmap #cards 512 size 80 coarsen threshold 460 Card regions per heap region 1 cards per card region 2048
 CPUs: 20 total, 20 available
 Memory: 15999M
 Large Page Support: Disabled
 NUMA Support: Disabled
 Compressed Oops: Enabled (32-bit)
 Heap Region Size: 1M
 Heap Min Capacity: 8M
 Heap Initial Capacity: 250M
 Heap Max Capacity: 2G
 Pre-touch: Disabled
 Parallel Workers: 15
 Concurrent Workers: 4
 Concurrent Refinement Workers: 15
 Periodic GC: Disabled

Heap:
 garbage-first heap   total 514048K, used 398198K [0x0000000080000000, 0x0000000100000000)
  region size 1024K, 19 young (19456K), 6 survivors (6144K)
 Metaspace       used 245749K, committed 248832K, reserved 1310720K
  class space    used 32128K, committed 33600K, reserved 1048576K

Heap Regions: E=young(eden), S=young(survivor), O=old, HS=humongous(starts), HC=humongous(continues), CS=collection set, F=free, TAMS=top-at-mark-start, PB=parsable bottom
|   0|0x0000000080000000, 0x0000000080100000, 0x0000000080100000|100%|HS|  |TAMS 0x0000000080100000| PB 0x0000000080000000| Complete 
|   1|0x0000000080100000, 0x0000000080200000, 0x0000000080200000|100%|HC|  |TAMS 0x0000000080200000| PB 0x0000000080100000| Complete 
|   2|0x0000000080200000, 0x0000000080300000, 0x0000000080300000|100%|HC|  |TAMS 0x0000000080300000| PB 0x0000000080200000| Complete 
|   3|0x0000000080300000, 0x0000000080400000, 0x0000000080400000|100%| O|  |TAMS 0x0000000080400000| PB 0x0000000080400000| Untracked 
|   4|0x0000000080400000, 0x0000000080500000, 0x0000000080500000|100%| O|  |TAMS 0x0000000080500000| PB 0x0000000080500000| Untracked 
|   5|0x0000000080500000, 0x0000000080600000, 0x0000000080600000|100%| O|  |TAMS 0x0000000080600000| PB 0x0000000080600000| Untracked 
|   6|0x0000000080600000, 0x0000000080700000, 0x0000000080700000|100%|HS|  |TAMS 0x0000000080700000| PB 0x0000000080600000| Complete 
|   7|0x0000000080700000, 0x0000000080800000, 0x0000000080800000|100%| O|  |TAMS 0x0000000080800000| PB 0x0000000080800000| Untracked 
|   8|0x0000000080800000, 0x0000000080900000, 0x0000000080900000|100%| O|  |TAMS 0x0000000080900000| PB 0x0000000080900000| Untracked 
|   9|0x0000000080900000, 0x0000000080a00000, 0x0000000080a00000|100%| O|  |TAMS 0x0000000080a00000| PB 0x0000000080a00000| Untracked 
|  10|0x0000000080a00000, 0x0000000080b00000, 0x0000000080b00000|100%| O|  |TAMS 0x0000000080b00000| PB 0x0000000080b00000| Untracked 
|  11|0x0000000080b00000, 0x0000000080c00000, 0x0000000080c00000|100%| O|  |TAMS 0x0000000080c00000| PB 0x0000000080c00000| Untracked 
|  12|0x0000000080c00000, 0x0000000080d00000, 0x0000000080d00000|100%| O|  |TAMS 0x0000000080d00000| PB 0x0000000080d00000| Untracked 
|  13|0x0000000080d00000, 0x0000000080e00000, 0x0000000080e00000|100%| O|  |TAMS 0x0000000080e00000| PB 0x0000000080e00000| Untracked 
|  14|0x0000000080e00000, 0x0000000080f00000, 0x0000000080f00000|100%| O|  |TAMS 0x0000000080f00000| PB 0x0000000080f00000| Untracked 
|  15|0x0000000080f00000, 0x0000000081000000, 0x0000000081000000|100%| O|  |TAMS 0x0000000081000000| PB 0x0000000081000000| Untracked 
|  16|0x0000000081000000, 0x0000000081100000, 0x0000000081100000|100%| O|  |TAMS 0x0000000081100000| PB 0x0000000081100000| Untracked 
|  17|0x0000000081100000, 0x0000000081200000, 0x0000000081200000|100%| O|  |TAMS 0x0000000081200000| PB 0x0000000081200000| Untracked 
|  18|0x0000000081200000, 0x0000000081300000, 0x0000000081300000|100%| O|  |TAMS 0x0000000081300000| PB 0x0000000081300000| Untracked 
|  19|0x0000000081300000, 0x0000000081400000, 0x0000000081400000|100%| O|  |TAMS 0x0000000081400000| PB 0x0000000081400000| Untracked 
|  20|0x0000000081400000, 0x0000000081500000, 0x0000000081500000|100%| O|  |TAMS 0x0000000081500000| PB 0x0000000081500000| Updating 
|  21|0x0000000081500000, 0x0000000081600000, 0x0000000081600000|100%|HS|  |TAMS 0x0000000081600000| PB 0x0000000081500000| Complete 
|  22|0x0000000081600000, 0x0000000081700000, 0x0000000081700000|100%|HS|  |TAMS 0x0000000081700000| PB 0x0000000081600000| Complete 
|  23|0x0000000081700000, 0x0000000081800000, 0x0000000081800000|100%|HC|  |TAMS 0x0000000081800000| PB 0x0000000081700000| Complete 
|  24|0x0000000081800000, 0x0000000081900000, 0x0000000081900000|100%|HC|  |TAMS 0x0000000081900000| PB 0x0000000081800000| Complete 
|  25|0x0000000081900000, 0x0000000081a00000, 0x0000000081a00000|100%|HC|  |TAMS 0x0000000081a00000| PB 0x0000000081900000| Complete 
|  26|0x0000000081a00000, 0x0000000081b00000, 0x0000000081b00000|100%|HC|  |TAMS 0x0000000081b00000| PB 0x0000000081a00000| Complete 
|  27|0x0000000081b00000, 0x0000000081c00000, 0x0000000081c00000|100%|HC|  |TAMS 0x0000000081c00000| PB 0x0000000081b00000| Complete 
|  28|0x0000000081c00000, 0x0000000081d00000, 0x0000000081d00000|100%|HS|  |TAMS 0x0000000081d00000| PB 0x0000000081c00000| Complete 
|  29|0x0000000081d00000, 0x0000000081e00000, 0x0000000081e00000|100%|HS|  |TAMS 0x0000000081e00000| PB 0x0000000081d00000| Complete 
|  30|0x0000000081e00000, 0x0000000081f00000, 0x0000000081f00000|100%|HC|  |TAMS 0x0000000081f00000| PB 0x0000000081e00000| Complete 
|  31|0x0000000081f00000, 0x0000000082000000, 0x0000000082000000|100%|HS|  |TAMS 0x0000000082000000| PB 0x0000000081f00000| Complete 
|  32|0x0000000082000000, 0x0000000082100000, 0x0000000082100000|100%|HC|  |TAMS 0x0000000082100000| PB 0x0000000082000000| Complete 
|  33|0x0000000082100000, 0x0000000082200000, 0x0000000082200000|100%|HC|  |TAMS 0x0000000082200000| PB 0x0000000082100000| Complete 
|  34|0x0000000082200000, 0x0000000082300000, 0x0000000082300000|100%|HC|  |TAMS 0x0000000082300000| PB 0x0000000082200000| Complete 
|  35|0x0000000082300000, 0x0000000082400000, 0x0000000082400000|100%|HS|  |TAMS 0x0000000082400000| PB 0x0000000082300000| Complete 
|  36|0x0000000082400000, 0x0000000082500000, 0x0000000082500000|100%|HS|  |TAMS 0x0000000082500000| PB 0x0000000082400000| Complete 
|  37|0x0000000082500000, 0x0000000082600000, 0x0000000082600000|100%|HC|  |TAMS 0x0000000082600000| PB 0x0000000082500000| Complete 
|  38|0x0000000082600000, 0x0000000082700000, 0x0000000082700000|100%|HC|  |TAMS 0x0000000082700000| PB 0x0000000082600000| Complete 
|  39|0x0000000082700000, 0x0000000082800000, 0x0000000082800000|100%|HC|  |TAMS 0x0000000082800000| PB 0x0000000082700000| Complete 
|  40|0x0000000082800000, 0x0000000082900000, 0x0000000082900000|100%|HC|  |TAMS 0x0000000082900000| PB 0x0000000082800000| Complete 
|  41|0x0000000082900000, 0x0000000082a00000, 0x0000000082a00000|100%|HC|  |TAMS 0x0000000082a00000| PB 0x0000000082900000| Complete 
|  42|0x0000000082a00000, 0x0000000082b00000, 0x0000000082b00000|100%|HS|  |TAMS 0x0000000082b00000| PB 0x0000000082a00000| Complete 
|  43|0x0000000082b00000, 0x0000000082c00000, 0x0000000082c00000|100%|HS|  |TAMS 0x0000000082c00000| PB 0x0000000082b00000| Complete 
|  44|0x0000000082c00000, 0x0000000082d00000, 0x0000000082d00000|100%|HC|  |TAMS 0x0000000082d00000| PB 0x0000000082c00000| Complete 
|  45|0x0000000082d00000, 0x0000000082e00000, 0x0000000082e00000|100%|HS|  |TAMS 0x0000000082e00000| PB 0x0000000082d00000| Complete 
|  46|0x0000000082e00000, 0x0000000082f00000, 0x0000000082f00000|100%|HC|  |TAMS 0x0000000082f00000| PB 0x0000000082e00000| Complete 
|  47|0x0000000082f00000, 0x0000000083000000, 0x0000000083000000|100%|HC|  |TAMS 0x0000000083000000| PB 0x0000000082f00000| Complete 
|  48|0x0000000083000000, 0x0000000083100000, 0x0000000083100000|100%|HC|  |TAMS 0x0000000083100000| PB 0x0000000083000000| Complete 
|  49|0x0000000083100000, 0x0000000083200000, 0x0000000083200000|100%|HS|  |TAMS 0x0000000083200000| PB 0x0000000083100000| Complete 
|  50|0x0000000083200000, 0x0000000083300000, 0x0000000083300000|100%| O|  |TAMS 0x0000000083300000| PB 0x0000000083300000| Untracked 
|  51|0x0000000083300000, 0x0000000083400000, 0x0000000083400000|100%| O|  |TAMS 0x0000000083400000| PB 0x0000000083400000| Updating 
|  52|0x0000000083400000, 0x0000000083500000, 0x0000000083500000|100%| O|  |TAMS 0x0000000083500000| PB 0x0000000083500000| Updating 
|  53|0x0000000083500000, 0x0000000083600000, 0x0000000083600000|100%| O|  |TAMS 0x0000000083600000| PB 0x0000000083600000| Untracked 
|  54|0x0000000083600000, 0x0000000083700000, 0x0000000083700000|100%| O|  |TAMS 0x0000000083700000| PB 0x0000000083700000| Untracked 
|  55|0x0000000083700000, 0x0000000083800000, 0x0000000083800000|100%| O|  |TAMS 0x0000000083800000| PB 0x0000000083800000| Updating 
|  56|0x0000000083800000, 0x0000000083900000, 0x0000000083900000|100%| O|  |TAMS 0x0000000083900000| PB 0x0000000083900000| Updating 
|  57|0x0000000083900000, 0x0000000083a00000, 0x0000000083a00000|100%| O|  |TAMS 0x0000000083a00000| PB 0x0000000083a00000| Updating 
|  58|0x0000000083a00000, 0x0000000083b00000, 0x0000000083b00000|100%| O|  |TAMS 0x0000000083b00000| PB 0x0000000083b00000| Updating 
|  59|0x0000000083b00000, 0x0000000083c00000, 0x0000000083c00000|100%| O|  |TAMS 0x0000000083c00000| PB 0x0000000083c00000| Updating 
|  60|0x0000000083c00000, 0x0000000083d00000, 0x0000000083d00000|100%|HS|  |TAMS 0x0000000083d00000| PB 0x0000000083c00000| Complete 
|  61|0x0000000083d00000, 0x0000000083e00000, 0x0000000083e00000|100%| O|  |TAMS 0x0000000083e00000| PB 0x0000000083e00000| Untracked 
|  62|0x0000000083e00000, 0x0000000083f00000, 0x0000000083f00000|100%| O|  |TAMS 0x0000000083f00000| PB 0x0000000083f00000| Untracked 
|  63|0x0000000083f00000, 0x0000000084000000, 0x0000000084000000|100%| O|  |TAMS 0x0000000084000000| PB 0x0000000084000000| Untracked 
|  64|0x0000000084000000, 0x0000000084100000, 0x0000000084100000|100%| O|  |TAMS 0x0000000084100000| PB 0x0000000084100000| Untracked 
|  65|0x0000000084100000, 0x0000000084200000, 0x0000000084200000|100%| O|  |TAMS 0x0000000084200000| PB 0x0000000084200000| Updating 
|  66|0x0000000084200000, 0x0000000084300000, 0x0000000084300000|100%|HS|  |TAMS 0x0000000084300000| PB 0x0000000084200000| Complete 
|  67|0x0000000084300000, 0x0000000084400000, 0x0000000084400000|100%|HC|  |TAMS 0x0000000084400000| PB 0x0000000084300000| Complete 
|  68|0x0000000084400000, 0x0000000084500000, 0x0000000084500000|100%|HS|  |TAMS 0x0000000084500000| PB 0x0000000084400000| Complete 
|  69|0x0000000084500000, 0x0000000084600000, 0x0000000084600000|100%|HC|  |TAMS 0x0000000084600000| PB 0x0000000084500000| Complete 
|  70|0x0000000084600000, 0x0000000084700000, 0x0000000084700000|100%|HC|  |TAMS 0x0000000084700000| PB 0x0000000084600000| Complete 
|  71|0x0000000084700000, 0x0000000084800000, 0x0000000084800000|100%|HC|  |TAMS 0x0000000084800000| PB 0x0000000084700000| Complete 
|  72|0x0000000084800000, 0x0000000084900000, 0x0000000084900000|100%|HC|  |TAMS 0x0000000084900000| PB 0x0000000084800000| Complete 
|  73|0x0000000084900000, 0x0000000084a00000, 0x0000000084a00000|100%|HC|  |TAMS 0x0000000084a00000| PB 0x0000000084900000| Complete 
|  74|0x0000000084a00000, 0x0000000084b00000, 0x0000000084b00000|100%|HS|  |TAMS 0x0000000084b00000| PB 0x0000000084a00000| Complete 
|  75|0x0000000084b00000, 0x0000000084c00000, 0x0000000084c00000|100%|HC|  |TAMS 0x0000000084c00000| PB 0x0000000084b00000| Complete 
|  76|0x0000000084c00000, 0x0000000084d00000, 0x0000000084d00000|100%|HC|  |TAMS 0x0000000084d00000| PB 0x0000000084c00000| Complete 
|  77|0x0000000084d00000, 0x0000000084e00000, 0x0000000084e00000|100%|HC|  |TAMS 0x0000000084e00000| PB 0x0000000084d00000| Complete 
|  78|0x0000000084e00000, 0x0000000084f00000, 0x0000000084f00000|100%|HC|  |TAMS 0x0000000084f00000| PB 0x0000000084e00000| Complete 
|  79|0x0000000084f00000, 0x0000000085000000, 0x0000000085000000|100%|HC|  |TAMS 0x0000000085000000| PB 0x0000000084f00000| Complete 
|  80|0x0000000085000000, 0x0000000085100000, 0x0000000085100000|100%| O|  |TAMS 0x0000000085100000| PB 0x0000000085100000| Updating 
|  81|0x0000000085100000, 0x0000000085200000, 0x0000000085200000|100%| O|  |TAMS 0x0000000085200000| PB 0x0000000085200000| Untracked 
|  82|0x0000000085200000, 0x0000000085300000, 0x0000000085300000|100%| O|  |TAMS 0x0000000085300000| PB 0x0000000085300000| Untracked 
|  83|0x0000000085300000, 0x0000000085400000, 0x0000000085400000|100%| O|  |TAMS 0x0000000085400000| PB 0x0000000085400000| Updating 
|  84|0x0000000085400000, 0x0000000085500000, 0x0000000085500000|100%| O|  |TAMS 0x0000000085500000| PB 0x0000000085500000| Updating 
|  85|0x0000000085500000, 0x0000000085600000, 0x0000000085600000|100%| O|  |TAMS 0x0000000085600000| PB 0x0000000085600000| Untracked 
|  86|0x0000000085600000, 0x0000000085700000, 0x0000000085700000|100%| O|  |TAMS 0x0000000085700000| PB 0x0000000085700000| Updating 
|  87|0x0000000085700000, 0x0000000085800000, 0x0000000085800000|100%| O|  |TAMS 0x0000000085800000| PB 0x0000000085800000| Updating 
|  88|0x0000000085800000, 0x0000000085900000, 0x0000000085900000|100%| O|  |TAMS 0x0000000085900000| PB 0x0000000085900000| Updating 
|  89|0x0000000085900000, 0x0000000085a00000, 0x0000000085a00000|100%| O|  |TAMS 0x0000000085a00000| PB 0x0000000085a00000| Updating 
|  90|0x0000000085a00000, 0x0000000085b00000, 0x0000000085b00000|100%| O|  |TAMS 0x0000000085b00000| PB 0x0000000085b00000| Updating 
|  91|0x0000000085b00000, 0x0000000085c00000, 0x0000000085c00000|100%| O|  |TAMS 0x0000000085c00000| PB 0x0000000085c00000| Updating 
|  92|0x0000000085c00000, 0x0000000085d00000, 0x0000000085d00000|100%| O|  |TAMS 0x0000000085c00000| PB 0x0000000085c00000| Untracked 
|  93|0x0000000085d00000, 0x0000000085e00000, 0x0000000085e00000|100%| O|  |TAMS 0x0000000085e00000| PB 0x0000000085e00000| Untracked 
|  94|0x0000000085e00000, 0x0000000085f00000, 0x0000000085f00000|100%| O|  |TAMS 0x0000000085f00000| PB 0x0000000085f00000| Untracked 
|  95|0x0000000085f00000, 0x0000000086000000, 0x0000000086000000|100%| O|  |TAMS 0x0000000086000000| PB 0x0000000086000000| Untracked 
|  96|0x0000000086000000, 0x0000000086100000, 0x0000000086100000|100%| O|  |TAMS 0x0000000086100000| PB 0x0000000086100000| Untracked 
|  97|0x0000000086100000, 0x0000000086200000, 0x0000000086200000|100%| O|  |TAMS 0x0000000086200000| PB 0x0000000086200000| Updating 
|  98|0x0000000086200000, 0x0000000086300000, 0x0000000086300000|100%| O|  |TAMS 0x0000000086300000| PB 0x0000000086300000| Updating 
|  99|0x0000000086300000, 0x0000000086400000, 0x0000000086400000|100%| O|  |TAMS 0x0000000086400000| PB 0x0000000086400000| Updating 
| 100|0x0000000086400000, 0x0000000086500000, 0x0000000086500000|100%| O|  |TAMS 0x0000000086500000| PB 0x0000000086500000| Untracked 
| 101|0x0000000086500000, 0x0000000086600000, 0x0000000086600000|100%| O|  |TAMS 0x0000000086600000| PB 0x0000000086600000| Untracked 
| 102|0x0000000086600000, 0x0000000086700000, 0x0000000086700000|100%| O|  |TAMS 0x0000000086700000| PB 0x0000000086700000| Untracked 
| 103|0x0000000086700000, 0x0000000086800000, 0x0000000086800000|100%|HS|  |TAMS 0x0000000086800000| PB 0x0000000086700000| Complete 
| 104|0x0000000086800000, 0x0000000086900000, 0x0000000086900000|100%|HS|  |TAMS 0x0000000086900000| PB 0x0000000086800000| Complete 
| 105|0x0000000086900000, 0x0000000086a00000, 0x0000000086a00000|100%|HS|  |TAMS 0x0000000086a00000| PB 0x0000000086900000| Complete 
| 106|0x0000000086a00000, 0x0000000086b00000, 0x0000000086b00000|100%| O|  |TAMS 0x0000000086b00000| PB 0x0000000086b00000| Untracked 
| 107|0x0000000086b00000, 0x0000000086c00000, 0x0000000086c00000|100%| O|  |TAMS 0x0000000086c00000| PB 0x0000000086c00000| Untracked 
| 108|0x0000000086c00000, 0x0000000086d00000, 0x0000000086d00000|100%| O|  |TAMS 0x0000000086d00000| PB 0x0000000086d00000| Updating 
| 109|0x0000000086d00000, 0x0000000086e00000, 0x0000000086e00000|100%| O|  |TAMS 0x0000000086e00000| PB 0x0000000086e00000| Updating 
| 110|0x0000000086e00000, 0x0000000086f00000, 0x0000000086f00000|100%| O|  |TAMS 0x0000000086f00000| PB 0x0000000086f00000| Untracked 
| 111|0x0000000086f00000, 0x0000000087000000, 0x0000000087000000|100%| O|  |TAMS 0x0000000087000000| PB 0x0000000087000000| Untracked 
| 112|0x0000000087000000, 0x0000000087100000, 0x0000000087100000|100%| O|  |TAMS 0x0000000087100000| PB 0x0000000087100000| Updating 
| 113|0x0000000087100000, 0x0000000087200000, 0x0000000087200000|100%| O|  |TAMS 0x0000000087200000| PB 0x0000000087200000| Untracked 
| 114|0x0000000087200000, 0x0000000087300000, 0x0000000087300000|100%| O|  |TAMS 0x0000000087300000| PB 0x0000000087300000| Untracked 
| 115|0x0000000087300000, 0x0000000087400000, 0x0000000087400000|100%| O|  |TAMS 0x0000000087400000| PB 0x0000000087400000| Untracked 
| 116|0x0000000087400000, 0x0000000087500000, 0x0000000087500000|100%| O|  |TAMS 0x0000000087500000| PB 0x0000000087500000| Untracked 
| 117|0x0000000087500000, 0x0000000087600000, 0x0000000087600000|100%| O|  |TAMS 0x0000000087600000| PB 0x0000000087600000| Updating 
| 118|0x0000000087600000, 0x0000000087700000, 0x0000000087700000|100%| O|  |TAMS 0x0000000087700000| PB 0x0000000087700000| Untracked 
| 119|0x0000000087700000, 0x0000000087800000, 0x0000000087800000|100%| O|  |TAMS 0x0000000087800000| PB 0x0000000087800000| Updating 
| 120|0x0000000087800000, 0x0000000087900000, 0x0000000087900000|100%| O|  |TAMS 0x0000000087900000| PB 0x0000000087900000| Untracked 
| 121|0x0000000087900000, 0x0000000087a00000, 0x0000000087a00000|100%| O|  |TAMS 0x0000000087a00000| PB 0x0000000087a00000| Untracked 
| 122|0x0000000087a00000, 0x0000000087b00000, 0x0000000087b00000|100%| O|  |TAMS 0x0000000087b00000| PB 0x0000000087b00000| Untracked 
| 123|0x0000000087b00000, 0x0000000087c00000, 0x0000000087c00000|100%| O|  |TAMS 0x0000000087c00000| PB 0x0000000087c00000| Updating 
| 124|0x0000000087c00000, 0x0000000087d00000, 0x0000000087d00000|100%| O|  |TAMS 0x0000000087d00000| PB 0x0000000087d00000| Updating 
| 125|0x0000000087d00000, 0x0000000087e00000, 0x0000000087e00000|100%| O|  |TAMS 0x0000000087e00000| PB 0x0000000087e00000| Updating 
| 126|0x0000000087e00000, 0x0000000087f00000, 0x0000000087f00000|100%| O|  |TAMS 0x0000000087f00000| PB 0x0000000087f00000| Updating 
| 127|0x0000000087f00000, 0x0000000088000000, 0x0000000088000000|100%| O|  |TAMS 0x0000000088000000| PB 0x0000000088000000| Untracked 
| 128|0x0000000088000000, 0x0000000088100000, 0x0000000088100000|100%| O|  |TAMS 0x0000000088100000| PB 0x0000000088100000| Updating 
| 129|0x0000000088100000, 0x0000000088200000, 0x0000000088200000|100%| O|  |TAMS 0x0000000088200000| PB 0x0000000088200000| Updating 
| 130|0x0000000088200000, 0x0000000088300000, 0x0000000088300000|100%| O|  |TAMS 0x0000000088300000| PB 0x0000000088300000| Untracked 
| 131|0x0000000088300000, 0x0000000088400000, 0x0000000088400000|100%| O|  |TAMS 0x0000000088400000| PB 0x0000000088400000| Untracked 
| 132|0x0000000088400000, 0x0000000088500000, 0x0000000088500000|100%| O|  |TAMS 0x0000000088500000| PB 0x0000000088500000| Untracked 
| 133|0x0000000088500000, 0x0000000088600000, 0x0000000088600000|100%| O|  |TAMS 0x0000000088600000| PB 0x0000000088600000| Untracked 
| 134|0x0000000088600000, 0x0000000088700000, 0x0000000088700000|100%|HS|  |TAMS 0x0000000088700000| PB 0x0000000088600000| Complete 
| 135|0x0000000088700000, 0x0000000088800000, 0x0000000088800000|100%|HS|  |TAMS 0x0000000088800000| PB 0x0000000088700000| Complete 
| 136|0x0000000088800000, 0x0000000088900000, 0x0000000088900000|100%| O|  |TAMS 0x0000000088900000| PB 0x0000000088900000| Untracked 
| 137|0x0000000088900000, 0x0000000088a00000, 0x0000000088a00000|100%|HS|  |TAMS 0x0000000088a00000| PB 0x0000000088900000| Complete 
| 138|0x0000000088a00000, 0x0000000088b00000, 0x0000000088b00000|100%| O|  |TAMS 0x0000000088b00000| PB 0x0000000088b00000| Untracked 
| 139|0x0000000088b00000, 0x0000000088c00000, 0x0000000088c00000|100%| O|  |TAMS 0x0000000088c00000| PB 0x0000000088c00000| Updating 
| 140|0x0000000088c00000, 0x0000000088d00000, 0x0000000088d00000|100%| O|  |TAMS 0x0000000088d00000| PB 0x0000000088d00000| Updating 
| 141|0x0000000088d00000, 0x0000000088e00000, 0x0000000088e00000|100%| O|  |TAMS 0x0000000088e00000| PB 0x0000000088e00000| Updating 
| 142|0x0000000088e00000, 0x0000000088f00000, 0x0000000088f00000|100%| O|  |TAMS 0x0000000088f00000| PB 0x0000000088f00000| Untracked 
| 143|0x0000000088f00000, 0x0000000089000000, 0x0000000089000000|100%| O|  |TAMS 0x0000000089000000| PB 0x0000000089000000| Untracked 
| 144|0x0000000089000000, 0x0000000089100000, 0x0000000089100000|100%| O|  |TAMS 0x0000000089100000| PB 0x0000000089100000| Updating 
| 145|0x0000000089100000, 0x0000000089200000, 0x0000000089200000|100%| O|  |TAMS 0x0000000089200000| PB 0x0000000089200000| Untracked 
| 146|0x0000000089200000, 0x0000000089300000, 0x0000000089300000|100%| O|  |TAMS 0x0000000089300000| PB 0x0000000089300000| Updating 
| 147|0x0000000089300000, 0x0000000089400000, 0x0000000089400000|100%| O|  |TAMS 0x0000000089400000| PB 0x0000000089400000| Untracked 
| 148|0x0000000089400000, 0x0000000089500000, 0x0000000089500000|100%| O|  |TAMS 0x0000000089500000| PB 0x0000000089500000| Untracked 
| 149|0x0000000089500000, 0x0000000089600000, 0x0000000089600000|100%| O|  |TAMS 0x0000000089600000| PB 0x0000000089600000| Untracked 
| 150|0x0000000089600000, 0x0000000089700000, 0x0000000089700000|100%| O|  |TAMS 0x0000000089700000| PB 0x0000000089700000| Untracked 
| 151|0x0000000089700000, 0x0000000089800000, 0x0000000089800000|100%| O|  |TAMS 0x0000000089800000| PB 0x0000000089800000| Untracked 
| 152|0x0000000089800000, 0x0000000089900000, 0x0000000089900000|100%| O|  |TAMS 0x0000000089900000| PB 0x0000000089900000| Untracked 
| 153|0x0000000089900000, 0x0000000089a00000, 0x0000000089a00000|100%|HS|  |TAMS 0x0000000089a00000| PB 0x0000000089900000| Complete 
| 154|0x0000000089a00000, 0x0000000089b00000, 0x0000000089b00000|100%| O|  |TAMS 0x0000000089b00000| PB 0x0000000089b00000| Updating 
| 155|0x0000000089b00000, 0x0000000089c00000, 0x0000000089c00000|100%| O|  |TAMS 0x0000000089c00000| PB 0x0000000089c00000| Updating 
| 156|0x0000000089c00000, 0x0000000089d00000, 0x0000000089d00000|100%| O|  |TAMS 0x0000000089d00000| PB 0x0000000089d00000| Untracked 
| 157|0x0000000089d00000, 0x0000000089e00000, 0x0000000089e00000|100%| O|  |TAMS 0x0000000089e00000| PB 0x0000000089e00000| Untracked 
| 158|0x0000000089e00000, 0x0000000089f00000, 0x0000000089f00000|100%| O|  |TAMS 0x0000000089f00000| PB 0x0000000089f00000| Untracked 
| 159|0x0000000089f00000, 0x000000008a000000, 0x000000008a000000|100%| O|  |TAMS 0x000000008a000000| PB 0x000000008a000000| Untracked 
| 160|0x000000008a000000, 0x000000008a100000, 0x000000008a100000|100%| O|  |TAMS 0x000000008a100000| PB 0x000000008a100000| Updating 
| 161|0x000000008a100000, 0x000000008a200000, 0x000000008a200000|100%| O|  |TAMS 0x000000008a200000| PB 0x000000008a200000| Updating 
| 162|0x000000008a200000, 0x000000008a300000, 0x000000008a300000|100%| O|  |TAMS 0x000000008a300000| PB 0x000000008a300000| Updating 
| 163|0x000000008a300000, 0x000000008a400000, 0x000000008a400000|100%| O|  |TAMS 0x000000008a400000| PB 0x000000008a400000| Updating 
| 164|0x000000008a400000, 0x000000008a500000, 0x000000008a500000|100%| O|  |TAMS 0x000000008a500000| PB 0x000000008a500000| Untracked 
| 165|0x000000008a500000, 0x000000008a600000, 0x000000008a600000|100%| O|  |TAMS 0x000000008a500000| PB 0x000000008a500000| Untracked 
| 166|0x000000008a600000, 0x000000008a700000, 0x000000008a700000|100%| O|  |TAMS 0x000000008a700000| PB 0x000000008a700000| Untracked 
| 167|0x000000008a700000, 0x000000008a800000, 0x000000008a800000|100%| O|  |TAMS 0x000000008a800000| PB 0x000000008a800000| Untracked 
| 168|0x000000008a800000, 0x000000008a900000, 0x000000008a900000|100%|HS|  |TAMS 0x000000008a900000| PB 0x000000008a800000| Complete 
| 169|0x000000008a900000, 0x000000008aa00000, 0x000000008aa00000|100%|HC|  |TAMS 0x000000008aa00000| PB 0x000000008a900000| Complete 
| 170|0x000000008aa00000, 0x000000008ab00000, 0x000000008ab00000|100%| O|  |TAMS 0x000000008ab00000| PB 0x000000008ab00000| Updating 
| 171|0x000000008ab00000, 0x000000008ac00000, 0x000000008ac00000|100%| O|  |TAMS 0x000000008ac00000| PB 0x000000008ac00000| Updating 
| 172|0x000000008ac00000, 0x000000008ad00000, 0x000000008ad00000|100%| O|  |TAMS 0x000000008ad00000| PB 0x000000008ad00000| Updating 
| 173|0x000000008ad00000, 0x000000008ae00000, 0x000000008ae00000|100%| O|  |TAMS 0x000000008ae00000| PB 0x000000008ae00000| Updating 
| 174|0x000000008ae00000, 0x000000008af00000, 0x000000008af00000|100%| O|  |TAMS 0x000000008af00000| PB 0x000000008af00000| Updating 
| 175|0x000000008af00000, 0x000000008b000000, 0x000000008b000000|100%| O|  |TAMS 0x000000008b000000| PB 0x000000008b000000| Untracked 
| 176|0x000000008b000000, 0x000000008b100000, 0x000000008b100000|100%| O|  |TAMS 0x000000008b100000| PB 0x000000008b100000| Updating 
| 177|0x000000008b100000, 0x000000008b200000, 0x000000008b200000|100%| O|  |TAMS 0x000000008b100000| PB 0x000000008b100000| Untracked 
| 178|0x000000008b200000, 0x000000008b300000, 0x000000008b300000|100%| O|  |TAMS 0x000000008b200000| PB 0x000000008b200000| Untracked 
| 179|0x000000008b300000, 0x000000008b400000, 0x000000008b400000|100%| O|  |TAMS 0x000000008b300000| PB 0x000000008b300000| Untracked 
| 180|0x000000008b400000, 0x000000008b500000, 0x000000008b500000|100%|HS|  |TAMS 0x000000008b500000| PB 0x000000008b400000| Complete 
| 181|0x000000008b500000, 0x000000008b600000, 0x000000008b600000|100%|HC|  |TAMS 0x000000008b600000| PB 0x000000008b500000| Complete 
| 182|0x000000008b600000, 0x000000008b700000, 0x000000008b700000|100%| O|  |TAMS 0x000000008b700000| PB 0x000000008b700000| Untracked 
| 183|0x000000008b700000, 0x000000008b800000, 0x000000008b800000|100%| O|  |TAMS 0x000000008b800000| PB 0x000000008b800000| Updating 
| 184|0x000000008b800000, 0x000000008b900000, 0x000000008b900000|100%| O|  |TAMS 0x000000008b900000| PB 0x000000008b900000| Updating 
| 185|0x000000008b900000, 0x000000008ba00000, 0x000000008ba00000|100%|HS|  |TAMS 0x000000008ba00000| PB 0x000000008b900000| Complete 
| 186|0x000000008ba00000, 0x000000008bb00000, 0x000000008bb00000|100%| O|  |TAMS 0x000000008bb00000| PB 0x000000008bb00000| Untracked 
| 187|0x000000008bb00000, 0x000000008bc00000, 0x000000008bc00000|100%| O|  |TAMS 0x000000008bc00000| PB 0x000000008bc00000| Untracked 
| 188|0x000000008bc00000, 0x000000008bd00000, 0x000000008bd00000|100%| O|  |TAMS 0x000000008bd00000| PB 0x000000008bd00000| Untracked 
| 189|0x000000008bd00000, 0x000000008be00000, 0x000000008be00000|100%|HS|  |TAMS 0x000000008be00000| PB 0x000000008bd00000| Complete 
| 190|0x000000008be00000, 0x000000008bf00000, 0x000000008bf00000|100%| O|  |TAMS 0x000000008bf00000| PB 0x000000008bf00000| Untracked 
| 191|0x000000008bf00000, 0x000000008c000000, 0x000000008c000000|100%| O|  |TAMS 0x000000008c000000| PB 0x000000008c000000| Untracked 
| 192|0x000000008c000000, 0x000000008c100000, 0x000000008c100000|100%| O|  |TAMS 0x000000008c100000| PB 0x000000008c100000| Untracked 
| 193|0x000000008c100000, 0x000000008c200000, 0x000000008c200000|100%| O|  |TAMS 0x000000008c200000| PB 0x000000008c200000| Untracked 
| 194|0x000000008c200000, 0x000000008c300000, 0x000000008c300000|100%| O|  |TAMS 0x000000008c300000| PB 0x000000008c300000| Untracked 
| 195|0x000000008c300000, 0x000000008c400000, 0x000000008c400000|100%| O|  |TAMS 0x000000008c300000| PB 0x000000008c300000| Untracked 
| 196|0x000000008c400000, 0x000000008c500000, 0x000000008c500000|100%|HS|  |TAMS 0x000000008c500000| PB 0x000000008c400000| Complete 
| 197|0x000000008c500000, 0x000000008c600000, 0x000000008c600000|100%|HS|  |TAMS 0x000000008c600000| PB 0x000000008c500000| Complete 
| 198|0x000000008c600000, 0x000000008c700000, 0x000000008c700000|100%|HC|  |TAMS 0x000000008c700000| PB 0x000000008c600000| Complete 
| 199|0x000000008c700000, 0x000000008c800000, 0x000000008c800000|100%|HS|  |TAMS 0x000000008c800000| PB 0x000000008c700000| Complete 
| 200|0x000000008c800000, 0x000000008c900000, 0x000000008c900000|100%|HS|  |TAMS 0x000000008c900000| PB 0x000000008c800000| Complete 
| 201|0x000000008c900000, 0x000000008ca00000, 0x000000008ca00000|100%|HC|  |TAMS 0x000000008ca00000| PB 0x000000008c900000| Complete 
| 202|0x000000008ca00000, 0x000000008cb00000, 0x000000008cb00000|100%|HS|  |TAMS 0x000000008cb00000| PB 0x000000008ca00000| Complete 
| 203|0x000000008cb00000, 0x000000008cc00000, 0x000000008cc00000|100%|HC|  |TAMS 0x000000008cc00000| PB 0x000000008cb00000| Complete 
| 204|0x000000008cc00000, 0x000000008cd00000, 0x000000008cd00000|100%| O|  |TAMS 0x000000008cd00000| PB 0x000000008cd00000| Untracked 
| 205|0x000000008cd00000, 0x000000008ce00000, 0x000000008ce00000|100%| O|  |TAMS 0x000000008ce00000| PB 0x000000008ce00000| Updating 
| 206|0x000000008ce00000, 0x000000008cf00000, 0x000000008cf00000|100%| O|  |TAMS 0x000000008cf00000| PB 0x000000008cf00000| Untracked 
| 207|0x000000008cf00000, 0x000000008d000000, 0x000000008d000000|100%| O|  |TAMS 0x000000008d000000| PB 0x000000008d000000| Updating 
| 208|0x000000008d000000, 0x000000008d100000, 0x000000008d100000|100%| O|  |TAMS 0x000000008d100000| PB 0x000000008d100000| Updating 
| 209|0x000000008d100000, 0x000000008d200000, 0x000000008d200000|100%| O|  |TAMS 0x000000008d200000| PB 0x000000008d200000| Untracked 
| 210|0x000000008d200000, 0x000000008d300000, 0x000000008d300000|100%| O|  |TAMS 0x000000008d300000| PB 0x000000008d300000| Untracked 
| 211|0x000000008d300000, 0x000000008d400000, 0x000000008d400000|100%| O|  |TAMS 0x000000008d400000| PB 0x000000008d400000| Untracked 
| 212|0x000000008d400000, 0x000000008d500000, 0x000000008d500000|100%| O|  |TAMS 0x000000008d500000| PB 0x000000008d500000| Updating 
| 213|0x000000008d500000, 0x000000008d500000, 0x000000008d600000|  0%| F|  |TAMS 0x000000008d500000| PB 0x000000008d500000| Untracked 
| 214|0x000000008d600000, 0x000000008d600000, 0x000000008d700000|  0%| F|  |TAMS 0x000000008d600000| PB 0x000000008d600000| Untracked 
| 215|0x000000008d700000, 0x000000008d800000, 0x000000008d800000|100%| O|  |TAMS 0x000000008d800000| PB 0x000000008d800000| Updating 
| 216|0x000000008d800000, 0x000000008d800000, 0x000000008d900000|  0%| F|  |TAMS 0x000000008d800000| PB 0x000000008d800000| Untracked 
| 217|0x000000008d900000, 0x000000008da00000, 0x000000008da00000|100%| O|  |TAMS 0x000000008da00000| PB 0x000000008da00000| Untracked 
| 218|0x000000008da00000, 0x000000008db00000, 0x000000008db00000|100%| O|  |TAMS 0x000000008db00000| PB 0x000000008db00000| Untracked 
| 219|0x000000008db00000, 0x000000008dc00000, 0x000000008dc00000|100%|HS|  |TAMS 0x000000008dc00000| PB 0x000000008db00000| Complete 
| 220|0x000000008dc00000, 0x000000008dd00000, 0x000000008dd00000|100%|HC|  |TAMS 0x000000008dd00000| PB 0x000000008dc00000| Complete 
| 221|0x000000008dd00000, 0x000000008de00000, 0x000000008de00000|100%|HC|  |TAMS 0x000000008de00000| PB 0x000000008dd00000| Complete 
| 222|0x000000008de00000, 0x000000008df00000, 0x000000008df00000|100%| O|  |TAMS 0x000000008df00000| PB 0x000000008df00000| Updating 
| 223|0x000000008df00000, 0x000000008df00000, 0x000000008e000000|  0%| F|  |TAMS 0x000000008df00000| PB 0x000000008df00000| Untracked 
| 224|0x000000008e000000, 0x000000008e100000, 0x000000008e100000|100%| O|  |TAMS 0x000000008e100000| PB 0x000000008e100000| Updating 
| 225|0x000000008e100000, 0x000000008e200000, 0x000000008e200000|100%| O|  |TAMS 0x000000008e200000| PB 0x000000008e200000| Updating 
| 226|0x000000008e200000, 0x000000008e200000, 0x000000008e300000|  0%| F|  |TAMS 0x000000008e200000| PB 0x000000008e200000| Untracked 
| 227|0x000000008e300000, 0x000000008e400000, 0x000000008e400000|100%| O|  |TAMS 0x000000008e400000| PB 0x000000008e400000| Updating 
| 228|0x000000008e400000, 0x000000008e500000, 0x000000008e500000|100%| O|  |TAMS 0x000000008e500000| PB 0x000000008e500000| Updating 
| 229|0x000000008e500000, 0x000000008e600000, 0x000000008e600000|100%| O|  |TAMS 0x000000008e600000| PB 0x000000008e600000| Untracked 
| 230|0x000000008e600000, 0x000000008e600000, 0x000000008e700000|  0%| F|  |TAMS 0x000000008e600000| PB 0x000000008e600000| Untracked 
| 231|0x000000008e700000, 0x000000008e700000, 0x000000008e800000|  0%| F|  |TAMS 0x000000008e700000| PB 0x000000008e700000| Untracked 
| 232|0x000000008e800000, 0x000000008e900000, 0x000000008e900000|100%| O|  |TAMS 0x000000008e900000| PB 0x000000008e900000| Updating 
| 233|0x000000008e900000, 0x000000008ea00000, 0x000000008ea00000|100%| O|  |TAMS 0x000000008ea00000| PB 0x000000008ea00000| Updating 
| 234|0x000000008ea00000, 0x000000008eb00000, 0x000000008eb00000|100%| O|  |TAMS 0x000000008eb00000| PB 0x000000008eb00000| Updating 
| 235|0x000000008eb00000, 0x000000008eb00000, 0x000000008ec00000|  0%| F|  |TAMS 0x000000008eb00000| PB 0x000000008eb00000| Untracked 
| 236|0x000000008ec00000, 0x000000008ed00000, 0x000000008ed00000|100%| O|  |TAMS 0x000000008ed00000| PB 0x000000008ed00000| Updating 
| 237|0x000000008ed00000, 0x000000008ee00000, 0x000000008ee00000|100%| O|  |TAMS 0x000000008ee00000| PB 0x000000008ee00000| Updating 
| 238|0x000000008ee00000, 0x000000008ef00000, 0x000000008ef00000|100%| O|  |TAMS 0x000000008ef00000| PB 0x000000008ef00000| Updating 
| 239|0x000000008ef00000, 0x000000008f000000, 0x000000008f000000|100%| O|  |TAMS 0x000000008f000000| PB 0x000000008f000000| Updating 
| 240|0x000000008f000000, 0x000000008f100000, 0x000000008f100000|100%| O|  |TAMS 0x000000008f100000| PB 0x000000008f100000| Updating 
| 241|0x000000008f100000, 0x000000008f200000, 0x000000008f200000|100%| O|  |TAMS 0x000000008f200000| PB 0x000000008f200000| Updating 
| 242|0x000000008f200000, 0x000000008f300000, 0x000000008f300000|100%| O|  |TAMS 0x000000008f300000| PB 0x000000008f300000| Updating 
| 243|0x000000008f300000, 0x000000008f400000, 0x000000008f400000|100%| O|  |TAMS 0x000000008f400000| PB 0x000000008f400000| Updating 
| 244|0x000000008f400000, 0x000000008f500000, 0x000000008f500000|100%| O|  |TAMS 0x000000008f500000| PB 0x000000008f500000| Untracked 
| 245|0x000000008f500000, 0x000000008f600000, 0x000000008f600000|100%| O|  |TAMS 0x000000008f600000| PB 0x000000008f600000| Untracked 
| 246|0x000000008f600000, 0x000000008f700000, 0x000000008f700000|100%| O|  |TAMS 0x000000008f700000| PB 0x000000008f700000| Untracked 
| 247|0x000000008f700000, 0x000000008f800000, 0x000000008f800000|100%| O|  |TAMS 0x000000008f700000| PB 0x000000008f700000| Untracked 
| 248|0x000000008f800000, 0x000000008f900000, 0x000000008f900000|100%| O|  |TAMS 0x000000008f800000| PB 0x000000008f800000| Untracked 
| 249|0x000000008f900000, 0x000000008fa00000, 0x000000008fa00000|100%| O|  |TAMS 0x000000008f900000| PB 0x000000008f900000| Untracked 
| 250|0x000000008fa00000, 0x000000008fa00000, 0x000000008fb00000|  0%| F|  |TAMS 0x000000008fa00000| PB 0x000000008fa00000| Untracked 
| 251|0x000000008fb00000, 0x000000008fb00000, 0x000000008fc00000|  0%| F|  |TAMS 0x000000008fb00000| PB 0x000000008fb00000| Untracked 
| 252|0x000000008fc00000, 0x000000008fd00000, 0x000000008fd00000|100%| O|  |TAMS 0x000000008fd00000| PB 0x000000008fd00000| Updating 
| 253|0x000000008fd00000, 0x000000008fe00000, 0x000000008fe00000|100%| O|  |TAMS 0x000000008fe00000| PB 0x000000008fe00000| Updating 
| 254|0x000000008fe00000, 0x000000008ff00000, 0x000000008ff00000|100%| O|  |TAMS 0x000000008ff00000| PB 0x000000008ff00000| Updating 
| 255|0x000000008ff00000, 0x0000000090000000, 0x0000000090000000|100%| O|  |TAMS 0x0000000090000000| PB 0x0000000090000000| Updating 
| 256|0x0000000090000000, 0x0000000090100000, 0x0000000090100000|100%| O|  |TAMS 0x0000000090100000| PB 0x0000000090100000| Updating 
| 257|0x0000000090100000, 0x0000000090200000, 0x0000000090200000|100%| O|  |TAMS 0x0000000090200000| PB 0x0000000090200000| Updating 
| 258|0x0000000090200000, 0x0000000090300000, 0x0000000090300000|100%| O|  |TAMS 0x0000000090300000| PB 0x0000000090300000| Updating 
| 259|0x0000000090300000, 0x0000000090400000, 0x0000000090400000|100%|HS|  |TAMS 0x0000000090400000| PB 0x0000000090300000| Complete 
| 260|0x0000000090400000, 0x0000000090500000, 0x0000000090500000|100%| O|  |TAMS 0x0000000090500000| PB 0x0000000090500000| Updating 
| 261|0x0000000090500000, 0x0000000090600000, 0x0000000090600000|100%| O|  |TAMS 0x0000000090600000| PB 0x0000000090600000| Updating 
| 262|0x0000000090600000, 0x0000000090700000, 0x0000000090700000|100%| O|  |TAMS 0x0000000090700000| PB 0x0000000090700000| Updating 
| 263|0x0000000090700000, 0x0000000090800000, 0x0000000090800000|100%| O|  |TAMS 0x0000000090800000| PB 0x0000000090800000| Updating 
| 264|0x0000000090800000, 0x0000000090900000, 0x0000000090900000|100%| O|  |TAMS 0x0000000090900000| PB 0x0000000090900000| Updating 
| 265|0x0000000090900000, 0x0000000090a00000, 0x0000000090a00000|100%| O|  |TAMS 0x0000000090a00000| PB 0x0000000090a00000| Updating 
| 266|0x0000000090a00000, 0x0000000090b00000, 0x0000000090b00000|100%| O|  |TAMS 0x0000000090b00000| PB 0x0000000090b00000| Updating 
| 267|0x0000000090b00000, 0x0000000090c00000, 0x0000000090c00000|100%| O|  |TAMS 0x0000000090c00000| PB 0x0000000090c00000| Updating 
| 268|0x0000000090c00000, 0x0000000090d00000, 0x0000000090d00000|100%| O|  |TAMS 0x0000000090c00000| PB 0x0000000090c00000| Untracked 
| 269|0x0000000090d00000, 0x0000000090e00000, 0x0000000090e00000|100%|HS|  |TAMS 0x0000000090e00000| PB 0x0000000090d00000| Complete 
| 270|0x0000000090e00000, 0x0000000090f00000, 0x0000000090f00000|100%| O|  |TAMS 0x0000000090f00000| PB 0x0000000090f00000| Updating 
| 271|0x0000000090f00000, 0x0000000091000000, 0x0000000091000000|100%| O|  |TAMS 0x0000000091000000| PB 0x0000000091000000| Updating 
| 272|0x0000000091000000, 0x0000000091100000, 0x0000000091100000|100%| O|  |TAMS 0x0000000091100000| PB 0x0000000091100000| Untracked 
| 273|0x0000000091100000, 0x0000000091200000, 0x0000000091200000|100%| O|  |TAMS 0x0000000091200000| PB 0x0000000091200000| Updating 
| 274|0x0000000091200000, 0x0000000091300000, 0x0000000091300000|100%| O|  |TAMS 0x0000000091300000| PB 0x0000000091300000| Updating 
| 275|0x0000000091300000, 0x0000000091400000, 0x0000000091400000|100%| O|  |TAMS 0x0000000091400000| PB 0x0000000091400000| Updating 
| 276|0x0000000091400000, 0x0000000091500000, 0x0000000091500000|100%| O|  |TAMS 0x0000000091500000| PB 0x0000000091500000| Updating 
| 277|0x0000000091500000, 0x0000000091600000, 0x0000000091600000|100%| O|  |TAMS 0x0000000091600000| PB 0x0000000091600000| Updating 
| 278|0x0000000091600000, 0x0000000091600000, 0x0000000091700000|  0%| F|  |TAMS 0x0000000091600000| PB 0x0000000091600000| Untracked 
| 279|0x0000000091700000, 0x0000000091700000, 0x0000000091800000|  0%| F|  |TAMS 0x0000000091700000| PB 0x0000000091700000| Untracked 
| 280|0x0000000091800000, 0x0000000091900000, 0x0000000091900000|100%| O|  |TAMS 0x0000000091900000| PB 0x0000000091900000| Updating 
| 281|0x0000000091900000, 0x0000000091a00000, 0x0000000091a00000|100%| O|  |TAMS 0x0000000091a00000| PB 0x0000000091a00000| Updating 
| 282|0x0000000091a00000, 0x0000000091b00000, 0x0000000091b00000|100%| O|  |TAMS 0x0000000091b00000| PB 0x0000000091b00000| Untracked 
| 283|0x0000000091b00000, 0x0000000091c00000, 0x0000000091c00000|100%| O|  |TAMS 0x0000000091c00000| PB 0x0000000091c00000| Untracked 
| 284|0x0000000091c00000, 0x0000000091d00000, 0x0000000091d00000|100%| O|  |TAMS 0x0000000091d00000| PB 0x0000000091d00000| Untracked 
| 285|0x0000000091d00000, 0x0000000091d00000, 0x0000000091e00000|  0%| F|  |TAMS 0x0000000091d00000| PB 0x0000000091d00000| Untracked 
| 286|0x0000000091e00000, 0x0000000091e00000, 0x0000000091f00000|  0%| F|  |TAMS 0x0000000091e00000| PB 0x0000000091e00000| Untracked 
| 287|0x0000000091f00000, 0x0000000091f00000, 0x0000000092000000|  0%| F|  |TAMS 0x0000000091f00000| PB 0x0000000091f00000| Untracked 
| 288|0x0000000092000000, 0x0000000092100000, 0x0000000092100000|100%| O|  |TAMS 0x0000000092100000| PB 0x0000000092100000| Untracked 
| 289|0x0000000092100000, 0x0000000092200000, 0x0000000092200000|100%| O|  |TAMS 0x0000000092200000| PB 0x0000000092200000| Untracked 
| 290|0x0000000092200000, 0x0000000092300000, 0x0000000092300000|100%| O|  |TAMS 0x0000000092300000| PB 0x0000000092300000| Untracked 
| 291|0x0000000092300000, 0x0000000092400000, 0x0000000092400000|100%| O|  |TAMS 0x0000000092400000| PB 0x0000000092400000| Untracked 
| 292|0x0000000092400000, 0x0000000092500000, 0x0000000092500000|100%| O|  |TAMS 0x0000000092500000| PB 0x0000000092500000| Untracked 
| 293|0x0000000092500000, 0x0000000092600000, 0x0000000092600000|100%| O|  |TAMS 0x0000000092600000| PB 0x0000000092600000| Untracked 
| 294|0x0000000092600000, 0x0000000092700000, 0x0000000092700000|100%| O|  |TAMS 0x0000000092700000| PB 0x0000000092700000| Untracked 
| 295|0x0000000092700000, 0x0000000092800000, 0x0000000092800000|100%| O|  |TAMS 0x0000000092800000| PB 0x0000000092800000| Untracked 
| 296|0x0000000092800000, 0x0000000092900000, 0x0000000092900000|100%| O|  |TAMS 0x0000000092900000| PB 0x0000000092900000| Untracked 
| 297|0x0000000092900000, 0x0000000092a00000, 0x0000000092a00000|100%| O|  |TAMS 0x0000000092a00000| PB 0x0000000092a00000| Untracked 
| 298|0x0000000092a00000, 0x0000000092b00000, 0x0000000092b00000|100%| O|  |TAMS 0x0000000092b00000| PB 0x0000000092b00000| Untracked 
| 299|0x0000000092b00000, 0x0000000092c00000, 0x0000000092c00000|100%| O|  |TAMS 0x0000000092c00000| PB 0x0000000092c00000| Untracked 
| 300|0x0000000092c00000, 0x0000000092d00000, 0x0000000092d00000|100%| O|  |TAMS 0x0000000092d00000| PB 0x0000000092d00000| Untracked 
| 301|0x0000000092d00000, 0x0000000092e00000, 0x0000000092e00000|100%| O|  |TAMS 0x0000000092e00000| PB 0x0000000092e00000| Untracked 
| 302|0x0000000092e00000, 0x0000000092f00000, 0x0000000092f00000|100%| O|  |TAMS 0x0000000092f00000| PB 0x0000000092f00000| Untracked 
| 303|0x0000000092f00000, 0x0000000093000000, 0x0000000093000000|100%| O|  |TAMS 0x0000000093000000| PB 0x0000000093000000| Untracked 
| 304|0x0000000093000000, 0x0000000093100000, 0x0000000093100000|100%| O|  |TAMS 0x0000000093100000| PB 0x0000000093100000| Untracked 
| 305|0x0000000093100000, 0x0000000093200000, 0x0000000093200000|100%| O|  |TAMS 0x0000000093200000| PB 0x0000000093200000| Untracked 
| 306|0x0000000093200000, 0x0000000093300000, 0x0000000093300000|100%| O|  |TAMS 0x0000000093300000| PB 0x0000000093300000| Untracked 
| 307|0x0000000093300000, 0x0000000093400000, 0x0000000093400000|100%| O|  |TAMS 0x0000000093400000| PB 0x0000000093400000| Untracked 
| 308|0x0000000093400000, 0x0000000093500000, 0x0000000093500000|100%| O|  |TAMS 0x0000000093500000| PB 0x0000000093500000| Untracked 
| 309|0x0000000093500000, 0x0000000093600000, 0x0000000093600000|100%| O|  |TAMS 0x0000000093600000| PB 0x0000000093600000| Untracked 
| 310|0x0000000093600000, 0x0000000093700000, 0x0000000093700000|100%| O|  |TAMS 0x0000000093700000| PB 0x0000000093700000| Untracked 
| 311|0x0000000093700000, 0x0000000093800000, 0x0000000093800000|100%| O|  |TAMS 0x0000000093800000| PB 0x0000000093800000| Untracked 
| 312|0x0000000093800000, 0x0000000093900000, 0x0000000093900000|100%| O|  |TAMS 0x0000000093900000| PB 0x0000000093900000| Untracked 
| 313|0x0000000093900000, 0x0000000093a00000, 0x0000000093a00000|100%| O|  |TAMS 0x0000000093a00000| PB 0x0000000093a00000| Untracked 
| 314|0x0000000093a00000, 0x0000000093b00000, 0x0000000093b00000|100%| O|  |TAMS 0x0000000093b00000| PB 0x0000000093b00000| Untracked 
| 315|0x0000000093b00000, 0x0000000093c00000, 0x0000000093c00000|100%| O|  |TAMS 0x0000000093c00000| PB 0x0000000093c00000| Untracked 
| 316|0x0000000093c00000, 0x0000000093d00000, 0x0000000093d00000|100%| O|  |TAMS 0x0000000093d00000| PB 0x0000000093d00000| Updating 
| 317|0x0000000093d00000, 0x0000000093e00000, 0x0000000093e00000|100%| O|  |TAMS 0x0000000093e00000| PB 0x0000000093e00000| Updating 
| 318|0x0000000093e00000, 0x0000000093f00000, 0x0000000093f00000|100%| O|  |TAMS 0x0000000093f00000| PB 0x0000000093f00000| Updating 
| 319|0x0000000093f00000, 0x0000000094000000, 0x0000000094000000|100%| O|  |TAMS 0x0000000094000000| PB 0x0000000094000000| Updating 
| 320|0x0000000094000000, 0x0000000094100000, 0x0000000094100000|100%| O|  |TAMS 0x0000000094100000| PB 0x0000000094100000| Updating 
| 321|0x0000000094100000, 0x0000000094200000, 0x0000000094200000|100%| O|  |TAMS 0x0000000094200000| PB 0x0000000094200000| Untracked 
| 322|0x0000000094200000, 0x0000000094300000, 0x0000000094300000|100%| O|  |TAMS 0x0000000094300000| PB 0x0000000094300000| Untracked 
| 323|0x0000000094300000, 0x0000000094400000, 0x0000000094400000|100%| O|  |TAMS 0x0000000094400000| PB 0x0000000094400000| Updating 
| 324|0x0000000094400000, 0x0000000094500000, 0x0000000094500000|100%| O|  |TAMS 0x0000000094500000| PB 0x0000000094500000| Untracked 
| 325|0x0000000094500000, 0x0000000094600000, 0x0000000094600000|100%| O|  |TAMS 0x0000000094600000| PB 0x0000000094600000| Untracked 
| 326|0x0000000094600000, 0x0000000094700000, 0x0000000094700000|100%| O|  |TAMS 0x0000000094700000| PB 0x0000000094700000| Untracked 
| 327|0x0000000094700000, 0x0000000094800000, 0x0000000094800000|100%| O|  |TAMS 0x0000000094800000| PB 0x0000000094800000| Untracked 
| 328|0x0000000094800000, 0x0000000094900000, 0x0000000094900000|100%| O|  |TAMS 0x0000000094900000| PB 0x0000000094900000| Untracked 
| 329|0x0000000094900000, 0x0000000094a00000, 0x0000000094a00000|100%| O|  |TAMS 0x0000000094a00000| PB 0x0000000094a00000| Untracked 
| 330|0x0000000094a00000, 0x0000000094b00000, 0x0000000094b00000|100%| O|  |TAMS 0x0000000094b00000| PB 0x0000000094b00000| Updating 
| 331|0x0000000094b00000, 0x0000000094c00000, 0x0000000094c00000|100%| O|  |TAMS 0x0000000094c00000| PB 0x0000000094c00000| Untracked 
| 332|0x0000000094c00000, 0x0000000094d00000, 0x0000000094d00000|100%| O|  |TAMS 0x0000000094c00000| PB 0x0000000094c00000| Untracked 
| 333|0x0000000094d00000, 0x0000000094e00000, 0x0000000094e00000|100%| O|  |TAMS 0x0000000094d00000| PB 0x0000000094d00000| Untracked 
| 334|0x0000000094e00000, 0x0000000094f00000, 0x0000000094f00000|100%| O|  |TAMS 0x0000000094e00000| PB 0x0000000094e00000| Untracked 
| 335|0x0000000094f00000, 0x0000000095000000, 0x0000000095000000|100%| O|  |TAMS 0x0000000094f00000| PB 0x0000000094f00000| Untracked 
| 336|0x0000000095000000, 0x00000000950fa218, 0x0000000095100000| 97%| O|  |TAMS 0x0000000095000000| PB 0x0000000095000000| Untracked 
| 337|0x0000000095100000, 0x0000000095200000, 0x0000000095200000|100%|HS|  |TAMS 0x0000000095100000| PB 0x0000000095100000| Complete 
| 338|0x0000000095200000, 0x0000000095300000, 0x0000000095300000|100%|HS|  |TAMS 0x0000000095200000| PB 0x0000000095200000| Complete 
| 339|0x0000000095300000, 0x0000000095400000, 0x0000000095400000|100%|HS|  |TAMS 0x0000000095300000| PB 0x0000000095300000| Complete 
| 340|0x0000000095400000, 0x0000000095500000, 0x0000000095500000|100%|HC|  |TAMS 0x0000000095400000| PB 0x0000000095400000| Complete 
| 341|0x0000000095500000, 0x0000000095500000, 0x0000000095600000|  0%| F|  |TAMS 0x0000000095500000| PB 0x0000000095500000| Untracked 
| 342|0x0000000095600000, 0x0000000095600000, 0x0000000095700000|  0%| F|  |TAMS 0x0000000095600000| PB 0x0000000095600000| Untracked 
| 343|0x0000000095700000, 0x0000000095700000, 0x0000000095800000|  0%| F|  |TAMS 0x0000000095700000| PB 0x0000000095700000| Untracked 
| 344|0x0000000095800000, 0x0000000095800000, 0x0000000095900000|  0%| F|  |TAMS 0x0000000095800000| PB 0x0000000095800000| Untracked 
| 345|0x0000000095900000, 0x0000000095900000, 0x0000000095a00000|  0%| F|  |TAMS 0x0000000095900000| PB 0x0000000095900000| Untracked 
| 346|0x0000000095a00000, 0x0000000095a00000, 0x0000000095b00000|  0%| F|  |TAMS 0x0000000095a00000| PB 0x0000000095a00000| Untracked 
| 347|0x0000000095b00000, 0x0000000095b00000, 0x0000000095c00000|  0%| F|  |TAMS 0x0000000095b00000| PB 0x0000000095b00000| Untracked 
| 348|0x0000000095c00000, 0x0000000095c00000, 0x0000000095d00000|  0%| F|  |TAMS 0x0000000095c00000| PB 0x0000000095c00000| Untracked 
| 349|0x0000000095d00000, 0x0000000095e00000, 0x0000000095e00000|100%| O|  |TAMS 0x0000000095e00000| PB 0x0000000095e00000| Untracked 
| 350|0x0000000095e00000, 0x0000000095f00000, 0x0000000095f00000|100%| O|  |TAMS 0x0000000095f00000| PB 0x0000000095f00000| Untracked 
| 351|0x0000000095f00000, 0x0000000096000000, 0x0000000096000000|100%| O|  |TAMS 0x0000000096000000| PB 0x0000000096000000| Untracked 
| 352|0x0000000096000000, 0x0000000096100000, 0x0000000096100000|100%| O|  |TAMS 0x0000000096100000| PB 0x0000000096100000| Untracked 
| 353|0x0000000096100000, 0x0000000096200000, 0x0000000096200000|100%| O|  |TAMS 0x0000000096200000| PB 0x0000000096200000| Untracked 
| 354|0x0000000096200000, 0x0000000096300000, 0x0000000096300000|100%| O|  |TAMS 0x0000000096300000| PB 0x0000000096300000| Untracked 
| 355|0x0000000096300000, 0x0000000096400000, 0x0000000096400000|100%| O|  |TAMS 0x0000000096400000| PB 0x0000000096400000| Updating 
| 356|0x0000000096400000, 0x0000000096500000, 0x0000000096500000|100%| O|  |TAMS 0x0000000096500000| PB 0x0000000096500000| Untracked 
| 357|0x0000000096500000, 0x0000000096600000, 0x0000000096600000|100%| O|  |TAMS 0x0000000096600000| PB 0x0000000096600000| Untracked 
| 358|0x0000000096600000, 0x0000000096700000, 0x0000000096700000|100%| O|  |TAMS 0x0000000096700000| PB 0x0000000096700000| Updating 
| 359|0x0000000096700000, 0x0000000096800000, 0x0000000096800000|100%| O|  |TAMS 0x0000000096800000| PB 0x0000000096800000| Updating 
| 360|0x0000000096800000, 0x0000000096900000, 0x0000000096900000|100%| O|  |TAMS 0x0000000096900000| PB 0x0000000096900000| Untracked 
| 361|0x0000000096900000, 0x0000000096a00000, 0x0000000096a00000|100%| O|  |TAMS 0x0000000096a00000| PB 0x0000000096a00000| Untracked 
| 362|0x0000000096a00000, 0x0000000096b00000, 0x0000000096b00000|100%| O|  |TAMS 0x0000000096b00000| PB 0x0000000096b00000| Updating 
| 363|0x0000000096b00000, 0x0000000096c00000, 0x0000000096c00000|100%| O|  |TAMS 0x0000000096c00000| PB 0x0000000096c00000| Updating 
| 364|0x0000000096c00000, 0x0000000096d00000, 0x0000000096d00000|100%| O|  |TAMS 0x0000000096d00000| PB 0x0000000096d00000| Untracked 
| 365|0x0000000096d00000, 0x0000000096e00000, 0x0000000096e00000|100%| O|  |TAMS 0x0000000096e00000| PB 0x0000000096e00000| Untracked 
| 366|0x0000000096e00000, 0x0000000096f00000, 0x0000000096f00000|100%| O|  |TAMS 0x0000000096f00000| PB 0x0000000096f00000| Updating 
| 367|0x0000000096f00000, 0x0000000097000000, 0x0000000097000000|100%| O|  |TAMS 0x0000000097000000| PB 0x0000000097000000| Updating 
| 368|0x0000000097000000, 0x0000000097100000, 0x0000000097100000|100%| O|  |TAMS 0x0000000097100000| PB 0x0000000097100000| Updating 
| 369|0x0000000097100000, 0x0000000097200000, 0x0000000097200000|100%| O|  |TAMS 0x0000000097200000| PB 0x0000000097200000| Updating 
| 370|0x0000000097200000, 0x0000000097300000, 0x0000000097300000|100%| O|  |TAMS 0x0000000097300000| PB 0x0000000097300000| Updating 
| 371|0x0000000097300000, 0x0000000097400000, 0x0000000097400000|100%| O|  |TAMS 0x00000000973ef970| PB 0x00000000973ef970| Updating 
| 372|0x0000000097400000, 0x0000000097400000, 0x0000000097500000|  0%| F|  |TAMS 0x0000000097400000| PB 0x0000000097400000| Untracked 
| 373|0x0000000097500000, 0x0000000097500000, 0x0000000097600000|  0%| F|  |TAMS 0x0000000097500000| PB 0x0000000097500000| Untracked 
| 374|0x0000000097600000, 0x0000000097600000, 0x0000000097700000|  0%| F|  |TAMS 0x0000000097600000| PB 0x0000000097600000| Untracked 
| 375|0x0000000097700000, 0x0000000097700000, 0x0000000097800000|  0%| F|  |TAMS 0x0000000097700000| PB 0x0000000097700000| Untracked 
| 376|0x0000000097800000, 0x0000000097800000, 0x0000000097900000|  0%| F|  |TAMS 0x0000000097800000| PB 0x0000000097800000| Untracked 
| 377|0x0000000097900000, 0x0000000097900000, 0x0000000097a00000|  0%| F|  |TAMS 0x0000000097900000| PB 0x0000000097900000| Untracked 
| 378|0x0000000097a00000, 0x0000000097a00000, 0x0000000097b00000|  0%| F|  |TAMS 0x0000000097a00000| PB 0x0000000097a00000| Untracked 
| 379|0x0000000097b00000, 0x0000000097b00000, 0x0000000097c00000|  0%| F|  |TAMS 0x0000000097b00000| PB 0x0000000097b00000| Untracked 
| 380|0x0000000097c00000, 0x0000000097c00000, 0x0000000097d00000|  0%| F|  |TAMS 0x0000000097c00000| PB 0x0000000097c00000| Untracked 
| 381|0x0000000097d00000, 0x0000000097d00000, 0x0000000097e00000|  0%| F|  |TAMS 0x0000000097d00000| PB 0x0000000097d00000| Untracked 
| 382|0x0000000097e00000, 0x0000000097e00000, 0x0000000097f00000|  0%| F|  |TAMS 0x0000000097e00000| PB 0x0000000097e00000| Untracked 
| 383|0x0000000097f00000, 0x0000000097f00000, 0x0000000098000000|  0%| F|  |TAMS 0x0000000097f00000| PB 0x0000000097f00000| Untracked 
| 384|0x0000000098000000, 0x0000000098000000, 0x0000000098100000|  0%| F|  |TAMS 0x0000000098000000| PB 0x0000000098000000| Untracked 
| 385|0x0000000098100000, 0x0000000098100000, 0x0000000098200000|  0%| F|  |TAMS 0x0000000098100000| PB 0x0000000098100000| Untracked 
| 386|0x0000000098200000, 0x0000000098200000, 0x0000000098300000|  0%| F|  |TAMS 0x0000000098200000| PB 0x0000000098200000| Untracked 
| 387|0x0000000098300000, 0x0000000098300000, 0x0000000098400000|  0%| F|  |TAMS 0x0000000098300000| PB 0x0000000098300000| Untracked 
| 388|0x0000000098400000, 0x0000000098400000, 0x0000000098500000|  0%| F|  |TAMS 0x0000000098400000| PB 0x0000000098400000| Untracked 
| 389|0x0000000098500000, 0x0000000098500000, 0x0000000098600000|  0%| F|  |TAMS 0x0000000098500000| PB 0x0000000098500000| Untracked 
| 390|0x0000000098600000, 0x0000000098600000, 0x0000000098700000|  0%| F|  |TAMS 0x0000000098600000| PB 0x0000000098600000| Untracked 
| 391|0x0000000098700000, 0x0000000098700000, 0x0000000098800000|  0%| F|  |TAMS 0x0000000098700000| PB 0x0000000098700000| Untracked 
| 392|0x0000000098800000, 0x0000000098800000, 0x0000000098900000|  0%| F|  |TAMS 0x0000000098800000| PB 0x0000000098800000| Untracked 
| 393|0x0000000098900000, 0x0000000098900000, 0x0000000098a00000|  0%| F|  |TAMS 0x0000000098900000| PB 0x0000000098900000| Untracked 
| 394|0x0000000098a00000, 0x0000000098a00000, 0x0000000098b00000|  0%| F|  |TAMS 0x0000000098a00000| PB 0x0000000098a00000| Untracked 
| 395|0x0000000098b00000, 0x0000000098b00000, 0x0000000098c00000|  0%| F|  |TAMS 0x0000000098b00000| PB 0x0000000098b00000| Untracked 
| 396|0x0000000098c00000, 0x0000000098c00000, 0x0000000098d00000|  0%| F|  |TAMS 0x0000000098c00000| PB 0x0000000098c00000| Untracked 
| 397|0x0000000098d00000, 0x0000000098d00000, 0x0000000098e00000|  0%| F|  |TAMS 0x0000000098d00000| PB 0x0000000098d00000| Untracked 
| 398|0x0000000098e00000, 0x0000000098e00000, 0x0000000098f00000|  0%| F|  |TAMS 0x0000000098e00000| PB 0x0000000098e00000| Untracked 
| 399|0x0000000098f00000, 0x0000000098f00000, 0x0000000099000000|  0%| F|  |TAMS 0x0000000098f00000| PB 0x0000000098f00000| Untracked 
| 400|0x0000000099000000, 0x0000000099000000, 0x0000000099100000|  0%| F|  |TAMS 0x0000000099000000| PB 0x0000000099000000| Untracked 
| 401|0x0000000099100000, 0x0000000099100000, 0x0000000099200000|  0%| F|  |TAMS 0x0000000099100000| PB 0x0000000099100000| Untracked 
| 402|0x0000000099200000, 0x0000000099200000, 0x0000000099300000|  0%| F|  |TAMS 0x0000000099200000| PB 0x0000000099200000| Untracked 
| 403|0x0000000099300000, 0x0000000099300000, 0x0000000099400000|  0%| F|  |TAMS 0x0000000099300000| PB 0x0000000099300000| Untracked 
| 404|0x0000000099400000, 0x0000000099400000, 0x0000000099500000|  0%| F|  |TAMS 0x0000000099400000| PB 0x0000000099400000| Untracked 
| 405|0x0000000099500000, 0x0000000099500000, 0x0000000099600000|  0%| F|  |TAMS 0x0000000099500000| PB 0x0000000099500000| Untracked 
| 406|0x0000000099600000, 0x0000000099600000, 0x0000000099700000|  0%| F|  |TAMS 0x0000000099600000| PB 0x0000000099600000| Untracked 
| 407|0x0000000099700000, 0x0000000099700000, 0x0000000099800000|  0%| F|  |TAMS 0x0000000099700000| PB 0x0000000099700000| Untracked 
| 408|0x0000000099800000, 0x0000000099800000, 0x0000000099900000|  0%| F|  |TAMS 0x0000000099800000| PB 0x0000000099800000| Untracked 
| 409|0x0000000099900000, 0x0000000099900000, 0x0000000099a00000|  0%| F|  |TAMS 0x0000000099900000| PB 0x0000000099900000| Untracked 
| 410|0x0000000099a00000, 0x0000000099a00000, 0x0000000099b00000|  0%| F|  |TAMS 0x0000000099a00000| PB 0x0000000099a00000| Untracked 
| 411|0x0000000099b00000, 0x0000000099b00000, 0x0000000099c00000|  0%| F|  |TAMS 0x0000000099b00000| PB 0x0000000099b00000| Untracked 
| 412|0x0000000099c00000, 0x0000000099c00000, 0x0000000099d00000|  0%| F|  |TAMS 0x0000000099c00000| PB 0x0000000099c00000| Untracked 
| 413|0x0000000099d00000, 0x0000000099d00000, 0x0000000099e00000|  0%| F|  |TAMS 0x0000000099d00000| PB 0x0000000099d00000| Untracked 
| 414|0x0000000099e00000, 0x0000000099e00000, 0x0000000099f00000|  0%| F|  |TAMS 0x0000000099e00000| PB 0x0000000099e00000| Untracked 
| 415|0x0000000099f00000, 0x0000000099f00000, 0x000000009a000000|  0%| F|  |TAMS 0x0000000099f00000| PB 0x0000000099f00000| Untracked 
| 416|0x000000009a000000, 0x000000009a000000, 0x000000009a100000|  0%| F|  |TAMS 0x000000009a000000| PB 0x000000009a000000| Untracked 
| 417|0x000000009a100000, 0x000000009a100000, 0x000000009a200000|  0%| F|  |TAMS 0x000000009a100000| PB 0x000000009a100000| Untracked 
| 418|0x000000009a200000, 0x000000009a200000, 0x000000009a300000|  0%| F|  |TAMS 0x000000009a200000| PB 0x000000009a200000| Untracked 
| 419|0x000000009a300000, 0x000000009a300000, 0x000000009a400000|  0%| F|  |TAMS 0x000000009a300000| PB 0x000000009a300000| Untracked 
| 420|0x000000009a400000, 0x000000009a4e3870, 0x000000009a500000| 88%| S|CS|TAMS 0x000000009a400000| PB 0x000000009a400000| Complete 
| 421|0x000000009a500000, 0x000000009a600000, 0x000000009a600000|100%| S|CS|TAMS 0x000000009a500000| PB 0x000000009a500000| Complete 
| 422|0x000000009a600000, 0x000000009a700000, 0x000000009a700000|100%| S|CS|TAMS 0x000000009a600000| PB 0x000000009a600000| Complete 
| 423|0x000000009a700000, 0x000000009a800000, 0x000000009a800000|100%| S|CS|TAMS 0x000000009a700000| PB 0x000000009a700000| Complete 
| 424|0x000000009a800000, 0x000000009a900000, 0x000000009a900000|100%| S|CS|TAMS 0x000000009a800000| PB 0x000000009a800000| Complete 
| 425|0x000000009a900000, 0x000000009aa00000, 0x000000009aa00000|100%| S|CS|TAMS 0x000000009a900000| PB 0x000000009a900000| Complete 
| 426|0x000000009aa00000, 0x000000009aa00000, 0x000000009ab00000|  0%| F|  |TAMS 0x000000009aa00000| PB 0x000000009aa00000| Untracked 
| 427|0x000000009ab00000, 0x000000009ab00000, 0x000000009ac00000|  0%| F|  |TAMS 0x000000009ab00000| PB 0x000000009ab00000| Untracked 
| 428|0x000000009ac00000, 0x000000009ac00000, 0x000000009ad00000|  0%| F|  |TAMS 0x000000009ac00000| PB 0x000000009ac00000| Untracked 
| 429|0x000000009ad00000, 0x000000009ad00000, 0x000000009ae00000|  0%| F|  |TAMS 0x000000009ad00000| PB 0x000000009ad00000| Untracked 
| 430|0x000000009ae00000, 0x000000009ae00000, 0x000000009af00000|  0%| F|  |TAMS 0x000000009ae00000| PB 0x000000009ae00000| Untracked 
| 431|0x000000009af00000, 0x000000009af00000, 0x000000009b000000|  0%| F|  |TAMS 0x000000009af00000| PB 0x000000009af00000| Untracked 
| 432|0x000000009b000000, 0x000000009b000000, 0x000000009b100000|  0%| F|  |TAMS 0x000000009b000000| PB 0x000000009b000000| Untracked 
| 433|0x000000009b100000, 0x000000009b100000, 0x000000009b200000|  0%| F|  |TAMS 0x000000009b100000| PB 0x000000009b100000| Untracked 
| 434|0x000000009b200000, 0x000000009b200000, 0x000000009b300000|  0%| F|  |TAMS 0x000000009b200000| PB 0x000000009b200000| Untracked 
| 435|0x000000009b300000, 0x000000009b300000, 0x000000009b400000|  0%| F|  |TAMS 0x000000009b300000| PB 0x000000009b300000| Untracked 
| 436|0x000000009b400000, 0x000000009b400000, 0x000000009b500000|  0%| F|  |TAMS 0x000000009b400000| PB 0x000000009b400000| Untracked 
| 437|0x000000009b500000, 0x000000009b500000, 0x000000009b600000|  0%| F|  |TAMS 0x000000009b500000| PB 0x000000009b500000| Untracked 
| 438|0x000000009b600000, 0x000000009b600000, 0x000000009b700000|  0%| F|  |TAMS 0x000000009b600000| PB 0x000000009b600000| Untracked 
| 439|0x000000009b700000, 0x000000009b700000, 0x000000009b800000|  0%| F|  |TAMS 0x000000009b700000| PB 0x000000009b700000| Untracked 
| 440|0x000000009b800000, 0x000000009b800000, 0x000000009b900000|  0%| F|  |TAMS 0x000000009b800000| PB 0x000000009b800000| Untracked 
| 441|0x000000009b900000, 0x000000009b900000, 0x000000009ba00000|  0%| F|  |TAMS 0x000000009b900000| PB 0x000000009b900000| Untracked 
| 442|0x000000009ba00000, 0x000000009ba00000, 0x000000009bb00000|  0%| F|  |TAMS 0x000000009ba00000| PB 0x000000009ba00000| Untracked 
| 443|0x000000009bb00000, 0x000000009bb00000, 0x000000009bc00000|  0%| F|  |TAMS 0x000000009bb00000| PB 0x000000009bb00000| Untracked 
| 444|0x000000009bc00000, 0x000000009bc00000, 0x000000009bd00000|  0%| F|  |TAMS 0x000000009bc00000| PB 0x000000009bc00000| Untracked 
| 445|0x000000009bd00000, 0x000000009bd00000, 0x000000009be00000|  0%| F|  |TAMS 0x000000009bd00000| PB 0x000000009bd00000| Untracked 
| 446|0x000000009be00000, 0x000000009be00000, 0x000000009bf00000|  0%| F|  |TAMS 0x000000009be00000| PB 0x000000009be00000| Untracked 
| 447|0x000000009bf00000, 0x000000009bf00000, 0x000000009c000000|  0%| F|  |TAMS 0x000000009bf00000| PB 0x000000009bf00000| Untracked 
| 448|0x000000009c000000, 0x000000009c000000, 0x000000009c100000|  0%| F|  |TAMS 0x000000009c000000| PB 0x000000009c000000| Untracked 
| 449|0x000000009c100000, 0x000000009c100000, 0x000000009c200000|  0%| F|  |TAMS 0x000000009c100000| PB 0x000000009c100000| Untracked 
| 450|0x000000009c200000, 0x000000009c200000, 0x000000009c300000|  0%| F|  |TAMS 0x000000009c200000| PB 0x000000009c200000| Untracked 
| 451|0x000000009c300000, 0x000000009c300000, 0x000000009c400000|  0%| F|  |TAMS 0x000000009c300000| PB 0x000000009c300000| Untracked 
| 452|0x000000009c400000, 0x000000009c400000, 0x000000009c500000|  0%| F|  |TAMS 0x000000009c400000| PB 0x000000009c400000| Untracked 
| 453|0x000000009c500000, 0x000000009c500000, 0x000000009c600000|  0%| F|  |TAMS 0x000000009c500000| PB 0x000000009c500000| Untracked 
| 454|0x000000009c600000, 0x000000009c600000, 0x000000009c700000|  0%| F|  |TAMS 0x000000009c600000| PB 0x000000009c600000| Untracked 
| 455|0x000000009c700000, 0x000000009c700000, 0x000000009c800000|  0%| F|  |TAMS 0x000000009c700000| PB 0x000000009c700000| Untracked 
| 456|0x000000009c800000, 0x000000009c800000, 0x000000009c900000|  0%| F|  |TAMS 0x000000009c800000| PB 0x000000009c800000| Untracked 
| 457|0x000000009c900000, 0x000000009c900000, 0x000000009ca00000|  0%| F|  |TAMS 0x000000009c900000| PB 0x000000009c900000| Untracked 
| 458|0x000000009ca00000, 0x000000009ca00000, 0x000000009cb00000|  0%| F|  |TAMS 0x000000009ca00000| PB 0x000000009ca00000| Untracked 
| 459|0x000000009cb00000, 0x000000009cb00000, 0x000000009cc00000|  0%| F|  |TAMS 0x000000009cb00000| PB 0x000000009cb00000| Untracked 
| 460|0x000000009cc00000, 0x000000009cc00000, 0x000000009cd00000|  0%| F|  |TAMS 0x000000009cc00000| PB 0x000000009cc00000| Untracked 
| 461|0x000000009cd00000, 0x000000009cd00000, 0x000000009ce00000|  0%| F|  |TAMS 0x000000009cd00000| PB 0x000000009cd00000| Untracked 
| 462|0x000000009ce00000, 0x000000009ce00000, 0x000000009cf00000|  0%| F|  |TAMS 0x000000009ce00000| PB 0x000000009ce00000| Untracked 
| 463|0x000000009cf00000, 0x000000009cf00000, 0x000000009d000000|  0%| F|  |TAMS 0x000000009cf00000| PB 0x000000009cf00000| Untracked 
| 464|0x000000009d000000, 0x000000009d000000, 0x000000009d100000|  0%| F|  |TAMS 0x000000009d000000| PB 0x000000009d000000| Untracked 
| 465|0x000000009d100000, 0x000000009d100000, 0x000000009d200000|  0%| F|  |TAMS 0x000000009d100000| PB 0x000000009d100000| Untracked 
| 466|0x000000009d200000, 0x000000009d200000, 0x000000009d300000|  0%| F|  |TAMS 0x000000009d200000| PB 0x000000009d200000| Untracked 
| 467|0x000000009d300000, 0x000000009d400000, 0x000000009d400000|100%| E|  |TAMS 0x000000009d300000| PB 0x000000009d300000| Complete 
| 468|0x000000009d400000, 0x000000009d500000, 0x000000009d500000|100%| E|CS|TAMS 0x000000009d400000| PB 0x000000009d400000| Complete 
| 469|0x000000009d500000, 0x000000009d600000, 0x000000009d600000|100%| E|CS|TAMS 0x000000009d500000| PB 0x000000009d500000| Complete 
| 470|0x000000009d600000, 0x000000009d700000, 0x000000009d700000|100%| E|CS|TAMS 0x000000009d600000| PB 0x000000009d600000| Complete 
| 471|0x000000009d700000, 0x000000009d800000, 0x000000009d800000|100%| E|CS|TAMS 0x000000009d700000| PB 0x000000009d700000| Complete 
| 472|0x000000009d800000, 0x000000009d900000, 0x000000009d900000|100%| E|CS|TAMS 0x000000009d800000| PB 0x000000009d800000| Complete 
| 473|0x000000009d900000, 0x000000009da00000, 0x000000009da00000|100%| E|CS|TAMS 0x000000009d900000| PB 0x000000009d900000| Complete 
|2020|0x00000000fe400000, 0x00000000fe500000, 0x00000000fe500000|100%| O|  |TAMS 0x00000000fe500000| PB 0x00000000fe500000| Updating 
|2021|0x00000000fe500000, 0x00000000fe600000, 0x00000000fe600000|100%| O|  |TAMS 0x00000000fe600000| PB 0x00000000fe600000| Updating 
|2022|0x00000000fe600000, 0x00000000fe700000, 0x00000000fe700000|100%| O|  |TAMS 0x00000000fe700000| PB 0x00000000fe700000| Updating 
|2023|0x00000000fe700000, 0x00000000fe800000, 0x00000000fe800000|100%| E|CS|TAMS 0x00000000fe700000| PB 0x00000000fe700000| Complete 
|2024|0x00000000fe800000, 0x00000000fe900000, 0x00000000fe900000|100%| O|  |TAMS 0x00000000fe900000| PB 0x00000000fe900000| Updating 
|2025|0x00000000fe900000, 0x00000000fea00000, 0x00000000fea00000|100%| O|  |TAMS 0x00000000fea00000| PB 0x00000000fea00000| Untracked 
|2026|0x00000000fea00000, 0x00000000feb00000, 0x00000000feb00000|100%| O|  |TAMS 0x00000000feb00000| PB 0x00000000feb00000| Untracked 
|2027|0x00000000feb00000, 0x00000000fec00000, 0x00000000fec00000|100%| O|  |TAMS 0x00000000fec00000| PB 0x00000000fec00000| Updating 
|2028|0x00000000fec00000, 0x00000000fed00000, 0x00000000fed00000|100%| E|CS|TAMS 0x00000000fec00000| PB 0x00000000fec00000| Complete 
|2029|0x00000000fed00000, 0x00000000fee00000, 0x00000000fee00000|100%| O|  |TAMS 0x00000000fee00000| PB 0x00000000fee00000| Untracked 
|2030|0x00000000fee00000, 0x00000000fef00000, 0x00000000fef00000|100%| O|  |TAMS 0x00000000fef00000| PB 0x00000000fef00000| Untracked 
|2031|0x00000000fef00000, 0x00000000ff000000, 0x00000000ff000000|100%| O|  |TAMS 0x00000000ff000000| PB 0x00000000ff000000| Untracked 
|2032|0x00000000ff000000, 0x00000000ff100000, 0x00000000ff100000|100%| O|  |TAMS 0x00000000ff100000| PB 0x00000000ff100000| Untracked 
|2033|0x00000000ff100000, 0x00000000ff200000, 0x00000000ff200000|100%| O|  |TAMS 0x00000000ff200000| PB 0x00000000ff200000| Untracked 
|2034|0x00000000ff200000, 0x00000000ff300000, 0x00000000ff300000|100%| O|  |TAMS 0x00000000ff300000| PB 0x00000000ff300000| Untracked 
|2035|0x00000000ff300000, 0x00000000ff400000, 0x00000000ff400000|100%| O|  |TAMS 0x00000000ff400000| PB 0x00000000ff400000| Untracked 
|2036|0x00000000ff400000, 0x00000000ff500000, 0x00000000ff500000|100%| O|  |TAMS 0x00000000ff500000| PB 0x00000000ff500000| Untracked 
|2037|0x00000000ff500000, 0x00000000ff600000, 0x00000000ff600000|100%| O|  |TAMS 0x00000000ff600000| PB 0x00000000ff600000| Untracked 
|2038|0x00000000ff600000, 0x00000000ff700000, 0x00000000ff700000|100%| O|  |TAMS 0x00000000ff700000| PB 0x00000000ff700000| Updating 
|2039|0x00000000ff700000, 0x00000000ff800000, 0x00000000ff800000|100%| E|CS|TAMS 0x00000000ff700000| PB 0x00000000ff700000| Complete 
|2040|0x00000000ff800000, 0x00000000ff900000, 0x00000000ff900000|100%| E|CS|TAMS 0x00000000ff800000| PB 0x00000000ff800000| Complete 
|2041|0x00000000ff900000, 0x00000000ffa00000, 0x00000000ffa00000|100%| E|CS|TAMS 0x00000000ff900000| PB 0x00000000ff900000| Complete 
|2042|0x00000000ffa00000, 0x00000000ffb00000, 0x00000000ffb00000|100%| O|  |TAMS 0x00000000ffb00000| PB 0x00000000ffb00000| Updating 
|2043|0x00000000ffb00000, 0x00000000ffc00000, 0x00000000ffc00000|100%| O|  |TAMS 0x00000000ffc00000| PB 0x00000000ffc00000| Untracked 
|2044|0x00000000ffc00000, 0x00000000ffd00000, 0x00000000ffd00000|100%| O|  |TAMS 0x00000000ffd00000| PB 0x00000000ffd00000| Updating 
|2045|0x00000000ffd00000, 0x00000000ffe00000, 0x00000000ffe00000|100%| E|CS|TAMS 0x00000000ffd00000| PB 0x00000000ffd00000| Complete 
|2046|0x00000000ffe00000, 0x00000000fff00000, 0x00000000fff00000|100%| O|  |TAMS 0x00000000fff00000| PB 0x00000000fff00000| Updating 
|2047|0x00000000fff00000, 0x0000000100000000, 0x0000000100000000|100%| O|  |TAMS 0x0000000100000000| PB 0x0000000100000000| Untracked 

Card table byte_map: [0x00000188e1c50000,0x00000188e2050000] _byte_map_base: 0x00000188e1850000

Marking Bits: (CMBitMap*) 0x00000188cec96900
 Bits: [0x00000188e2050000, 0x00000188e4050000)

Polling page: 0x00000188cc7a0000

Metaspace:

Usage:
  Non-class:    208.61 MB used.
      Class:     31.38 MB used.
       Both:    239.99 MB used.

Virtual space:
  Non-class space:      256.00 MB reserved,     210.19 MB ( 82%) committed,  4 nodes.
      Class space:        1.00 GB reserved,      32.81 MB (  3%) committed,  1 nodes.
             Both:        1.25 GB reserved,     243.00 MB ( 19%) committed. 

Chunk freelists:
   Non-Class:  13.06 MB
       Class:  15.24 MB
        Both:  28.30 MB

MaxMetaspaceSize: unlimited
CompressedClassSpaceSize: 1.00 GB
Initial GC threshold: 21.00 MB
Current GC threshold: 403.44 MB
CDS: off
 - commit_granule_bytes: 65536.
 - commit_granule_words: 8192.
 - virtual_space_node_default_size: 8388608.
 - enlarge_chunks_in_place: 1.
 - use_allocation_guard: 0.


Internal statistics:

num_allocs_failed_limit: 6.
num_arena_births: 6030.
num_arena_deaths: 32.
num_vsnodes_births: 5.
num_vsnodes_deaths: 0.
num_space_committed: 3877.
num_space_uncommitted: 0.
num_chunks_returned_to_freelist: 54.
num_chunks_taken_from_freelist: 16074.
num_chunk_merges: 19.
num_chunk_splits: 11092.
num_chunks_enlarged: 7642.
num_inconsistent_stats: 0.

CodeHeap 'non-profiled nmethods': size=119168Kb used=15158Kb max_used=16400Kb free=104009Kb
 bounds [0x00000188d9930000, 0x00000188daa20000, 0x00000188e0d90000]
CodeHeap 'profiled nmethods': size=119104Kb used=31137Kb max_used=48795Kb free=87966Kb
 bounds [0x00000188d1d90000, 0x00000188d4d40000, 0x00000188d91e0000]
CodeHeap 'non-nmethods': size=7488Kb used=5102Kb max_used=5185Kb free=2385Kb
 bounds [0x00000188d91e0000, 0x00000188d9750000, 0x00000188d9930000]
CodeCache: size=245760Kb, used=51397Kb, max_used=70380Kb, free=194360Kb
 total_blobs=17248, nmethods=15873, adapters=1273, full_count=0
Compilation: enabled, stopped_count=0, restarted_count=0

Compilation events (20 events):
Event: 49.296 Thread 0x00000188f1133320 36234       2       com.android.tools.r8.graph.t6::a (13 bytes)
Event: 49.296 Thread 0x00000188f1133320 nmethod 36234 0x00000188d3721d10 code [0x00000188d3721ee0, 0x00000188d37220f0]
Event: 49.302 Thread 0x00000188e74c34a0 36236       2       com.android.tools.r8.internal.gk0::a (1 bytes)
Event: 49.302 Thread 0x00000188e74c34a0 nmethod 36236 0x00000188d4acc210 code [0x00000188d4acc3a0, 0x00000188d4acc4a8]
Event: 49.310 Thread 0x00000188f1132c50 36237       2       com.android.tools.r8.internal.mj0::a (1 bytes)
Event: 49.310 Thread 0x00000188f1132c50 nmethod 36237 0x00000188d4c13810 code [0x00000188d4c139a0, 0x00000188d4c13aa8]
Event: 49.311 Thread 0x00000188f1134790 36238       2       com.android.tools.r8.internal.qb0::a (1 bytes)
Event: 49.311 Thread 0x00000188f1134790 nmethod 36238 0x00000188d4cc7e90 code [0x00000188d4cc8020, 0x00000188d4cc8128]
Event: 49.325 Thread 0x00000188e74c34a0 36239       2       com.android.tools.r8.internal.pm0::a (1 bytes)
Event: 49.325 Thread 0x00000188e74c34a0 nmethod 36239 0x00000188d38a5210 code [0x00000188d38a53a0, 0x00000188d38a54a8]
Event: 49.345 Thread 0x00000188e74c34a0 36241       2       com.android.tools.r8.internal.vf0::a (1 bytes)
Event: 49.345 Thread 0x00000188e74c34a0 nmethod 36241 0x00000188d39e0810 code [0x00000188d39e09a0, 0x00000188d39e0aa8]
Event: 49.358 Thread 0x00000188f1134790 36243       2       com.android.tools.r8.internal.ef0::a (21 bytes)
Event: 49.359 Thread 0x00000188f1134790 nmethod 36243 0x00000188d2b12f10 code [0x00000188d2b13100, 0x00000188d2b13340]
Event: 49.371 Thread 0x00000188f1132c50 36245       2       java.util.LinkedHashMap$LinkedKeySet::forEach (110 bytes)
Event: 49.371 Thread 0x00000188f1132c50 nmethod 36245 0x00000188d2759390 code [0x00000188d2759580, 0x00000188d27599a0]
Event: 49.375 Thread 0x00000188f1134790 36246       2       com.android.tools.r8.internal.jh0::a (1 bytes)
Event: 49.376 Thread 0x00000188f1134790 nmethod 36246 0x00000188d3a8a310 code [0x00000188d3a8a4a0, 0x00000188d3a8a5a8]
Event: 49.380 Thread 0x00000188e74c34a0 36247       2       com.android.tools.r8.internal.yj0::a (1 bytes)
Event: 49.380 Thread 0x00000188e74c34a0 nmethod 36247 0x00000188d3d3d790 code [0x00000188d3d3d920, 0x00000188d3d3da28]

GC Heap History (20 events):
Event: 46.029 GC heap before
{Heap before GC invocations=73 (full 0):
 garbage-first heap   total 473088K, used 435198K [0x0000000080000000, 0x0000000100000000)
  region size 1024K, 177 young (181248K), 12 survivors (12288K)
 Metaspace       used 242810K, committed 245824K, reserved 1310720K
  class space    used 31800K, committed 33280K, reserved 1048576K
}
Event: 46.033 GC heap after
{Heap after GC invocations=74 (full 0):
 garbage-first heap   total 473088K, used 266044K [0x0000000080000000, 0x0000000100000000)
  region size 1024K, 11 young (11264K), 11 survivors (11264K)
 Metaspace       used 242810K, committed 245824K, reserved 1310720K
  class space    used 31800K, committed 33280K, reserved 1048576K
}
Event: 46.375 GC heap before
{Heap before GC invocations=75 (full 0):
 garbage-first heap   total 473088K, used 437052K [0x0000000080000000, 0x0000000100000000)
  region size 1024K, 178 young (182272K), 11 survivors (11264K)
 Metaspace       used 242895K, committed 245888K, reserved 1310720K
  class space    used 31805K, committed 33280K, reserved 1048576K
}
Event: 46.380 GC heap after
{Heap after GC invocations=76 (full 0):
 garbage-first heap   total 473088K, used 264337K [0x0000000080000000, 0x0000000100000000)
  region size 1024K, 10 young (10240K), 10 survivors (10240K)
 Metaspace       used 242895K, committed 245888K, reserved 1310720K
  class space    used 31805K, committed 33280K, reserved 1048576K
}
Event: 46.674 GC heap before
{Heap before GC invocations=76 (full 0):
 garbage-first heap   total 473088K, used 437393K [0x0000000080000000, 0x0000000100000000)
  region size 1024K, 179 young (183296K), 10 survivors (10240K)
 Metaspace       used 242909K, committed 245888K, reserved 1310720K
  class space    used 31805K, committed 33280K, reserved 1048576K
}
Event: 46.680 GC heap after
{Heap after GC invocations=77 (full 0):
 garbage-first heap   total 473088K, used 259447K [0x0000000080000000, 0x0000000100000000)
  region size 1024K, 10 young (10240K), 10 survivors (10240K)
 Metaspace       used 242909K, committed 245888K, reserved 1310720K
  class space    used 31805K, committed 33280K, reserved 1048576K
}
Event: 47.003 GC heap before
{Heap before GC invocations=77 (full 0):
 garbage-first heap   total 473088K, used 436599K [0x0000000080000000, 0x0000000100000000)
  region size 1024K, 184 young (188416K), 10 survivors (10240K)
 Metaspace       used 243062K, committed 246080K, reserved 1310720K
  class space    used 31815K, committed 33280K, reserved 1048576K
}
Event: 47.008 GC heap after
{Heap after GC invocations=78 (full 0):
 garbage-first heap   total 473088K, used 260957K [0x0000000080000000, 0x0000000100000000)
  region size 1024K, 12 young (12288K), 12 survivors (12288K)
 Metaspace       used 243062K, committed 246080K, reserved 1310720K
  class space    used 31815K, committed 33280K, reserved 1048576K
}
Event: 47.568 GC heap before
{Heap before GC invocations=79 (full 0):
 garbage-first heap   total 473088K, used 436061K [0x0000000080000000, 0x0000000100000000)
  region size 1024K, 182 young (186368K), 12 survivors (12288K)
 Metaspace       used 243107K, committed 246080K, reserved 1310720K
  class space    used 31815K, committed 33280K, reserved 1048576K
}
Event: 47.572 GC heap after
{Heap after GC invocations=80 (full 0):
 garbage-first heap   total 473088K, used 256342K [0x0000000080000000, 0x0000000100000000)
  region size 1024K, 7 young (7168K), 7 survivors (7168K)
 Metaspace       used 243107K, committed 246080K, reserved 1310720K
  class space    used 31815K, committed 33280K, reserved 1048576K
}
Event: 48.206 GC heap before
{Heap before GC invocations=80 (full 0):
 garbage-first heap   total 473088K, used 471382K [0x0000000080000000, 0x0000000100000000)
  region size 1024K, 165 young (168960K), 7 survivors (7168K)
 Metaspace       used 244871K, committed 247808K, reserved 1310720K
  class space    used 32033K, committed 33472K, reserved 1048576K
}
Event: 48.219 GC heap after
{Heap after GC invocations=81 (full 0):
 garbage-first heap   total 504832K, used 300827K [0x0000000080000000, 0x0000000100000000)
  region size 1024K, 24 young (24576K), 24 survivors (24576K)
 Metaspace       used 244871K, committed 247808K, reserved 1310720K
  class space    used 32033K, committed 33472K, reserved 1048576K
}
Event: 48.235 GC heap before
{Heap before GC invocations=81 (full 0):
 garbage-first heap   total 504832K, used 303899K [0x0000000080000000, 0x0000000100000000)
  region size 1024K, 28 young (28672K), 24 survivors (24576K)
 Metaspace       used 244871K, committed 247808K, reserved 1310720K
  class space    used 32033K, committed 33472K, reserved 1048576K
}
Event: 48.241 GC heap after
{Heap after GC invocations=82 (full 0):
 garbage-first heap   total 504832K, used 305319K [0x0000000080000000, 0x0000000100000000)
  region size 1024K, 3 young (3072K), 3 survivors (3072K)
 Metaspace       used 244871K, committed 247808K, reserved 1310720K
  class space    used 32033K, committed 33472K, reserved 1048576K
}
Event: 48.669 GC heap before
{Heap before GC invocations=83 (full 0):
 garbage-first heap   total 514048K, used 436391K [0x0000000080000000, 0x0000000100000000)
  region size 1024K, 130 young (133120K), 3 survivors (3072K)
 Metaspace       used 245453K, committed 248448K, reserved 1310720K
  class space    used 32114K, committed 33536K, reserved 1048576K
}
Event: 48.695 GC heap after
{Heap after GC invocations=84 (full 0):
 garbage-first heap   total 514048K, used 369365K [0x0000000080000000, 0x0000000100000000)
  region size 1024K, 17 young (17408K), 17 survivors (17408K)
 Metaspace       used 245453K, committed 248448K, reserved 1310720K
  class space    used 32114K, committed 33536K, reserved 1048576K
}
Event: 49.044 GC heap before
{Heap before GC invocations=84 (full 0):
 garbage-first heap   total 514048K, used 447189K [0x0000000080000000, 0x0000000100000000)
  region size 1024K, 94 young (96256K), 17 survivors (17408K)
 Metaspace       used 245738K, committed 248768K, reserved 1310720K
  class space    used 32132K, committed 33600K, reserved 1048576K
}
Event: 49.060 GC heap after
{Heap after GC invocations=85 (full 0):
 garbage-first heap   total 514048K, used 388030K [0x0000000080000000, 0x0000000100000000)
  region size 1024K, 12 young (12288K), 12 survivors (12288K)
 Metaspace       used 245738K, committed 248768K, reserved 1310720K
  class space    used 32132K, committed 33600K, reserved 1048576K
}
Event: 49.274 GC heap before
{Heap before GC invocations=85 (full 0):
 garbage-first heap   total 514048K, used 441278K [0x0000000080000000, 0x0000000100000000)
  region size 1024K, 66 young (67584K), 12 survivors (12288K)
 Metaspace       used 245758K, committed 248832K, reserved 1310720K
  class space    used 32132K, committed 33600K, reserved 1048576K
}
Event: 49.280 GC heap after
{Heap after GC invocations=86 (full 0):
 garbage-first heap   total 514048K, used 397174K [0x0000000080000000, 0x0000000100000000)
  region size 1024K, 6 young (6144K), 6 survivors (6144K)
 Metaspace       used 245758K, committed 248832K, reserved 1310720K
  class space    used 32132K, committed 33600K, reserved 1048576K
}

Dll operation events (3 events):
Event: 0.013 Loaded shared library C:\Program Files\Android\Android Studio\jbr\bin\java.dll
Event: 0.017 Loaded shared library C:\Program Files\Android\Android Studio\jbr\bin\zip.dll
Event: 0.421 Loaded shared library C:\Program Files\Android\Android Studio\jbr\bin\verify.dll

Deoptimization events (20 events):
Event: 49.037 Thread 0x00000188ecec8a90 Uncommon trap: trap_request=0xffffffbe fr.pc=0x00000188da41063c relative=0x0000000000000a5c
Event: 49.037 Thread 0x00000188ecec8a90 Uncommon trap: reason=profile_predicate action=maybe_recompile pc=0x00000188da41063c method=java.util.Map.forEach(Ljava/util/function/BiConsumer;)V @ 23 c2
Event: 49.037 Thread 0x00000188ecec8a90 DEOPT PACKING pc=0x00000188da41063c sp=0x0000007a182fd210
Event: 49.037 Thread 0x00000188ecec8a90 DEOPT UNPACKING pc=0x00000188d92346a2 sp=0x0000007a182fd1f8 mode 2
Event: 49.037 Thread 0x00000188ecec8a90 Uncommon trap: trap_request=0xffffffbe fr.pc=0x00000188da41063c relative=0x0000000000000a5c
Event: 49.037 Thread 0x00000188ecec8a90 Uncommon trap: reason=profile_predicate action=maybe_recompile pc=0x00000188da41063c method=java.util.Map.forEach(Ljava/util/function/BiConsumer;)V @ 23 c2
Event: 49.037 Thread 0x00000188ecec8a90 DEOPT PACKING pc=0x00000188da41063c sp=0x0000007a182fd210
Event: 49.037 Thread 0x00000188ecec8a90 DEOPT UNPACKING pc=0x00000188d92346a2 sp=0x0000007a182fd1f8 mode 2
Event: 49.037 Thread 0x00000188ecec8a90 Uncommon trap: trap_request=0xffffffbe fr.pc=0x00000188da41063c relative=0x0000000000000a5c
Event: 49.037 Thread 0x00000188ecec8a90 Uncommon trap: reason=profile_predicate action=maybe_recompile pc=0x00000188da41063c method=java.util.Map.forEach(Ljava/util/function/BiConsumer;)V @ 23 c2
Event: 49.037 Thread 0x00000188ecec8a90 DEOPT PACKING pc=0x00000188da41063c sp=0x0000007a182fcd90
Event: 49.037 Thread 0x00000188ecec8a90 DEOPT UNPACKING pc=0x00000188d92346a2 sp=0x0000007a182fcd68 mode 2
Event: 49.038 Thread 0x00000188ecec8a90 Uncommon trap: trap_request=0xffffffbe fr.pc=0x00000188da41063c relative=0x0000000000000a5c
Event: 49.038 Thread 0x00000188ecec8a90 Uncommon trap: reason=profile_predicate action=maybe_recompile pc=0x00000188da41063c method=java.util.Map.forEach(Ljava/util/function/BiConsumer;)V @ 23 c2
Event: 49.038 Thread 0x00000188ecec8a90 DEOPT PACKING pc=0x00000188da41063c sp=0x0000007a182fcd90
Event: 49.038 Thread 0x00000188ecec8a90 DEOPT UNPACKING pc=0x00000188d92346a2 sp=0x0000007a182fcd68 mode 2
Event: 49.075 Thread 0x00000188ecec8a90 Uncommon trap: trap_request=0xffffff45 fr.pc=0x00000188d9e09c6c relative=0x00000000000004ac
Event: 49.075 Thread 0x00000188ecec8a90 Uncommon trap: reason=unstable_if action=reinterpret pc=0x00000188d9e09c6c method=com.android.tools.r8.internal.bp1.f()I @ 407 c2
Event: 49.075 Thread 0x00000188ecec8a90 DEOPT PACKING pc=0x00000188d9e09c6c sp=0x0000007a182fd6e0
Event: 49.075 Thread 0x00000188ecec8a90 DEOPT UNPACKING pc=0x00000188d92346a2 sp=0x0000007a182fd618 mode 2

Classes loaded (20 events):
Event: 48.167 Loading class java/lang/ProcessImpl
Event: 48.169 Loading class java/lang/ProcessImpl done
Event: 48.178 Loading class java/lang/ProcessHandleImpl
Event: 48.179 Loading class java/lang/ProcessHandleImpl done
Event: 48.180 Loading class java/lang/ProcessImpl$2
Event: 48.180 Loading class java/lang/ProcessImpl$2 done
Event: 48.180 Loading class java/lang/Process$PipeInputStream
Event: 48.180 Loading class java/lang/Process$PipeInputStream done
Event: 48.185 Loading class jdk/internal/event/ProcessStartEvent
Event: 48.185 Loading class jdk/internal/event/ProcessStartEvent done
Event: 48.388 Loading class java/util/concurrent/ForkJoinTask$AdaptedInterruptibleCallable
Event: 48.388 Loading class java/util/concurrent/ForkJoinTask$InterruptibleTask
Event: 48.389 Loading class java/util/concurrent/ForkJoinTask$InterruptibleTask done
Event: 48.389 Loading class java/util/concurrent/ForkJoinTask$AdaptedInterruptibleCallable done
Event: 48.389 Loading class java/util/concurrent/ForkJoinPool$DefaultForkJoinWorkerThreadFactory$1
Event: 48.389 Loading class java/util/concurrent/ForkJoinPool$DefaultForkJoinWorkerThreadFactory$1 done
Event: 48.390 Loading class java/util/concurrent/CountedCompleter
Event: 48.390 Loading class java/util/concurrent/CountedCompleter done
Event: 48.397 Loading class java/nio/HeapShortBuffer
Event: 48.398 Loading class java/nio/HeapShortBuffer done

Classes unloaded (16 events):
Event: 39.911 Thread 0x00000188e6bdea30 Unloading class 0x00000001019b4800 'java/lang/invoke/LambdaForm$DMH+0x00000001019b4800'
Event: 45.086 Thread 0x00000188e6bdea30 Unloading class 0x0000000101eb4c00 'java/lang/invoke/LambdaForm$DMH+0x0000000101eb4c00'
Event: 45.086 Thread 0x00000188e6bdea30 Unloading class 0x0000000101eb4400 'java/lang/invoke/LambdaForm$DMH+0x0000000101eb4400'
Event: 45.086 Thread 0x00000188e6bdea30 Unloading class 0x0000000101eb5000 'java/lang/invoke/LambdaForm$DMH+0x0000000101eb5000'
Event: 45.086 Thread 0x00000188e6bdea30 Unloading class 0x0000000101eb4800 'java/lang/invoke/LambdaForm$DMH+0x0000000101eb4800'
Event: 45.086 Thread 0x00000188e6bdea30 Unloading class 0x0000000101dd4800 'java/lang/invoke/LambdaForm$DMH+0x0000000101dd4800'
Event: 45.086 Thread 0x00000188e6bdea30 Unloading class 0x0000000101dd4400 'java/lang/invoke/LambdaForm$DMH+0x0000000101dd4400'
Event: 45.086 Thread 0x00000188e6bdea30 Unloading class 0x0000000101dd4c00 'java/lang/invoke/LambdaForm$DMH+0x0000000101dd4c00'
Event: 49.390 Thread 0x00000188e6bdea30 Unloading class 0x00000001020b9000 'java/lang/invoke/LambdaForm$DMH+0x00000001020b9000'
Event: 49.390 Thread 0x00000188e6bdea30 Unloading class 0x00000001020b8800 'java/lang/invoke/LambdaForm$DMH+0x00000001020b8800'
Event: 49.390 Thread 0x00000188e6bdea30 Unloading class 0x00000001020b8c00 'java/lang/invoke/LambdaForm$DMH+0x00000001020b8c00'
Event: 49.390 Thread 0x00000188e6bdea30 Unloading class 0x00000001020b8000 'java/lang/invoke/LambdaForm$DMH+0x00000001020b8000'
Event: 49.390 Thread 0x00000188e6bdea30 Unloading class 0x0000000101f8c800 'java/lang/invoke/LambdaForm$DMH+0x0000000101f8c800'
Event: 49.390 Thread 0x00000188e6bdea30 Unloading class 0x0000000101f8c400 'java/lang/invoke/LambdaForm$DMH+0x0000000101f8c400'
Event: 49.390 Thread 0x00000188e6bdea30 Unloading class 0x0000000101f4c400 'java/lang/invoke/LambdaForm$DMH+0x0000000101f4c400'
Event: 49.390 Thread 0x00000188e6bdea30 Unloading class 0x0000000101f4c800 'java/lang/invoke/LambdaForm$DMH+0x0000000101f4c800'

Classes redefined (0 events):
No events

Internal exceptions (20 events):
Event: 48.113 Thread 0x00000188eee4bd00 Exception <a 'sun/nio/fs/WindowsException'{0x000000009340c668}> (0x000000009340c668) 
thrown [s\src\hotspot\share\prims\jni.cpp, line 537]
Event: 48.113 Thread 0x00000188eee4bd00 Exception <a 'sun/nio/fs/WindowsException'{0x0000000093417ec8}> (0x0000000093417ec8) 
thrown [s\src\hotspot\share\prims\jni.cpp, line 537]
Event: 48.113 Thread 0x00000188eee4bd00 Exception <a 'sun/nio/fs/WindowsException'{0x0000000093419070}> (0x0000000093419070) 
thrown [s\src\hotspot\share\prims\jni.cpp, line 537]
Event: 48.113 Thread 0x00000188eee4bd00 Exception <a 'sun/nio/fs/WindowsException'{0x00000000934191f8}> (0x00000000934191f8) 
thrown [s\src\hotspot\share\prims\jni.cpp, line 537]
Event: 48.113 Thread 0x00000188eee4bd00 Exception <a 'sun/nio/fs/WindowsException'{0x000000009341a618}> (0x000000009341a618) 
thrown [s\src\hotspot\share\prims\jni.cpp, line 537]
Event: 48.122 Thread 0x00000188eee4bd00 Exception <a 'java/lang/NoSuchMethodError'{0x000000009311f3d0}: static Lcom/android/builder/internal/aapt/AaptOptions;.<clinit>()V> (0x000000009311f3d0) 
thrown [s\src\hotspot\share\prims\jni.cpp, line 1144]
Event: 48.122 Thread 0x00000188eee4bd00 Exception <a 'java/lang/NoSuchMethodError'{0x00000000931753d8}: static Ljava/lang/Object;.<clinit>()V> (0x00000000931753d8) 
thrown [s\src\hotspot\share\prims\jni.cpp, line 1144]
Event: 48.124 Thread 0x00000188eee4bd00 Exception <a 'java/lang/NoSuchMethodError'{0x00000000931ea218}: static Lcom/android/build/api/variant/impl/SerializableApplicationMultiOutputHandler;.<clinit>()V> (0x00000000931ea218) 
thrown [s\src\hotspot\share\prims\jni.cpp, line 1144]
Event: 48.125 Thread 0x00000188eee4bd00 Exception <a 'java/lang/NoSuchMethodError'{0x00000000930227a8}: static Lcom/android/build/api/variant/impl/VariantOutputImpl$SerializedForm;.<clinit>()V> (0x00000000930227a8) 
thrown [s\src\hotspot\share\prims\jni.cpp, line 1144]
Event: 48.125 Thread 0x00000188eee4bd00 Exception <a 'java/lang/NoSuchMethodError'{0x0000000093059370}: static Lcom/android/build/api/variant/impl/VariantOutputConfigurationImpl;.<clinit>()V> (0x0000000093059370) 
thrown [s\src\hotspot\share\prims\jni.cpp, line 1144]
Event: 48.178 Thread 0x00000188f185b7a0 Exception <a 'java/lang/NoSuchMethodError'{0x00000000926fe240}: 'void java.lang.invoke.DirectMethodHandle$Holder.invokeStatic(java.lang.Object, long)'> (0x00000000926fe240) 
thrown [s\src\hotspot\share\interpreter\linkResolver.cpp, line 784]
Event: 48.393 Thread 0x00000188860fe670 Exception <a 'java/lang/NoSuchMethodError'{0x000000009bf10b50}: 'long java.lang.invoke.DirectMethodHandle$Holder.invokeStatic(java.lang.Object, java.lang.Object, java.lang.Object)'> (0x000000009bf10b50) 
thrown [s\src\hotspot\share\interpreter\linkResolver.cpp, line 784]
Event: 48.393 Thread 0x000001888744b720 Exception <a 'java/lang/NoSuchMethodError'{0x000000009c0dc940}: 'long java.lang.invoke.DirectMethodHandle$Holder.invokeStatic(java.lang.Object, java.lang.Object, java.lang.Object)'> (0x000000009c0dc940) 
thrown [s\src\hotspot\share\interpreter\linkResolver.cpp, line 784]
Event: 48.393 Thread 0x00000188868edbc0 Exception <a 'java/lang/NoSuchMethodError'{0x000000009bf35400}: 'long java.lang.invoke.DirectMethodHandle$Holder.invokeStatic(java.lang.Object, java.lang.Object, java.lang.Object)'> (0x000000009bf35400) 
thrown [s\src\hotspot\share\interpreter\linkResolver.cpp, line 784]
Event: 48.393 Thread 0x00000188868ed530 Exception <a 'java/lang/NoSuchMethodError'{0x000000009c0a3e30}: 'long java.lang.invoke.DirectMethodHandle$Holder.invokeStatic(java.lang.Object, java.lang.Object, java.lang.Object)'> (0x000000009c0a3e30) 
thrown [s\src\hotspot\share\interpreter\linkResolver.cpp, line 784]
Event: 48.393 Thread 0x00000188860fed00 Exception <a 'java/lang/NoSuchMethodError'{0x000000009bf48670}: 'long java.lang.invoke.DirectMethodHandle$Holder.invokeStatic(java.lang.Object, java.lang.Object, java.lang.Object)'> (0x000000009bf48670) 
thrown [s\src\hotspot\share\interpreter\linkResolver.cpp, line 784]
Event: 48.896 Thread 0x00000188ecec8a90 Exception <a 'java/lang/NoSuchMethodError'{0x000000009aa30640}: 'java.lang.Object java.lang.invoke.DirectMethodHandle$Holder.newInvokeSpecial(java.lang.Object, int, java.lang.Object, java.lang.Object, java.lang.Object)'> (0x000000009aa30640) 
thrown [s\src\hotspot\share\interpreter\linkResolver.cpp, line 784]
Event: 48.896 Thread 0x00000188ecec8a90 Exception <a 'java/lang/NoSuchMethodError'{0x000000009aa34590}: 'java.lang.Object java.lang.invoke.DirectMethodHandle$Holder.invokeSpecial(java.lang.Object, java.lang.Object, int, java.lang.Object, java.lang.Object, java.lang.Object)'> (0x000000009aa34590) 
thrown [s\src\hotspot\share\interpreter\linkResolver.cpp, line 784]
Event: 48.896 Thread 0x00000188ecec8a90 Exception <a 'java/lang/NoSuchMethodError'{0x000000009aa37d50}: 'java.lang.Object java.lang.invoke.Invokers$Holder.linkToTargetMethod(int, java.lang.Object, java.lang.Object, java.lang.Object, java.lang.Object)'> (0x000000009aa37d50) 
thrown [s\src\hotspot\share\interpreter\linkResolver.cpp, line 784]
Event: 48.897 Thread 0x00000188ecec8a90 Implicit null exception at 0x00000188da564bbc to 0x00000188da56510c

ZGC Phase Switch (0 events):
No events

VM Operations (20 events):
Event: 48.325 Executing VM operation: G1PauseRemark done
Event: 48.378 Executing VM operation: G1PauseCleanup
Event: 48.378 Executing VM operation: G1PauseCleanup done
Event: 48.400 Executing VM operation: HandshakeAllThreads (Deoptimize)
Event: 48.401 Executing VM operation: HandshakeAllThreads (Deoptimize) done
Event: 48.403 Executing VM operation: HandshakeAllThreads (Deoptimize)
Event: 48.403 Executing VM operation: HandshakeAllThreads (Deoptimize) done
Event: 48.452 Executing VM operation: HandshakeAllThreads (Deoptimize)
Event: 48.452 Executing VM operation: HandshakeAllThreads (Deoptimize) done
Event: 48.669 Executing VM operation: G1CollectForAllocation (G1 Evacuation Pause)
Event: 48.695 Executing VM operation: G1CollectForAllocation (G1 Evacuation Pause) done
Event: 48.924 Executing VM operation: ICBufferFull
Event: 48.924 Executing VM operation: ICBufferFull done
Event: 49.044 Executing VM operation: G1CollectForAllocation (G1 Evacuation Pause)
Event: 49.060 Executing VM operation: G1CollectForAllocation (G1 Evacuation Pause) done
Event: 49.268 Executing VM operation: ICBufferFull
Event: 49.268 Executing VM operation: ICBufferFull done
Event: 49.273 Executing VM operation: G1TryInitiateConcMark (G1 Humongous Allocation)
Event: 49.280 Executing VM operation: G1TryInitiateConcMark (G1 Humongous Allocation) done
Event: 49.389 Executing VM operation: G1PauseRemark

Memory protections (0 events):
No events

Nmethod flushes (20 events):
Event: 49.407 Thread 0x00000188e6bdea30 flushing  nmethod 0x00000188d354ea10
Event: 49.407 Thread 0x00000188e6bdea30 flushing  nmethod 0x00000188d3550890
Event: 49.407 Thread 0x00000188e6bdea30 flushing  nmethod 0x00000188d3553310
Event: 49.407 Thread 0x00000188e6bdea30 flushing  nmethod 0x00000188d3553b10
Event: 49.407 Thread 0x00000188e6bdea30 flushing  nmethod 0x00000188d3554110
Event: 49.407 Thread 0x00000188e6bdea30 flushing  nmethod 0x00000188d3555b90
Event: 49.407 Thread 0x00000188e6bdea30 flushing  nmethod 0x00000188d3559490
Event: 49.407 Thread 0x00000188e6bdea30 flushing  nmethod 0x00000188d36fe190
Event: 49.407 Thread 0x00000188e6bdea30 flushing  nmethod 0x00000188d370d890
Event: 49.407 Thread 0x00000188e6bdea30 flushing  nmethod 0x00000188d370fa90
Event: 49.407 Thread 0x00000188e6bdea30 flushing  nmethod 0x00000188d3a2fd90
Event: 49.407 Thread 0x00000188e6bdea30 flushing  nmethod 0x00000188d3d4ac90
Event: 49.407 Thread 0x00000188e6bdea30 flushing  nmethod 0x00000188d3e6ab10
Event: 49.407 Thread 0x00000188e6bdea30 flushing  nmethod 0x00000188d4423090
Event: 49.407 Thread 0x00000188e6bdea30 flushing  nmethod 0x00000188d4711010
Event: 49.407 Thread 0x00000188e6bdea30 flushing  nmethod 0x00000188d4712390
Event: 49.407 Thread 0x00000188e6bdea30 flushing  nmethod 0x00000188d4713a10
Event: 49.407 Thread 0x00000188e6bdea30 flushing  nmethod 0x00000188d4831f90
Event: 49.407 Thread 0x00000188e6bdea30 flushing  nmethod 0x00000188d4833310
Event: 49.407 Thread 0x00000188e6bdea30 flushing  nmethod 0x00000188d499ee90

Events (20 events):
Event: 48.187 Thread 0x00000188f185b7a0 Thread added: 0x00000188fc98d2e0
Event: 48.187 Thread 0x00000188f185b7a0 Thread added: 0x00000188fc98bf30
Event: 48.389 Thread 0x00000188ecec8a90 Thread added: 0x00000188868ed530
Event: 48.390 Thread 0x00000188868ed530 Thread added: 0x00000188ffc18830
Event: 48.390 Thread 0x00000188ffc18830 Thread added: 0x000001888674ab60
Event: 48.390 Thread 0x000001888674ab60 Thread added: 0x00000188860fe670
Event: 48.390 Thread 0x00000188860fe670 Thread added: 0x00000188ffc181a0
Event: 48.391 Thread 0x00000188ffc181a0 Thread added: 0x000001888d7c0ae0
Event: 48.391 Thread 0x000001888d7c0ae0 Thread added: 0x000001888697f1a0
Event: 48.391 Thread 0x000001888697f1a0 Thread added: 0x000001888674b1f0
Event: 48.391 Thread 0x000001888674b1f0 Thread added: 0x000001888744b720
Event: 48.392 Thread 0x000001888744b720 Thread added: 0x0000018886980550
Event: 48.392 Thread 0x0000018886980550 Thread added: 0x000001888674b880
Event: 48.392 Thread 0x000001888674b880 Thread added: 0x00000188868edbc0
Event: 48.392 Thread 0x00000188868edbc0 Thread added: 0x00000188860fed00
Event: 48.393 Thread 0x00000188860fed00 Thread added: 0x00000188860fd950
Event: 48.393 Thread 0x00000188860fd950 Thread added: 0x00000188fda95d90
Event: 48.393 Thread 0x00000188fda95d90 Thread added: 0x000001888d7bf0a0
Event: 48.394 Thread 0x000001888d7bf0a0 Thread added: 0x0000018886748400
Event: 48.394 Thread 0x0000018886748400 Thread added: 0x000001888d7bf730


Dynamic libraries:
0x00007ff71b400000 - 0x00007ff71b40a000 	C:\Program Files\Android\Android Studio\jbr\bin\java.exe
0x00007ffd91940000 - 0x00007ffd91ba8000 	C:\Windows\SYSTEM32\ntdll.dll
0x00007ffd90ca0000 - 0x00007ffd90d69000 	C:\Windows\System32\KERNEL32.DLL
0x00007ffd8ed80000 - 0x00007ffd8f178000 	C:\Windows\System32\KERNELBASE.dll
0x00007ffd8f590000 - 0x00007ffd8f6db000 	C:\Windows\System32\ucrtbase.dll
0x00007ffd597b0000 - 0x00007ffd597cb000 	C:\Program Files\Android\Android Studio\jbr\bin\VCRUNTIME140.dll
0x00007ffd37dd0000 - 0x00007ffd37de8000 	C:\Program Files\Android\Android Studio\jbr\bin\jli.dll
0x00007ffd90140000 - 0x00007ffd90307000 	C:\Windows\System32\USER32.dll
0x00007ffd8f180000 - 0x00007ffd8f1a7000 	C:\Windows\System32\win32u.dll
0x00007ffd91620000 - 0x00007ffd9164b000 	C:\Windows\System32\GDI32.dll
0x00007ffd75980000 - 0x00007ffd75c14000 	C:\Windows\WinSxS\amd64_microsoft.windows.common-controls_6595b64144ccf1df_6.0.26100.7019_none_3e06ffa0e335b8a8\COMCTL32.dll
0x00007ffd8f460000 - 0x00007ffd8f58c000 	C:\Windows\System32\gdi32full.dll
0x00007ffd8f840000 - 0x00007ffd8f8e9000 	C:\Windows\System32\msvcrt.dll
0x00007ffd8f260000 - 0x00007ffd8f303000 	C:\Windows\System32\msvcp_win.dll
0x00007ffd8f800000 - 0x00007ffd8f831000 	C:\Windows\System32\IMM32.DLL
0x00007ffd68800000 - 0x00007ffd6880c000 	C:\Program Files\Android\Android Studio\jbr\bin\vcruntime140_1.dll
0x00007ffcfe240000 - 0x00007ffcfe2cd000 	C:\Program Files\Android\Android Studio\jbr\bin\msvcp140.dll
0x00007ffcf6290000 - 0x00007ffcf6f26000 	C:\Program Files\Android\Android Studio\jbr\bin\server\jvm.dll
0x00007ffd8fea0000 - 0x00007ffd8ff54000 	C:\Windows\System32\ADVAPI32.dll
0x00007ffd91120000 - 0x00007ffd911c6000 	C:\Windows\System32\sechost.dll
0x00007ffd8f6e0000 - 0x00007ffd8f7f8000 	C:\Windows\System32\RPCRT4.dll
0x00007ffd8f8f0000 - 0x00007ffd8f964000 	C:\Windows\System32\WS2_32.dll
0x00007ffd8d6b0000 - 0x00007ffd8d70e000 	C:\Windows\SYSTEM32\POWRPROF.dll
0x00007ffd84ce0000 - 0x00007ffd84d15000 	C:\Windows\SYSTEM32\WINMM.dll
0x00007ffd88b90000 - 0x00007ffd88b9b000 	C:\Windows\SYSTEM32\VERSION.dll
0x00007ffd8d690000 - 0x00007ffd8d6a4000 	C:\Windows\SYSTEM32\UMPDC.dll
0x00007ffd8d970000 - 0x00007ffd8d98b000 	C:\Windows\SYSTEM32\kernel.appcore.dll
0x00007ffd61af0000 - 0x00007ffd61afa000 	C:\Program Files\Android\Android Studio\jbr\bin\jimage.dll
0x00007ffd8c240000 - 0x00007ffd8c482000 	C:\Windows\SYSTEM32\DBGHELP.DLL
0x00007ffd90d70000 - 0x00007ffd910fb000 	C:\Windows\System32\combase.dll
0x00007ffd91540000 - 0x00007ffd91617000 	C:\Windows\System32\OLEAUT32.dll
0x00007ffd7cd00000 - 0x00007ffd7cd3c000 	C:\Windows\SYSTEM32\dbgcore.DLL
0x00007ffd8f1b0000 - 0x00007ffd8f255000 	C:\Windows\System32\bcryptPrimitives.dll
0x00007ffd57c80000 - 0x00007ffd57c8e000 	C:\Program Files\Android\Android Studio\jbr\bin\instrument.dll
0x00007ffd57320000 - 0x00007ffd57340000 	C:\Program Files\Android\Android Studio\jbr\bin\java.dll
0x00007ffd52f60000 - 0x00007ffd52f78000 	C:\Program Files\Android\Android Studio\jbr\bin\zip.dll
0x00007ffd90320000 - 0x00007ffd90a6f000 	C:\Windows\System32\SHELL32.dll
0x00007ffd8ea90000 - 0x00007ffd8ebfb000 	C:\Windows\System32\wintypes.dll
0x00007ffd8c6d0000 - 0x00007ffd8cf2d000 	C:\Windows\SYSTEM32\windows.storage.dll
0x00007ffd91320000 - 0x00007ffd91412000 	C:\Windows\System32\SHCORE.dll
0x00007ffd8f970000 - 0x00007ffd8f9d7000 	C:\Windows\System32\shlwapi.dll
0x00007ffd8e9b0000 - 0x00007ffd8e9d9000 	C:\Windows\SYSTEM32\profapi.dll
0x00007ffd60c10000 - 0x00007ffd60c20000 	C:\Program Files\Android\Android Studio\jbr\bin\net.dll
0x00007ffd88640000 - 0x00007ffd88768000 	C:\Windows\SYSTEM32\WINHTTP.dll
0x00007ffd8dee0000 - 0x00007ffd8df4b000 	C:\Windows\system32\mswsock.dll
0x00007ffd52d10000 - 0x00007ffd52d26000 	C:\Program Files\Android\Android Studio\jbr\bin\nio.dll
0x00007ffd5a7d0000 - 0x00007ffd5a7e0000 	C:\Program Files\Android\Android Studio\jbr\bin\verify.dll
0x00007ffd52e30000 - 0x00007ffd52e57000 	C:\Users\as\.gradle\native\1def1411415f61bf3af743bc5b6707747c0891f09f0c88961ee8f79bc544acac\windows-amd64\native-platform.dll
0x00007ffcfe1c0000 - 0x00007ffcfe238000 	C:\Users\as\.gradle\native\0.2.7\x86_64-windows-gnu\gradle-fileevents.dll
0x00007ffd5fdc0000 - 0x00007ffd5fdc9000 	C:\Program Files\Android\Android Studio\jbr\bin\management.dll
0x00007ffd5dd60000 - 0x00007ffd5dd6b000 	C:\Program Files\Android\Android Studio\jbr\bin\management_ext.dll
0x00007ffd91510000 - 0x00007ffd91518000 	C:\Windows\System32\PSAPI.DLL
0x00007ffd8d420000 - 0x00007ffd8d454000 	C:\Windows\SYSTEM32\IPHLPAPI.DLL
0x00007ffd91520000 - 0x00007ffd9152a000 	C:\Windows\System32\NSI.dll
0x00007ffd60450000 - 0x00007ffd60459000 	C:\Program Files\Android\Android Studio\jbr\bin\extnet.dll
0x00007ffd8e1b0000 - 0x00007ffd8e1cb000 	C:\Windows\SYSTEM32\CRYPTSP.dll
0x00007ffd8d8d0000 - 0x00007ffd8d90a000 	C:\Windows\system32\rsaenh.dll
0x00007ffd8df90000 - 0x00007ffd8dfbb000 	C:\Windows\SYSTEM32\USERENV.dll
0x00007ffd8e980000 - 0x00007ffd8e9aa000 	C:\Windows\SYSTEM32\bcrypt.dll
0x00007ffd8e1a0000 - 0x00007ffd8e1ac000 	C:\Windows\SYSTEM32\CRYPTBASE.dll
0x00007ffd72a00000 - 0x00007ffd72a08000 	C:\Windows\system32\wshunix.dll
0x00007ffd8d460000 - 0x00007ffd8d58c000 	C:\Windows\SYSTEM32\DNSAPI.dll
0x00007ffd87570000 - 0x00007ffd8757b000 	C:\Windows\System32\rasadhlp.dll
0x00007ffd88d30000 - 0x00007ffd88db6000 	C:\Windows\System32\fwpuclnt.dll
0x00007ffd8da90000 - 0x00007ffd8dac6000 	C:\Windows\SYSTEM32\ntmarta.dll

JVMTI agents:
C:\Users\as\.gradle\wrapper\dists\gradle-8.13-bin\5xuhj0ry160q40clulazy9h7d\gradle-8.13\lib\agents\gradle-instrumentation-agent-8.13.jar path:C:\Program Files\Android\Android Studio\jbr\bin\instrument.dll, loaded, initialized, instrumentlib options:none

dbghelp: loaded successfully - version: 4.0.5 - missing functions: none
symbol engine: initialized successfully - sym options: 0x614 - pdb path: .;C:\Program Files\Android\Android Studio\jbr\bin;C:\Windows\SYSTEM32;C:\Windows\WinSxS\amd64_microsoft.windows.common-controls_6595b64144ccf1df_6.0.26100.7019_none_3e06ffa0e335b8a8;C:\Program Files\Android\Android Studio\jbr\bin\server;C:\Users\as\.gradle\native\1def1411415f61bf3af743bc5b6707747c0891f09f0c88961ee8f79bc544acac\windows-amd64;C:\Users\as\.gradle\native\0.2.7\x86_64-windows-gnu

VM Arguments:
jvm_args: --add-opens=java.base/java.lang=ALL-UNNAMED --add-opens=java.base/java.lang.invoke=ALL-UNNAMED --add-opens=java.base/java.util=ALL-UNNAMED --add-opens=java.prefs/java.util.prefs=ALL-UNNAMED --add-exports=jdk.compiler/com.sun.tools.javac.api=ALL-UNNAMED --add-exports=jdk.compiler/com.sun.tools.javac.util=ALL-UNNAMED --add-opens=java.base/java.util=ALL-UNNAMED --add-opens=java.prefs/java.util.prefs=ALL-UNNAMED --add-opens=java.base/java.nio.charset=ALL-UNNAMED --add-opens=java.base/java.net=ALL-UNNAMED --add-opens=java.base/java.util.concurrent.atomic=ALL-UNNAMED --add-opens=java.xml/javax.xml.namespace=ALL-UNNAMED -Xmx2048m -Dfile.encoding=UTF-8 -Duser.country=US -Duser.language=en -Duser.variant -javaagent:C:\Users\as\.gradle\wrapper\dists\gradle-8.13-bin\5xuhj0ry160q40clulazy9h7d\gradle-8.13\lib\agents\gradle-instrumentation-agent-8.13.jar 
java_command: org.gradle.launcher.daemon.bootstrap.GradleDaemon 8.13
java_class_path (initial): C:\Users\as\.gradle\wrapper\dists\gradle-8.13-bin\5xuhj0ry160q40clulazy9h7d\gradle-8.13\lib\gradle-daemon-main-8.13.jar
Launcher Type: SUN_STANDARD

[Global flags]
     intx CICompilerCount                          = 12                                        {product} {ergonomic}
     uint ConcGCThreads                            = 4                                         {product} {ergonomic}
     uint G1ConcRefinementThreads                  = 15                                        {product} {ergonomic}
   size_t G1HeapRegionSize                         = 1048576                                   {product} {ergonomic}
    uintx GCDrainStackTargetSize                   = 64                                        {product} {ergonomic}
   size_t InitialHeapSize                          = 262144000                                 {product} {ergonomic}
   size_t MarkStackSize                            = 4194304                                   {product} {ergonomic}
   size_t MaxHeapSize                              = 2147483648                                {product} {command line}
   size_t MaxNewSize                               = 1287651328                                {product} {ergonomic}
   size_t MinHeapDeltaBytes                        = 1048576                                   {product} {ergonomic}
   size_t MinHeapSize                              = 8388608                                   {product} {ergonomic}
    uintx NonNMethodCodeHeapSize                   = 7602480                                {pd product} {ergonomic}
    uintx NonProfiledCodeHeapSize                  = 122027880                              {pd product} {ergonomic}
    uintx ProfiledCodeHeapSize                     = 122027880                              {pd product} {ergonomic}
    uintx ReservedCodeCacheSize                    = 251658240                              {pd product} {ergonomic}
     bool SegmentedCodeCache                       = true                                      {product} {ergonomic}
   size_t SoftMaxHeapSize                          = 2147483648                             {manageable} {ergonomic}
     bool UseCompressedOops                        = true                           {product lp64_product} {ergonomic}
     bool UseG1GC                                  = true                                      {product} {ergonomic}
     bool UseLargePagesIndividualAllocation        = false                                  {pd product} {ergonomic}

Logging:
Log output configuration:
 #0: stdout all=warning uptime,level,tags foldmultilines=false
 #1: stderr all=off uptime,level,tags foldmultilines=false

Environment Variables:
PATH=C:\Program Files\Common Files\Oracle\Java\javapath;C:\Program Files (x86)\VMware\VMware Workstation\bin\;C:\Windows\system32;C:\Windows;C:\Windows\System32\Wbem;C:\Windows\System32\WindowsPowerShell\v1.0\;C:\Windows\System32\OpenSSH\;C:\Program Files (x86)\NVIDIA Corporation\PhysX\Common;C:\Program Files\NVIDIA Corporation\NVIDIA NvDLISR;C:\Program Files\dotnet\;C:\Program Files\Git\cmd;C:\Program Files\Docker\Docker\resources\bin;C:\Program Files\TortoiseGit\bin;C:\Program Files\Cloudflare\Cloudflare WARP\;C:\Users\as\AppData\Local\Programs\Python\Python312\Scripts\;C:\Users\as\AppData\Local\Programs\Python\Python312\;C:\Users\as\AppData\Local\Programs\Python\Python311\Scripts\;C:\Users\as\AppData\Local\Programs\Python\Python311\;C:\Users\as\AppData\Local\Microsoft\WindowsApps;C:\Users\as\AppData\Local\Programs\Microsoft VS Code\bin;C:\Users\as\AppData\Local\JetBrains\Toolbox\scripts;C:\maven\apache-maven-3.9.11\bin;C:\Users\as\AppData\Local\Programs\Antigravity\bin
USERNAME=as
OS=Windows_NT
PROCESSOR_IDENTIFIER=Intel64 Family 6 Model 183 Stepping 1, GenuineIntel
TMP=C:\Users\as\AppData\Local\Temp
TEMP=C:\Users\as\AppData\Local\Temp




Periodic native trim disabled

JNI global refs:
JNI global refs: 40, weak refs: 65

JNI global refs memory usage: 835, weak refs: 1465

Process memory usage:
Resident Set Size: 1128432K (6% of 16383452K total physical memory with 619044K free physical memory)

OOME stack traces (most recent first):
Classloader memory used:
Loader org.gradle.internal.classloader.VisitableURLClassLoader                         : 107M
Loader org.gradle.internal.classloader.VisitableURLClassLoader$InstrumentingVisitableURLClassLoader: 71873K
Loader bootstrap                                                                       : 38099K
Loader org.gradle.initialization.MixInLegacyTypesClassLoader                           : 14848K
Loader org.gradle.internal.classloader.VisitableURLClassLoader                         : 8502K
Loader jdk.internal.reflect.DelegatingClassLoader                                      : 971K
Loader jdk.internal.loader.ClassLoaders$PlatformClassLoader                            : 840K
Loader jdk.internal.jrtfs.JrtFileSystemProvider$JrtFsLoader                            : 344K
Loader jdk.internal.loader.ClassLoaders$AppClassLoader                                 : 235K
Loader org.gradle.groovy.scripts.internal.DefaultScriptCompilationHandler$ScriptClassLoader: 210K
Loader org.codehaus.groovy.runtime.callsite.CallSiteClassLoader                        : 70256B
Loader sun.reflect.misc.MethodUtil                                                     : 3024B

Classes loaded by more than one classloader:
Class Program                                                                         : loaded 5 times (x 72B)
Class com.google.common.collect.Iterators$MergingIterator                             : loaded 3 times (x 81B)
Class com.google.common.collect.ImmutableList$SubList                                 : loaded 3 times (x 209B)
Class com.google.common.collect.ForwardingObject                                      : loaded 3 times (x 72B)
Class com.google.common.collect.ImmutableSet$SetBuilderImpl                           : loaded 3 times (x 76B)
Class com.google.common.collect.ImmutableList                                         : loaded 3 times (x 206B)
Class Build_gradle                                                                    : loaded 3 times (x 130B)
Class com.google.common.base.CharMatcher$InRange                                      : loaded 3 times (x 111B)
Class com.google.common.collect.RangeSet                                              : loaded 3 times (x 70B)
Class com.google.common.base.CharMatcher$1                                            : loaded 3 times (x 113B)
Class com.google.common.base.CharMatcher$NamedFastMatcher                             : loaded 3 times (x 112B)
Class com.google.common.base.Joiner$2                                                 : loaded 3 times (x 79B)
Class com.google.common.collect.RangeGwtSerializationDependencies                     : loaded 3 times (x 71B)
Class com.google.common.collect.PeekingIterator                                       : loaded 3 times (x 70B)
Class com.google.common.base.CharMatcher                                              : loaded 3 times (x 111B)
Class com.google.common.base.Joiner$1                                                 : loaded 3 times (x 80B)
Class com.google.common.base.Preconditions                                            : loaded 3 times (x 71B)
Class com.google.common.base.CharMatcher$IsEither                                     : loaded 3 times (x 111B)
Class com.google.common.base.CharMatcher$Is                                           : loaded 3 times (x 111B)
Class com.google.common.base.CharMatcher$Negated                                      : loaded 3 times (x 113B)
Class com.google.common.collect.ImmutableSet$RegularSetBuilderImpl                    : loaded 3 times (x 77B)
Class com.google.common.collect.ImmutableRangeSet$ComplementRanges                    : loaded 3 times (x 207B)
Class org.gradle.internal.IoActions                                                   : loaded 3 times (x 71B)
Class org.gradle.api.GradleException                                                  : loaded 3 times (x 82B)
Class com.google.common.base.CharMatcher$NegatedFastMatcher                           : loaded 3 times (x 113B)
Class com.google.common.collect.AbstractRangeSet                                      : loaded 3 times (x 114B)
Class com.google.common.base.Predicate                                                : loaded 3 times (x 70B)
Class com.google.common.base.CharMatcher$FastMatcher                                  : loaded 3 times (x 111B)
Class org.gradle.api.Action                                                           : loaded 3 times (x 70B)
Class org.gradle.internal.Cast                                                        : loaded 3 times (x 71B)
Class com.google.common.base.CharMatcher$Or                                           : loaded 3 times (x 112B)
Class com.google.common.collect.ImmutableSet                                          : loaded 3 times (x 145B)
Class com.google.common.collect.ImmutableList$1                                       : loaded 3 times (x 97B)
Class com.google.common.base.CharMatcher$BitSetMatcher                                : loaded 3 times (x 112B)
Class com.google.common.collect.ImmutableRangeSet$Builder                             : loaded 3 times (x 77B)
Class Build_gradle$1                                                                  : loaded 3 times (x 74B)
Class com.google.common.collect.RegularImmutableList                                  : loaded 3 times (x 213B)
Class com.google.common.base.Function                                                 : loaded 3 times (x 70B)
Class com.google.common.collect.RegularImmutableSortedSet                             : loaded 3 times (x 300B)
Class com.google.common.collect.ImmutableSortedSet                                    : loaded 3 times (x 300B)
Class com.google.common.collect.RegularImmutableSet                                   : loaded 3 times (x 149B)
Class com.google.common.collect.ImmutableAsList                                       : loaded 3 times (x 209B)
Class com.google.common.collect.Iterators$9                                           : loaded 3 times (x 81B)
Class com.google.common.collect.ImmutableSet$CachingAsList                            : loaded 3 times (x 148B)
Class com.google.common.collect.Lists                                                 : loaded 3 times (x 71B)
Class com.google.common.collect.ImmutableCollection                                   : loaded 3 times (x 125B)
Class com.google.common.base.CharMatcher$AnyOf                                        : loaded 3 times (x 112B)
Class com.google.common.base.CharMatcher$ForPredicate                                 : loaded 3 times (x 112B)
Class com.google.common.collect.Iterators$5                                           : loaded 3 times (x 82B)
Class com.google.common.collect.Iterators$4                                           : loaded 3 times (x 82B)
Class com.google.common.collect.SortedIterable                                        : loaded 3 times (x 70B)
Class com.google.common.collect.SingletonImmutableSet                                 : loaded 3 times (x 146B)
Class com.google.common.collect.Iterators$1                                           : loaded 3 times (x 81B)
Class com.google.common.collect.ImmutableList$ReverseImmutableList                    : loaded 3 times (x 209B)
Class org.gradle.api.UncheckedIOException                                             : loaded 3 times (x 82B)
Class com.google.common.collect.SingletonImmutableList                                : loaded 3 times (x 207B)
Class com.google.common.base.CharMatcher$IsNot                                        : loaded 3 times (x 111B)
Class com.google.common.collect.AbstractIndexedListIterator                           : loaded 3 times (x 96B)
Class com.google.common.collect.AbstractIterator                                      : loaded 3 times (x 82B)
Class com.google.common.collect.UnmodifiableListIterator                              : loaded 3 times (x 95B)
Class com.google.common.base.CharMatcher$And                                          : loaded 3 times (x 112B)
Class com.google.common.collect.Lists$StringAsImmutableList                           : loaded 3 times (x 207B)
Class com.google.common.collect.Iterators                                             : loaded 3 times (x 71B)
Class com.google.common.collect.Range                                                 : loaded 3 times (x 87B)
Class com.google.common.collect.RegularImmutableAsList                                : loaded 3 times (x 217B)
Class com.google.common.collect.ImmutableRangeSet$1                                   : loaded 3 times (x 210B)
Class com.google.common.collect.ImmutableList$Builder                                 : loaded 3 times (x 77B)
Class com.intellij.gradle.toolingExtension.util.GradleVersionUtil                     : loaded 3 times (x 71B)
Class com.google.common.collect.UnmodifiableIterator                                  : loaded 3 times (x 80B)
Class com.google.common.base.Joiner                                                   : loaded 3 times (x 79B)
Class com.google.common.collect.ImmutableCollection$Builder                           : loaded 3 times (x 76B)
Class com.google.common.collect.Iterators$ArrayItr                                    : loaded 3 times (x 97B)
Class com.google.common.collect.ImmutableRangeSet$AsSet                               : loaded 3 times (x 300B)
Class com.google.common.collect.ImmutableRangeSet                                     : loaded 3 times (x 115B)
Class com.amazon.ion.impl.bin.IonManagedBinaryWriter$ImportedSymbolResolverMode$1     : loaded 2 times (x 80B)
Class com.intellij.util.containers.IntObjectHashMap$ArrayProducer                     : loaded 2 times (x 70B)
Class org.gradle.internal.classloader.DefaultClassLoaderFactory                       : loaded 2 times (x 82B)
Class [Lcom.google.common.collect.AbstractIterator$State;                             : loaded 2 times (x 69B)
Class org.apache.commons.io.file.PathUtils                                            : loaded 2 times (x 71B)
Class com.google.common.io.ByteSource$ConcatenatedByteSource                          : loaded 2 times (x 85B)
Class com.google.common.base.CharMatcher$None                                         : loaded 2 times (x 112B)
Class com.amazon.ion.impl.bin.IonManagedBinaryWriter$ImportedSymbolResolverMode$2     : loaded 2 times (x 80B)
Class com.google.common.collect.ReverseNaturalOrdering                                : loaded 2 times (x 114B)
Class kotlin.text.MatcherMatchResult$groupValues$1                                    : loaded 2 times (x 198B)
Class kotlin.sequences.SequencesKt___SequencesKt                                      : loaded 2 times (x 71B)
Class kotlin.collections.AbstractList$Companion                                       : loaded 2 times (x 71B)
Class org.gradle.internal.classloader.ClassLoaderVisitor                              : loaded 2 times (x 76B)
Class [Lcom.google.common.collect.ImmutableMapEntry;                                  : loaded 2 times (x 69B)
Class [Lcom.android.ide.common.repository.AgpVersion$PreviewKind;                     : loaded 2 times (x 69B)
Class org.jetbrains.plugins.gradle.tooling.serialization.internal.IdeaProjectSerializationService: loaded 2 times (x 77B)
Class com.google.common.collect.Ordering                                              : loaded 2 times (x 114B)
Class kotlin.sequences.SequencesKt___SequencesKt$flatMap$2                            : loaded 2 times (x 125B)
Class org.gradle.api.internal.classpath.EffectiveClassPath                            : loaded 2 times (x 90B)
Class [Lorg.apache.commons.io.StandardLineSeparator;                                  : loaded 2 times (x 69B)
Class org.apache.commons.io.output.StringBuilderWriter                                : loaded 2 times (x 100B)
Class com.google.common.collect.CollectSpliterators$1WithCharacteristics              : loaded 2 times (x 90B)
Class com.amazon.ion.impl.lite.IonSymbolLite                                          : loaded 2 times (x 246B)
Class com.android.builder.model.v2.models.AndroidDsl                                  : loaded 2 times (x 70B)
Class com.google.common.collect.ListMultimap                                          : loaded 2 times (x 70B)
Class com.google.common.collect.ImmutableEnumMap                                      : loaded 2 times (x 126B)
Class com.amazon.ion.impl.lite.IonSystemLite                                          : loaded 2 times (x 275B)
Class com.amazon.ion.util.InputStreamInterceptor                                      : loaded 2 times (x 70B)
Class com.amazon.ion.impl.bin.IonRawBinaryWriter$PreallocationMode                    : loaded 2 times (x 82B)
Class com.amazon.ion.impl.bin._Private_IonRawWriter                                   : loaded 2 times (x 70B)
Class com.amazon.ion.IonWriter                                                        : loaded 2 times (x 70B)
Class kotlin.text.StringsKt__AppendableKt                                             : loaded 2 times (x 71B)
Class org.gradle.tooling.internal.gradle.DefaultProjectIdentifier                     : loaded 2 times (x 86B)
Class com.google.common.collect.Iterators$EmptyModifiableIterator                     : loaded 2 times (x 86B)
Class com.google.common.base.Splitter                                                 : loaded 2 times (x 72B)
Class com.android.ide.common.gradle.Numeric                                           : loaded 2 times (x 77B)
Class com.google.common.collect.Sets$1                                                : loaded 2 times (x 139B)
Class org.objectweb.asm.AnnotationVisitor                                             : loaded 2 times (x 78B)
Class com.amazon.ion.impl._Private_RecyclingQueue$ElementFactory                      : loaded 2 times (x 70B)
Class com.amazon.ion.impl._Private_IonContainer                                       : loaded 2 times (x 70B)
Class com.intellij.gradle.toolingExtension.impl.model.buildScriptClasspathModel.GradleBuildScriptClasspathSerializationService$ReadContext: loaded 2 times (x 72B)
Class org.gradle.internal.impldep.gnu.trove.TObjectIntHashMap                         : loaded 2 times (x 109B)
Class com.google.common.collect.ComparatorOrdering                                    : loaded 2 times (x 115B)
Class org.gradle.api.internal.DefaultClassPathProvider                                : loaded 2 times (x 76B)
Class com.google.common.collect.MapMakerInternalMap$Strength$1                        : loaded 2 times (x 80B)
Class com.google.common.collect.Maps$ViewCachingAbstractMap                           : loaded 2 times (x 125B)
Class com.android.builder.model.v2.models.BasicAndroidProject                         : loaded 2 times (x 70B)
Class com.google.common.collect.Sets$2                                                : loaded 2 times (x 139B)
Class com.amazon.ion.impl._Private_RecyclingStack$$Iterator                           : loaded 2 times (x 99B)
Class com.amazon.ion.impl.SharedSymbolTable                                           : loaded 2 times (x 93B)
Class com.amazon.ion.impl.bin.IonRawBinaryWriter                                      : loaded 2 times (x 169B)
Class com.amazon.ion.SymbolToken                                                      : loaded 2 times (x 70B)
Class kotlin.text.StringsKt__StringNumberConversionsJVMKt                             : loaded 2 times (x 71B)
Class com.google.common.collect.NaturalOrdering                                       : loaded 2 times (x 115B)
Class kotlin.text.MatchResult                                                         : loaded 2 times (x 70B)
Class kotlin.sequences.SequenceScope                                                  : loaded 2 times (x 73B)
Class kotlin.sequences.Sequence                                                       : loaded 2 times (x 70B)
Class org.gradle.tooling.ToolingModelContract                                         : loaded 2 times (x 70B)
Class [Lorg.gradle.api.internal.ClassPathProvider;                                    : loaded 2 times (x 69B)
Class org.gradle.api.internal.ClassPathProvider                                       : loaded 2 times (x 70B)
Class com.google.common.reflect.Types$ClassOwnership$1                                : loaded 2 times (x 80B)
Class com.google.common.collect.MapMakerInternalMap$Strength$2                        : loaded 2 times (x 80B)
Class com.google.common.base.AbstractIterator$State                                   : loaded 2 times (x 79B)
Class [Lorg.objectweb.asm.AnnotationVisitor;                                          : loaded 2 times (x 69B)
Class com.google.common.collect.Sets$3                                                : loaded 2 times (x 139B)
Class com.google.common.util.concurrent.AbstractFuture$SafeAtomicHelper               : loaded 2 times (x 79B)
Class com.google.common.cache.LocalCache$LocalLoadingCache                            : loaded 2 times (x 134B)
Class jdk.internal.jrtfs.SystemImage                                                  : loaded 2 times (x 74B)
Class com.amazon.ion.impl.lite.IonBoolLite                                            : loaded 2 times (x 178B)
Class org.gradle.internal.impldep.gnu.trove.TObjectHash$NULL                          : loaded 2 times (x 71B)
Class kotlin.collections.CollectionsKt___CollectionsKt$asSequence$$inlined$Sequence$1 : loaded 2 times (x 75B)
Class org.gradle.internal.service.UnknownServiceException                             : loaded 2 times (x 83B)
Class com.google.common.io.ByteArrayDataInput                                         : loaded 2 times (x 70B)
Class com.google.common.reflect.Types$ClassOwnership$2                                : loaded 2 times (x 80B)
Class com.google.common.reflect.TypeResolver                                          : loaded 2 times (x 72B)
Class com.google.common.collect.MapMakerInternalMap$StrongValueEntry                  : loaded 2 times (x 70B)
Class com.google.common.collect.Sets$4                                                : loaded 2 times (x 139B)
Class org.objectweb.asm.ModuleVisitor                                                 : loaded 2 times (x 81B)
Class com.google.common.cache.LocalCache$Strength$1                                   : loaded 2 times (x 81B)
Class org.jetbrains.kotlin.idea.gradleTooling.model.kapt.KaptGradleModel              : loaded 2 times (x 70B)
Class org.gradle.internal.impldep.gnu.trove.PrimeFinder                               : loaded 2 times (x 71B)
Class org.jetbrains.kotlin.idea.gradleTooling.KotlinDslScriptAdditionalTask           : loaded 2 times (x 70B)
Class org.jetbrains.plugins.gradle.model.ClasspathEntryModel                          : loaded 2 times (x 70B)
Class org.apache.commons.io.output.QueueOutputStream                                  : loaded 2 times (x 87B)
Class com.google.common.reflect.Types$ClassOwnership$3                                : loaded 2 times (x 71B)
Class com.google.common.util.concurrent.SettableFuture                                : loaded 2 times (x 114B)
Class com.google.common.cache.LocalCache$Strength$2                                   : loaded 2 times (x 81B)
Class com.amazon.ion.IonTimestamp                                                     : loaded 2 times (x 70B)
Class com.amazon.ion.impl.bin.PooledBlockAllocatorProvider$PooledBlockAllocator       : loaded 2 times (x 81B)
Class org.jetbrains.plugins.gradle.tooling.serialization.GradleExtensionsSerializationService: loaded 2 times (x 77B)
Class org.gradle.api.JavaVersion                                                      : loaded 2 times (x 79B)
Class org.gradle.tooling.model.Dependency                                             : loaded 2 times (x 70B)
Class com.google.common.io.ByteStreams                                                : loaded 2 times (x 71B)
Class com.google.common.collect.Interners$InternerImpl                                : loaded 2 times (x 75B)
Class com.google.common.collect.Interner                                              : loaded 2 times (x 70B)
Class com.google.common.collect.TransformedIterator                                   : loaded 2 times (x 80B)
Class com.google.common.base.Splitter$1                                               : loaded 2 times (x 77B)
Class com.android.builder.model.v2.ide.AbstractArtifact                               : loaded 2 times (x 70B)
Class com.google.common.cache.LocalCache$Strength$3                                   : loaded 2 times (x 81B)
Class com.google.common.collect.MapDifference                                         : loaded 2 times (x 70B)
Class com.amazon.ion.IonDatagram                                                      : loaded 2 times (x 70B)
Class com.amazon.ion.impl._Private_RecyclingStack$ElementFactory                      : loaded 2 times (x 70B)
Class com.amazon.ion.impl.bin.IonManagedBinaryWriter$ImportedSymbolResolverMode$1$1   : loaded 2 times (x 78B)
Class com.amazon.ion.impl._Private_ByteTransferSink                                   : loaded 2 times (x 70B)
Class com.intellij.openapi.externalSystem.model.project.dependencies.ResolutionState  : loaded 2 times (x 79B)
Class kotlin.text.StringsKt__RegexExtensionsJVMKt                                     : loaded 2 times (x 71B)
Class com.google.common.collect.AllEqualOrdering                                      : loaded 2 times (x 114B)
Class kotlin.collections.ArraysKt___ArraysJvmKt                                       : loaded 2 times (x 71B)
Class kotlin.collections.CollectionsKt__CollectionsKt                                 : loaded 2 times (x 71B)
Class com.google.common.reflect.Invokable                                             : loaded 2 times (x 103B)
Class com.google.common.collect.MapMaker$Dummy                                        : loaded 2 times (x 79B)
Class org.objectweb.asm.FieldWriter                                                   : loaded 2 times (x 78B)
Class com.google.common.cache.CacheBuilder$NullListener                               : loaded 2 times (x 82B)
Class org.jetbrains.plugins.gradle.model.ExternalLibraryDependency                    : loaded 2 times (x 70B)
Class kotlin.text.Regex$Companion                                                     : loaded 2 times (x 71B)
Class org.gradle.internal.classpath.TransformedClassPath                              : loaded 2 times (x 96B)
Class org.gradle.internal.classloader.InstrumentingClassLoader                        : loaded 2 times (x 70B)
Class org.apache.commons.io.output.UnsynchronizedByteArrayOutputStream                : loaded 2 times (x 102B)
Class com.google.common.reflect.Types$ParameterizedTypeImpl                           : loaded 2 times (x 81B)
Class [Lcom.amazon.ion.impl.bin.IonRawBinaryWriter$StreamCloseMode;                   : loaded 2 times (x 69B)
Class com.google.common.collect.ImmutableListMultimap                                 : loaded 2 times (x 176B)
Class com.google.common.cache.CacheLoader$FunctionToCacheLoader                       : loaded 2 times (x 75B)
Class org.jetbrains.kotlin.idea.gradleTooling.AndroidAwareGradleModelProvider$Companion: loaded 2 times (x 71B)
Class com.google.common.base.Suppliers                                                : loaded 2 times (x 71B)
Class jdk.internal.jrtfs.SystemImage$1                                                : loaded 2 times (x 78B)
Class com.amazon.ion.IonValue                                                         : loaded 2 times (x 70B)
Class kotlin.jvm.internal.FunctionReference                                           : loaded 2 times (x 122B)
Class [Lkotlin.coroutines.intrinsics.CoroutineSingletons;                             : loaded 2 times (x 69B)
Class kotlin.jvm.internal.FunctionBase                                                : loaded 2 times (x 70B)
Class kotlin.enums.EnumEntriesList                                                    : loaded 2 times (x 223B)
Class org.apache.commons.io.output.ByteArrayOutputStream                              : loaded 2 times (x 102B)
Class com.google.common.reflect.TypeResolver$TypeVariableKey                          : loaded 2 times (x 72B)
Class com.google.common.collect.EmptyImmutableListMultimap                            : loaded 2 times (x 176B)
Class com.google.common.collect.BaseImmutableMultimap                                 : loaded 2 times (x 123B)
Class [Lcom.google.common.cache.CacheBuilder$OneWeigher;                              : loaded 2 times (x 69B)
Class com.google.common.base.MoreObjects                                              : loaded 2 times (x 71B)
Class jdk.internal.jrtfs.SystemImage$2                                                : loaded 2 times (x 76B)
Class com.amazon.ion.impl.bin.IonRawBinaryWriter$ContainerType                        : loaded 2 times (x 79B)
Class com.amazon.ion.impl._Private_IonTextWriterBuilder$Mutable                       : loaded 2 times (x 102B)
Class kotlin.comparisons.ComparisonsKt___ComparisonsJvmKt                             : loaded 2 times (x 71B)
Class kotlin.collections.CollectionsKt__IteratorsJVMKt                                : loaded 2 times (x 71B)
Class com.android.builder.model.v2.ide.TestInfo$Execution                             : loaded 2 times (x 79B)
Class com.google.common.collect.Platform                                              : loaded 2 times (x 71B)
Class [Lorg.objectweb.asm.Type;                                                       : loaded 2 times (x 69B)
Class org.objectweb.asm.MethodTooLargeException                                       : loaded 2 times (x 83B)
Class org.jetbrains.kotlin.idea.gradleTooling.KotlinSourceSetContainer                : loaded 2 times (x 70B)
Class org.jetbrains.plugins.gradle.model.IntelliJSettings                             : loaded 2 times (x 70B)
Class kotlin.Result                                                                   : loaded 2 times (x 72B)
Class org.gradle.internal.service.ServiceLocator                                      : loaded 2 times (x 70B)
Class com.google.common.base.Platform$JdkPatternCompiler                              : loaded 2 times (x 75B)
Class org.apache.commons.io.FileExistsException                                       : loaded 2 times (x 82B)
Class com.google.common.base.Ascii                                                    : loaded 2 times (x 71B)
Class com.google.common.collect.SingletonImmutableBiMap                               : loaded 2 times (x 143B)
Class com.google.common.cache.LocalCache$1                                            : loaded 2 times (x 89B)
Class com.google.common.collect.Iterators$SingletonIterator                           : loaded 2 times (x 81B)
Class com.google.common.collect.AbstractMapEntry                                      : loaded 2 times (x 81B)
Class jdk.internal.jrtfs.JrtFileSystemProvider                                        : loaded 2 times (x 101B)
Class com.amazon.ion.impl.IonWriterSystem                                             : loaded 2 times (x 171B)
Class com.amazon.ion.impl.bin.Symbols$2                                               : loaded 2 times (x 107B)
Class com.amazon.ion.impl.bin._Private_IonManagedWriter                               : loaded 2 times (x 70B)
Class com.android.ide.gradle.model.GradlePropertiesModel                              : loaded 2 times (x 70B)
Class kotlin.sequences.TransformingSequence$iterator$1                                : loaded 2 times (x 79B)
Class kotlin.Pair                                                                     : loaded 2 times (x 72B)
Class org.gradle.tooling.internal.adapter.ProtocolToModelAdapter$SupportedPropertyInvoker: loaded 2 times (x 76B)
Class org.gradle.tooling.model.UnsupportedMethodException                             : loaded 2 times (x 82B)
Class com.google.common.reflect.TypeToken$SimpleTypeToken                             : loaded 2 times (x 73B)
Class com.google.common.io.ByteSource$ByteArrayByteSource                             : loaded 2 times (x 85B)
Class com.google.common.collect.MapMakerInternalMap$AbstractStrongKeyEntry            : loaded 2 times (x 80B)
Class com.android.builder.model.v2.ide.BytecodeTransformation                         : loaded 2 times (x 79B)
Class com.google.common.collect.Sets$ImprovedAbstractSet                              : loaded 2 times (x 135B)
Class com.google.common.collect.MapMakerInternalMap$Strength                          : loaded 2 times (x 80B)
Class com.google.common.collect.AbstractMultimap                                      : loaded 2 times (x 123B)
Class com.google.common.cache.LocalCache$2                                            : loaded 2 times (x 142B)
Class com.amazon.ion.impl.lite.IonContainerLite                                       : loaded 2 times (x 248B)
Class com.amazon.ion.IonBufferConfiguration$OversizedSymbolTableHandler               : loaded 2 times (x 70B)
Class com.amazon.ion.system.IonWriterBuilder                                          : loaded 2 times (x 74B)
Class org.jetbrains.plugins.gradle.tooling.serialization.ToolingStreamApiUtils        : loaded 2 times (x 71B)
Class com.amazon.ion.facet.Faceted                                                    : loaded 2 times (x 70B)
Class kotlin.collections.CollectionsKt__MutableCollectionsKt                          : loaded 2 times (x 71B)
Class com.google.common.collect.MapMakerInternalMap$StrongKeyDummyValueEntry$LinkedStrongKeyDummyValueEntry: loaded 2 times (x 82B)
Class com.android.builder.model.v2.ide.CodeShrinker                                   : loaded 2 times (x 79B)
Class com.google.common.util.concurrent.AbstractFuture$UnsafeAtomicHelper$1           : loaded 2 times (x 76B)
Class org.gradle.internal.operations.MultipleBuildOperationFailures                   : loaded 2 times (x 95B)
Class com.amazon.ion.impl.bin.utf8.Poolable                                           : loaded 2 times (x 79B)
Class com.amazon.ion.IonSymbol                                                        : loaded 2 times (x 70B)
Class org.jetbrains.plugins.gradle.tooling.serialization.AnnotationProcessingModelSerializationService$WriteContext: loaded 2 times (x 72B)
Class org.gradle.internal.impldep.gnu.trove.THash                                     : loaded 2 times (x 81B)
Class kotlin.io.TerminateException                                                    : loaded 2 times (x 82B)
Class kotlin.io.FilesKt__FilePathComponentsKt                                         : loaded 2 times (x 71B)
Class kotlin.reflect.KCallable                                                        : loaded 2 times (x 70B)
Class com.google.common.base.Optional                                                 : loaded 2 times (x 80B)
Class org.gradle.tooling.internal.adapter.MethodInvocation                            : loaded 2 times (x 85B)
Class com.google.common.util.concurrent.AbstractFuture$Trusted                        : loaded 2 times (x 70B)
Class kotlin.sequences.TransformingSequence                                           : loaded 2 times (x 75B)
Class com.intellij.compose.ide.plugin.gradleTooling.rt.ComposeResourcesModel          : loaded 2 times (x 70B)
Class com.amazon.ion.impl.lite.IonStructLite                                          : loaded 2 times (x 298B)
Class com.amazon.ion.impl._Private_ReaderWriter                                       : loaded 2 times (x 70B)
Class com.amazon.ion.impl.bin.AbstractSymbolTable                                     : loaded 2 times (x 107B)
Class com.amazon.ion.Decimal                                                          : loaded 2 times (x 133B)
Class com.amazon.ion.impl.bin._Private_IonManagedBinaryWriterBuilder$AllocatorMode$1  : loaded 2 times (x 80B)
Class org.jetbrains.plugins.gradle.tooling.serialization.ProjectDependenciesSerializationService$WriteContext: loaded 2 times (x 72B)
Class org.jetbrains.plugins.gradle.tooling.serialization.ProjectDependenciesSerializationService: loaded 2 times (x 77B)
Class kotlin.text.CharsKt                                                             : loaded 2 times (x 71B)
Class org.gradle.tooling.model.kotlin.dsl.KotlinDslScriptModel                        : loaded 2 times (x 70B)
Class org.gradle.tooling.internal.adapter.CollectionMapper                            : loaded 2 times (x 73B)
Class com.google.common.io.ByteSink$AsCharSink                                        : loaded 2 times (x 80B)
Class [Lcom.android.builder.model.v2.ide.LibraryType;                                 : loaded 2 times (x 69B)
Class com.android.builder.model.v2.ide.LibraryType                                    : loaded 2 times (x 79B)
Class com.intellij.util.ThrowableConsumer                                             : loaded 2 times (x 70B)
Class com.google.common.util.concurrent.UncheckedExecutionException                   : loaded 2 times (x 82B)
Class org.gradle.kotlin.dsl.VersionCatalogAccessorsKt                                 : loaded 2 times (x 71B)
Class jdk.internal.jimage.ImageLocation                                               : loaded 2 times (x 90B)
Class jdk.internal.jrtfs.JrtDirectoryStream$1                                         : loaded 2 times (x 83B)
Class com.amazon.ion.impl.lite.IonFloatLite                                           : loaded 2 times (x 186B)
Class com.amazon.ion.impl._Private_IonTextWriterBuilder                               : loaded 2 times (x 102B)
Class com.amazon.ion.impl.bin._Private_IonManagedBinaryWriterBuilder$AllocatorMode$2  : loaded 2 times (x 80B)
Class org.gradle.internal.impldep.gnu.trove.Equality                                  : loaded 2 times (x 70B)
Class com.google.common.collect.ExplicitOrdering                                      : loaded 2 times (x 115B)
Class ijKotlinCoroutineJvmDebugInit1_3guv0jpcp66tv47jpatbgsnka                        : loaded 2 times (x 179B)
Class org.jetbrains.plugins.gradle.ExternalDependencyId                               : loaded 2 times (x 70B)
Class com.amazon.ion.impl._Private_RecyclingStack                                     : loaded 2 times (x 79B)
Class com.amazon.ion.impl._Private_IonReaderBuilder                                   : loaded 2 times (x 97B)
Class com.amazon.ion.IonMutableCatalog                                                : loaded 2 times (x 70B)
Class com.intellij.gradle.toolingExtension.impl.model.buildScriptClasspathModel.GradleBuildScriptClasspathSerializationService$WriteContext: loaded 2 times (x 72B)
Class org.gradle.tooling.internal.adapter.ProtocolToModelAdapter                      : loaded 2 times (x 80B)
Class org.gradle.internal.InternalTransformer                                         : loaded 2 times (x 70B)
Class com.android.builder.model.v2.ide.AndroidGradlePluginProjectFlags$BooleanFlag    : loaded 2 times (x 79B)
Class com.google.common.collect.AbstractMapBasedMultimap$KeySet$1                     : loaded 2 times (x 82B)
Class com.android.ide.common.gradle.Separator                                         : loaded 2 times (x 79B)
Class org.objectweb.asm.ClassWriter                                                   : loaded 2 times (x 106B)
Class jdk.internal.jimage.decompressor.StringSharingDecompressorFactory               : loaded 2 times (x 74B)
Class com.google.common.cache.CacheLoader$UnsupportedLoadingOperationException        : loaded 2 times (x 82B)
Class jdk.internal.jimage.ImageBufferCache$1                                          : loaded 2 times (x 83B)
Class org.gradle.internal.impldep.gnu.trove.TObjectCanonicalHashingStrategy           : loaded 2 times (x 80B)
Class kotlin.collections.MapsKt__MapsJVMKt                                            : loaded 2 times (x 71B)
Class kotlin.collections.EmptyList                                                    : loaded 2 times (x 174B)
Class org.gradle.internal.time.DefaultTimer                                           : loaded 2 times (x 80B)
Class org.gradle.internal.classloader.ClasspathUtil$1                                 : loaded 2 times (x 76B)
Class com.google.common.collect.FluentIterable$1                                      : loaded 2 times (x 81B)
Class com.google.common.base.Objects                                                  : loaded 2 times (x 71B)
Class org.objectweb.asm.FieldVisitor                                                  : loaded 2 times (x 77B)
Class com.google.common.collect.IndexedImmutableSet                                   : loaded 2 times (x 152B)
Class com.google.common.collect.ImmutableMap$1                                        : loaded 2 times (x 81B)
Class com.google.common.collect.BiMap                                                 : loaded 2 times (x 70B)
Class jdk.internal.jimage.ImageBufferCache$2                                          : loaded 2 times (x 91B)
Class com.amazon.ion.impl.bin.PooledBlockAllocatorProvider$PooledBlockAllocator$1     : loaded 2 times (x 79B)
Class com.amazon.ion.impl.lite.IonStringLite                                          : loaded 2 times (x 212B)
Class org.gradle.tooling.internal.adapter.ProtocolToModelAdapter$ViewKey              : loaded 2 times (x 72B)
Class org.gradle.api.internal.classpath.DefaultModuleRegistry$DefaultModule           : loaded 2 times (x 86B)
Class com.google.common.collect.FluentIterable$2                                      : loaded 2 times (x 81B)
Class com.google.common.reflect.Reflection                                            : loaded 2 times (x 71B)
Class com.google.common.base.Absent                                                   : loaded 2 times (x 80B)
Class com.android.builder.model.v2.CustomSourceDirectory                              : loaded 2 times (x 70B)
Class com.google.common.primitives.Ints                                               : loaded 2 times (x 71B)
Class com.android.ide.common.repository.AgpVersion                                    : loaded 2 times (x 75B)
Class org.objectweb.asm.ClassVisitor                                                  : loaded 2 times (x 88B)
Class com.amazon.ion.impl.bin.Block                                                   : loaded 2 times (x 79B)
Class com.google.common.collect.NullsFirstOrdering                                    : loaded 2 times (x 115B)
Class kotlin.ResultKt                                                                 : loaded 2 times (x 71B)
Class org.gradle.tooling.internal.adapter.ProtocolToModelAdapter$PropertyCachingMethodInvoker: loaded 2 times (x 76B)
Class com.google.common.collect.FluentIterable$3                                      : loaded 2 times (x 81B)
Class com.android.builder.model.v2.models.ProjectSyncIssues                           : loaded 2 times (x 70B)
Class com.google.common.collect.ObjectArrays                                          : loaded 2 times (x 71B)
Class com.google.common.collect.Multiset                                              : loaded 2 times (x 70B)
Class com.google.common.collect.ArrayListMultimapGwtSerializationDependencies         : loaded 2 times (x 172B)
Class [Lorg.objectweb.asm.Symbol;                                                     : loaded 2 times (x 69B)
Class com.google.common.math.MathPreconditions                                        : loaded 2 times (x 71B)
Class com.intellij.openapi.externalSystem.model.ExternalSystemException               : loaded 2 times (x 86B)
Class org.jetbrains.plugins.gradle.model.ExternalTask                                 : loaded 2 times (x 70B)
Class com.amazon.ion.impl.bin.utf8.Utf8StringEncoderPool$1                            : loaded 2 times (x 76B)
Class com.amazon.ion.impl.lite.IonLoaderLite                                          : loaded 2 times (x 82B)
Class com.amazon.ion.impl.lite.IonContext                                             : loaded 2 times (x 70B)
Class com.amazon.ion.impl.IonWriterSystemText                                         : loaded 2 times (x 190B)
Class [Lcom.amazon.ion.impl.bin.IonManagedBinaryWriter$ImportedSymbolResolverMode;    : loaded 2 times (x 69B)
Class com.amazon.ion.ValueFactory                                                     : loaded 2 times (x 70B)
Class kotlin.Result$Failure                                                           : loaded 2 times (x 72B)
Class kotlin.collections.ArraysKt__ArraysKt                                           : loaded 2 times (x 71B)
Class org.gradle.internal.time.DefaultCountdownTimer                                  : loaded 2 times (x 88B)
Class org.apache.commons.io.output.NullOutputStream                                   : loaded 2 times (x 85B)
Class com.google.common.collect.ImmutableMapEntrySet                                  : loaded 2 times (x 152B)
Class com.amazon.ion.impl.bin.IonManagedBinaryWriter$SymbolResolver                   : loaded 2 times (x 70B)
Class com.amazon.ion.impl._Private_SymbolToken                                        : loaded 2 times (x 70B)
Class com.amazon.ion.impl.bin._Private_IonManagedBinaryWriterBuilder$AllocatorMode    : loaded 2 times (x 80B)
Class org.jetbrains.plugins.gradle.model.GradleTaskModel                              : loaded 2 times (x 70B)
Class org.jetbrains.plugins.gradle.tooling.util.ObjectCollector                       : loaded 2 times (x 72B)
Class kotlin.collections.SetsKt__SetsJVMKt                                            : loaded 2 times (x 71B)
Class org.gradle.tooling.internal.adapter.ProtocolToModelAdapter$AdaptingMethodInvoker: loaded 2 times (x 76B)
Class org.gradle.tooling.internal.gradle.DefaultBuildIdentifier                       : loaded 2 times (x 79B)
Class kotlin.Function                                                                 : loaded 2 times (x 70B)
Class org.gradle.api.internal.classpath.Module                                        : loaded 2 times (x 70B)
Class com.google.common.cache.Weigher                                                 : loaded 2 times (x 70B)
Class [Lcom.amazon.ion.util.GzipStreamInterceptor;                                    : loaded 2 times (x 69B)
Class com.amazon.ion.impl._Private_IonReaderBuilder$Mutable                           : loaded 2 times (x 97B)
Class com.intellij.openapi.externalSystem.model.project.IExternalSystemSourceType     : loaded 2 times (x 70B)
Class kotlin.io.FileAlreadyExistsException                                            : loaded 2 times (x 82B)
Class kotlin.internal.ProgressionUtilKt                                               : loaded 2 times (x 71B)
Class org.gradle.api.internal.classpath.UnknownModuleException                        : loaded 2 times (x 82B)
Class com.google.common.base.Stopwatch                                                : loaded 2 times (x 72B)
Class com.google.common.cache.LocalCache$Strength                                     : loaded 2 times (x 81B)
Class com.google.common.cache.Cache                                                   : loaded 2 times (x 70B)
Class com.google.gson.stream.JsonReader$1                                             : loaded 2 times (x 72B)
Class jdk.internal.jimage.ImageHeader                                                 : loaded 2 times (x 71B)
Class com.intellij.openapi.externalSystem.model.project.dependencies.ProjectDependencies: loaded 2 times (x 70B)
Class org.jetbrains.plugins.gradle.tooling.serialization.ProjectDependenciesSerializationService$ReadContext: loaded 2 times (x 72B)
Class org.gradle.internal.impldep.gnu.trove.TObjectIdentityHashingStrategy            : loaded 2 times (x 78B)
Class org.apache.commons.io.filefilter.IOFileFilter                                   : loaded 2 times (x 70B)
Class com.google.common.io.AppendableWriter                                           : loaded 2 times (x 100B)
Class com.google.common.io.Files$2                                                    : loaded 2 times (x 76B)
Class com.google.common.base.NullnessCasts                                            : loaded 2 times (x 71B)
Class com.google.common.util.concurrent.AbstractFuture$Cancellation                   : loaded 2 times (x 72B)
Class com.google.common.collect.ImmutableMap$Builder                                  : loaded 2 times (x 82B)
Class ijJvmDebugger1_7gcslcwlmzr642e36slhpcly5$_run_closure1                          : loaded 2 times (x 139B)
Class com.google.common.base.Present                                                  : loaded 2 times (x 81B)
Class com.google.common.collect.AbstractMapBasedMultimap$WrappedCollection$WrappedIterator: loaded 2 times (x 84B)
Class com.google.common.cache.RemovalListener                                         : loaded 2 times (x 70B)
Class com.amazon.ion.IonBufferConfiguration                                           : loaded 2 times (x 73B)
Class com.amazon.ion.impl.bin.Symbols                                                 : loaded 2 times (x 71B)
Class org.jetbrains.plugins.gradle.tooling.serialization.RepositoriesModelSerializationService: loaded 2 times (x 82B)
Class com.android.ide.gradle.model.artifacts.AdditionalClassifierArtifactsModel       : loaded 2 times (x 70B)
Class org.gradle.tooling.internal.gradle.GradleProjectIdentity                        : loaded 2 times (x 70B)
Class org.gradle.api.internal.DefaultClassPathRegistry                                : loaded 2 times (x 76B)
Class org.apache.commons.io.file.DeleteOption                                         : loaded 2 times (x 70B)
Class com.google.common.reflect.Invokable$ConstructorInvokable                        : loaded 2 times (x 107B)
Class com.google.common.collect.ImmutableMultimap$Keys                                : loaded 2 times (x 166B)
Class com.android.builder.model.v2.ide.JavaArtifact                                   : loaded 2 times (x 70B)
Class com.google.common.primitives.IntsMethodsForWeb                                  : loaded 2 times (x 71B)
Class com.google.common.collect.Multimap                                              : loaded 2 times (x 70B)
Class [Lcom.amazon.ion.impl.bin.AbstractIonWriter$WriteValueOptimization;             : loaded 2 times (x 69B)
Class org.jetbrains.plugins.gradle.tooling.serialization.RepositoriesModelSerializationService$ReadContext: loaded 2 times (x 72B)
Class kotlin.ranges.ClosedRange                                                       : loaded 2 times (x 70B)
Class org.gradle.api.internal.ClassPathRegistry                                       : loaded 2 times (x 70B)
Class org.gradle.internal.classpath.DefaultClassPath$ImmutableUniqueList              : loaded 2 times (x 199B)
Class ijJvmDebugger1_7gcslcwlmzr642e36slhpcly5$_run_closure1$_closure2                : loaded 2 times (x 140B)
Class org.apache.commons.io.IOUtils                                                   : loaded 2 times (x 71B)
Class com.google.common.reflect.TypeToken                                             : loaded 2 times (x 73B)
Class com.google.common.collect.MapMakerInternalMap$Segment                           : loaded 2 times (x 142B)
Class com.google.common.base.ExtraObjectsMethodsForWeb                                : loaded 2 times (x 71B)
Class jdk.internal.jimage.decompressor.ResourceDecompressor                           : loaded 2 times (x 70B)
Class com.amazon.ion.impl.bin.IonManagedBinaryWriter$UserState                        : loaded 2 times (x 85B)
Class com.amazon.ion.impl._Private_IonWriter                                          : loaded 2 times (x 70B)
Class com.amazon.ion.impl.bin._Private_IonManagedBinaryWriterBuilder                  : loaded 2 times (x 72B)
Class com.intellij.gradle.toolingExtension.impl.model.projectModel.GradleExternalProjectSerializationService$WriteContext: loaded 2 times (x 73B)
Class kotlin.text.StringsKt__StringsJVMKt                                             : loaded 2 times (x 71B)
Class kotlin.collections.IntIterator                                                  : loaded 2 times (x 82B)
Class com.google.common.collect.NullnessCasts                                         : loaded 2 times (x 71B)
Class com.android.utils.FileUtils                                                     : loaded 2 times (x 71B)
Class com.google.common.io.ByteSink                                                   : loaded 2 times (x 76B)
Class com.android.builder.model.v2.dsl.SigningConfig                                  : loaded 2 times (x 70B)
Class com.android.builder.model.v2.models.AndroidProject                              : loaded 2 times (x 70B)
Class com.android.builder.model.v2.AndroidModel                                       : loaded 2 times (x 70B)
Class com.google.common.cache.CacheBuilder                                            : loaded 2 times (x 72B)
Class com.android.builder.model.v2.ide.AaptOptions$Namespacing                        : loaded 2 times (x 79B)
Class Settings_gradle$1                                                               : loaded 2 times (x 74B)
Class [Lcom.amazon.ion.SymbolToken;                                                   : loaded 2 times (x 69B)
Class kotlin.text.StringsKt__IndentKt                                                 : loaded 2 times (x 71B)
Class kotlin.collections.SetsKt                                                       : loaded 2 times (x 71B)
Class com.google.common.collect.TransformedListIterator                               : loaded 2 times (x 93B)
Class org.gradle.internal.classpath.ClassPath                                         : loaded 2 times (x 70B)
Class [Lcom.google.common.reflect.Types$JavaVersion;                                  : loaded 2 times (x 69B)
Class com.google.common.collect.Interners$InternerBuilder                             : loaded 2 times (x 76B)
Class com.google.common.io.Files$FileByteSource                                       : loaded 2 times (x 85B)
Class com.google.common.base.JdkPattern                                               : loaded 2 times (x 75B)
Class com.google.common.reflect.TypeCapture                                           : loaded 2 times (x 71B)
Class org.jetbrains.plugins.gradle.model.ExternalProjectDependency                    : loaded 2 times (x 70B)
Class org.jetbrains.plugins.gradle.tooling.serialization.KotlinDslScriptsModelSerializationService: loaded 2 times (x 81B)
Class kotlin.reflect.KFunction                                                        : loaded 2 times (x 70B)
Class kotlin.collections.ArrayDeque                                                   : loaded 2 times (x 207B)
Class com.google.common.io.CharStreams$NullWriter                                     : loaded 2 times (x 99B)
Class org.objectweb.asm.SymbolTable$Entry                                             : loaded 2 times (x 74B)
Class com.google.common.util.concurrent.AbstractFuture$AtomicHelper                   : loaded 2 times (x 78B)
Class com.google.gson.internal.JsonReaderInternalAccess                               : loaded 2 times (x 72B)
Class com.amazon.ion.system.IonSystemBuilder$Mutable                                  : loaded 2 times (x 75B)
Class com.amazon.ion.impl.bin.IonManagedBinaryWriter$SymbolResolverBuilder            : loaded 2 times (x 70B)
Class org.jetbrains.kotlin.idea.gradleTooling.KotlinGradleModel                       : loaded 2 times (x 70B)
Class org.jetbrains.plugins.gradle.tooling.serialization.ExternalTestsSerializationService$WriteContext: loaded 2 times (x 72B)
Class kotlin.collections.MapsKt__MapsKt                                               : loaded 2 times (x 71B)
Class com.android.builder.model.v2.ide.Variant                                        : loaded 2 times (x 70B)
Class org.objectweb.asm.Edge                                                          : loaded 2 times (x 72B)
Class com.google.common.base.Suppliers$SupplierOfInstance                             : loaded 2 times (x 79B)
Class org.gradle.tooling.internal.adapter.TargetTypeProvider                          : loaded 2 times (x 70B)
Class jdk.internal.jimage.ImageStringsReader                                          : loaded 2 times (x 80B)
Class com.amazon.ion.impl._Private_RecyclingStack$Recycler                            : loaded 2 times (x 70B)
Class com.amazon.ion.impl.bin.IonManagedBinaryWriter$LocalSymbolTableView             : loaded 2 times (x 107B)
Class com.amazon.ion.impl.bin.IonRawBinaryWriter$ThrowingRunnable                     : loaded 2 times (x 70B)
Class org.gradle.tooling.model.Model                                                  : loaded 2 times (x 70B)
Class com.google.common.reflect.TypeToken$1                                           : loaded 2 times (x 110B)
Class com.google.common.cache.LocalCache$ComputingValueReference                      : loaded 2 times (x 96B)
Class kotlin.ranges.IntProgression$Companion                                          : loaded 2 times (x 71B)
Class com.google.common.collect.ImmutableMap$IteratorBasedImmutableMap                : loaded 2 times (x 126B)
Class com.amazon.ion.UnknownSymbolException                                           : loaded 2 times (x 86B)
Class com.android.ide.gradle.model.composites.BuildMap                                : loaded 2 times (x 70B)
Class kotlin.text.MatchResult$Destructured                                            : loaded 2 times (x 72B)
Class kotlin.Metadata                                                                 : loaded 2 times (x 70B)
Class kotlin.UninitializedPropertyAccessException                                     : loaded 2 times (x 82B)
Class com.google.common.reflect.TypeToken$2                                           : loaded 2 times (x 110B)
Class com.google.common.collect.AbstractMapBasedMultimap$AsMap$AsMapEntries           : loaded 2 times (x 138B)
Class com.android.builder.model.v2.ide.Library                                        : loaded 2 times (x 70B)
Class com.android.builder.model.v2.ide.ArtifactDependenciesAdjacencyList              : loaded 2 times (x 70B)
Class com.android.builder.model.v2.models.Versions                                    : loaded 2 times (x 70B)
Class com.google.common.cache.LocalCache$Segment                                      : loaded 2 times (x 154B)
Class jdk.internal.jimage.ImageReader                                                 : loaded 2 times (x 75B)
Class org.jetbrains.plugins.gradle.model.IntelliJProjectSettings                      : loaded 2 times (x 70B)
Class org.gradle.tooling.internal.adapter.ProtocolToModelAdapter$MethodInvocationCache: loaded 2 times (x 73B)
Class org.jetbrains.plugins.gradle.model.GradleExtensions                             : loaded 2 times (x 70B)
Class com.android.builder.model.v2.models.ndk.NativeModule                            : loaded 2 times (x 70B)
Class com.google.common.collect.AbstractListMultimap                                  : loaded 2 times (x 172B)
Class [Lorg.objectweb.asm.SymbolTable$Entry;                                          : loaded 2 times (x 69B)
Class com.google.common.cache.CacheLoader                                             : loaded 2 times (x 74B)
Class org.jetbrains.plugins.gradle.model.AnnotationProcessingModel                    : loaded 2 times (x 70B)
Class com.google.common.collect.ImmutableBiMap                                        : loaded 2 times (x 143B)
Class jdk.internal.jimage.ImageReader$SharedImageReader                               : loaded 2 times (x 95B)
Class org.jetbrains.plugins.gradle.model.ExternalDependency                           : loaded 2 times (x 70B)
Class com.intellij.util.containers.IntObjectHashMap                                   : loaded 2 times (x 72B)
Class org.gradle.internal.installation.GradleInstallation$1                           : loaded 2 times (x 75B)
Class org.gradle.api.internal.classpath.ModuleRegistry                                : loaded 2 times (x 70B)
Class org.apache.commons.io.output.NullWriter                                         : loaded 2 times (x 99B)
Class com.google.common.base.Splitter$SplittingIterator                               : loaded 2 times (x 84B)
Class com.android.builder.model.v2.ide.PrivacySandboxSdkInfo                          : loaded 2 times (x 70B)
Class com.google.common.util.concurrent.internal.InternalFutureFailureAccess          : loaded 2 times (x 72B)
Class com.android.ide.common.repository.AgpVersion$PreviewKind$Companion              : loaded 2 times (x 71B)
Class com.amazon.ion.system.IonBinaryWriterBuilder                                    : loaded 2 times (x 99B)
Class com.google.common.collect.ImmutableSet$JdkBackedSetBuilderImpl                  : loaded 2 times (x 76B)
Class jdk.internal.jimage.decompressor.ResourceDecompressorFactory                    : loaded 2 times (x 74B)
Class com.amazon.ion.impl.bin.IonManagedBinaryWriter$SymbolState$1                    : loaded 2 times (x 80B)
Class com.amazon.ion.impl.LocalSymbolTableAsStruct$Factory                            : loaded 2 times (x 79B)
Class [Lcom.amazon.ion.IonType;                                                       : loaded 2 times (x 69B)
Class org.jetbrains.plugins.gradle.model.VersionCatalogsModel                         : loaded 2 times (x 70B)
Class com.intellij.gradle.toolingExtension.impl.model.sourceSetDependencyModel.GradleSourceSetDependencySerialisationService$SourceSetDependencyModelReadContext: loaded 2 times (x 72B)
Class com.intellij.gradle.toolingExtension.impl.model.dependencyModel.DependencyReadContext: loaded 2 times (x 72B)
Class org.gradle.tooling.internal.adapter.ObjectGraphAdapter                          : loaded 2 times (x 70B)
Class com.google.common.collect.ImmutableMultimap$Values                              : loaded 2 times (x 126B)
Class com.android.builder.model.v2.ide.Installation                                   : loaded 2 times (x 70B)
Class com.google.common.util.concurrent.AbstractFuture$UnsafeAtomicHelper             : loaded 2 times (x 78B)
Class com.amazon.ion.impl.bin.IonManagedBinaryWriter$UserState$4                      : loaded 2 times (x 85B)
Class com.google.common.cache.LocalCache$LocalManualCache$1                           : loaded 2 times (x 75B)
Class org.jetbrains.plugins.gradle.model.ProjectImportModelProvider                   : loaded 2 times (x 70B)
Class org.jetbrains.plugins.gradle.model.ExternalSourceSet                            : loaded 2 times (x 70B)
Class com.amazon.ion.impl.bin.IonManagedBinaryWriter$SymbolState$2                    : loaded 2 times (x 80B)
Class com.amazon.ion.IonNull                                                          : loaded 2 times (x 70B)
Class com.intellij.gradle.toolingExtension.impl.model.warmUp.GradleTaskWarmUpRequest  : loaded 2 times (x 70B)
Class com.google.common.collect.ImmutableSortedAsList                                 : loaded 2 times (x 221B)
Class kotlin.text.RegexKt                                                             : loaded 2 times (x 71B)
Class kotlin.coroutines.intrinsics.IntrinsicsKt__IntrinsicsKt                         : loaded 2 times (x 71B)
Class com.android.builder.model.v2.models.ModelBuilderParameter                       : loaded 2 times (x 70B)
Class org.jetbrains.plugins.gradle.model.UnresolvedExternalDependency                 : loaded 2 times (x 70B)
Class com.google.common.collect.ImmutableMap$MapViewOfValuesAsSingletonSets           : loaded 2 times (x 126B)
Class jdk.internal.jimage.ImageReader$Node                                            : loaded 2 times (x 84B)
Class com.amazon.ion.impl.bin.IonRawBinaryWriter$ContainerInfo                        : loaded 2 times (x 74B)
Class com.amazon.ion.impl.bin.IonManagedBinaryWriter$SymbolState$3                    : loaded 2 times (x 80B)
Class com.amazon.ion.impl.bin.IonRawBinaryWriter$StreamFlushMode                      : loaded 2 times (x 79B)
Class com.amazon.ion.IonBinaryWriter                                                  : loaded 2 times (x 70B)
Class com.intellij.gradle.toolingExtension.impl.model.sourceSetArtifactIndex.GradleSourceSetArtifactBuildRequest: loaded 2 times (x 70B)
Class kotlin.io.FilesKt__UtilsKt                                                      : loaded 2 times (x 71B)
Class com.google.common.collect.Lists$TransformingRandomAccessList                    : loaded 2 times (x 199B)
Class kotlin.collections.CollectionsKt__CollectionsJVMKt                              : loaded 2 times (x 71B)
Class org.gradle.api.internal.classpath.DefaultModuleRegistry                         : loaded 2 times (x 86B)
Class com.google.common.collect.RegularImmutableMap                                   : loaded 2 times (x 121B)
Class com.google.common.util.concurrent.ListenableFuture                              : loaded 2 times (x 70B)
Class com.google.common.cache.ReferenceEntry                                          : loaded 2 times (x 70B)
Class com.google.common.base.Converter                                                : loaded 2 times (x 90B)
Class com.google.gson.stream.MalformedJsonException                                   : loaded 2 times (x 82B)
Class jdk.internal.jimage.BasicImageReader$1                                          : loaded 2 times (x 77B)
Class com.amazon.ion.impl.bin.IonManagedBinaryWriter$SymbolState$4                    : loaded 2 times (x 80B)
Class [Lcom.amazon.ion.util.InputStreamInterceptor;                                   : loaded 2 times (x 69B)
Class org.jetbrains.plugins.gradle.tooling.serialization.internal.IdeaProjectSerializationService$WriteContext$1: loaded 2 times (x 83B)
Class org.jetbrains.plugins.gradle.model.ExternalProject                              : loaded 2 times (x 70B)
Class kotlin.sequences.SequencesKt                                                    : loaded 2 times (x 71B)
Class kotlin.collections.CollectionsKt__IteratorsKt                                   : loaded 2 times (x 71B)
Class [Lcom.android.builder.model.v2.ide.CodeShrinker;                                : loaded 2 times (x 69B)
Class com.google.common.collect.AbstractMapBasedMultimap                              : loaded 2 times (x 139B)
Class com.google.common.util.concurrent.AbstractFuture                                : loaded 2 times (x 106B)
Class com.google.common.base.FunctionalEquivalence                                    : loaded 2 times (x 83B)
Class com.android.builder.model.v2.ide.AndroidArtifact                                : loaded 2 times (x 70B)
Class com.google.common.io.ByteArrayDataOutput                                        : loaded 2 times (x 70B)
Class com.amazon.ion.impl.bin.utf8.Pool                                               : loaded 2 times (x 74B)
Class com.amazon.ion.impl._Private_SymtabExtendsCache                                 : loaded 2 times (x 72B)
Class org.jetbrains.plugins.gradle.tooling.serialization.internal.IdeaProjectSerializationService$WriteContext$2: loaded 2 times (x 83B)
Class kotlin.text.StringsKt                                                           : loaded 2 times (x 71B)
Class com.google.common.reflect.TypeResolver$TypeTable                                : loaded 2 times (x 73B)
Class com.google.common.io.CharStreams                                                : loaded 2 times (x 71B)
Class com.google.common.collect.ImmutableMultiset                                     : loaded 2 times (x 163B)
Class org.objectweb.asm.RecordComponentVisitor                                        : loaded 2 times (x 77B)
Class com.google.common.cache.CacheLoader$SupplierToCacheLoader                       : loaded 2 times (x 75B)
Class com.amazon.ion.impl._Private_IonSymbol                                          : loaded 2 times (x 70B)
Class com.amazon.ion.impl.lite.IonValueLite                                           : loaded 2 times (x 147B)
Class com.amazon.ion.IonContainer                                                     : loaded 2 times (x 70B)
Class com.amazon.ion.impl.bin.PooledBlockAllocatorProvider                            : loaded 2 times (x 73B)
Class org.jetbrains.plugins.gradle.tooling.serialization.AnnotationProcessingModelSerializationService$ReadContext: loaded 2 times (x 72B)
Class org.jetbrains.plugins.gradle.tooling.serialization.internal.IdeaProjectSerializationService$WriteContext$3: loaded 2 times (x 83B)
Class kotlin.coroutines.jvm.internal.RestrictedContinuationImpl                       : loaded 2 times (x 87B)
Class org.gradle.util.internal.DefaultGradleVersion$Stage                             : loaded 2 times (x 75B)
Class com.google.common.reflect.TypeResolver$TypeTable$1                              : loaded 2 times (x 73B)
Class com.google.common.collect.Maps$EntryTransformer                                 : loaded 2 times (x 70B)
Class jdk.internal.jimage.decompressor.Decompressor                                   : loaded 2 times (x 72B)
Class jdk.internal.jimage.ImageReader$Resource                                        : loaded 2 times (x 84B)
Class org.jetbrains.kotlin.idea.gradleTooling.AndroidAwareGradleModelProvider         : loaded 2 times (x 79B)
Class org.jetbrains.plugins.gradle.tooling.serialization.internal.IdeaProjectSerializationService$WriteContext$4: loaded 2 times (x 83B)
Class com.intellij.gradle.toolingExtension.impl.model.sourceSetDependencyModel.GradleSourceSetDependencySerialisationService$Companion: loaded 2 times (x 71B)
Class [Lkotlin.Pair;                                                                  : loaded 2 times (x 69B)
Class kotlin.text.StringsKt__StringNumberConversionsKt                                : loaded 2 times (x 71B)
Class kotlin.io.FilesKt__FileReadWriteKt                                              : loaded 2 times (x 71B)
Class com.google.common.collect.UsingToStringOrdering                                 : loaded 2 times (x 114B)
Class kotlin.text.MatchNamedGroupCollection                                           : loaded 2 times (x 70B)
Class kotlin.jvm.internal.markers.KMutableList                                        : loaded 2 times (x 70B)
Class ijKotlinCoroutineJvmDebugInit1_3guv0jpcp66tv47jpatbgsnka$_run_closure1$_closure2: loaded 2 times (x 139B)
Class org.gradle.internal.service.ServiceLookupException                              : loaded 2 times (x 82B)
Class com.google.common.base.CharMatcher$JavaLetter                                   : loaded 2 times (x 111B)
Class org.gradle.api.internal.classpath.ManifestUtil                                  : loaded 2 times (x 71B)
Class com.google.common.collect.Lists$ReverseList                                     : loaded 2 times (x 200B)
Class [Lcom.google.common.cache.LocalCache$EntryFactory;                              : loaded 2 times (x 69B)
Class jdk.internal.jrtfs.JrtFileAttributes                                            : loaded 2 times (x 83B)
Class com.amazon.ion.BufferConfiguration$Builder                                      : loaded 2 times (x 78B)
Class org.jetbrains.plugins.gradle.tooling.serialization.internal.IdeaProjectSerializationService$WriteContext$5: loaded 2 times (x 83B)
Class com.intellij.gradle.toolingExtension.impl.model.sourceSetDependencyModel.GradleSourceSetDependencySerialisationService$SourceSetDependencyModelWriteContext: loaded 2 times (x 72B)
Class kotlin.sequences.SequencesKt___SequencesKt$sortedWith$1                         : loaded 2 times (x 75B)
Class org.gradle.internal.classloader.ClassLoaderFactory                              : loaded 2 times (x 70B)
Class org.apache.commons.io.CloseableURLConnection                                    : loaded 2 times (x 116B)
Class com.google.common.collect.ImmutableMap$SerializedForm                           : loaded 2 times (x 73B)
Class com.android.builder.model.v2.ide.LibraryInfo                                    : loaded 2 times (x 70B)
Class com.google.common.base.CommonPattern                                            : loaded 2 times (x 74B)
Class com.google.common.io.LineReader                                                 : loaded 2 times (x 72B)
Class com.google.common.cache.LocalCache$LocalManualCache                             : loaded 2 times (x 99B)
Class com.amazon.ion.impl.bin.IntList                                                 : loaded 2 times (x 77B)
Class com.amazon.ion.impl._Private_RecyclingQueue$ElementIterator                     : loaded 2 times (x 82B)
Class com.amazon.ion.impl.lite._Private_LiteDomTrampoline                             : loaded 2 times (x 71B)
Class com.amazon.ion.IonType                                                          : loaded 2 times (x 79B)
Class org.jetbrains.plugins.gradle.tooling.serialization.internal.IdeaProjectSerializationService$WriteContext$6: loaded 2 times (x 83B)
Class org.jetbrains.plugins.gradle.tooling.util.IntObjectMap                          : loaded 2 times (x 73B)
Class org.gradle.internal.service.CachingServiceLocator                               : loaded 2 times (x 82B)
Class org.gradle.tooling.internal.adapter.ProtocolToModelAdapter$InvocationHandlerImpl: loaded 2 times (x 77B)
Class com.google.common.collect.Streams                                               : loaded 2 times (x 71B)
Class com.google.common.collect.AbstractMapBasedMultimap$KeySet                       : loaded 2 times (x 137B)
Class com.google.common.math.IntMath                                                  : loaded 2 times (x 71B)
Class com.amazon.ion.impl.lite.ValueFactoryLite                                       : loaded 2 times (x 218B)
Class org.jetbrains.plugins.gradle.model.RepositoryModels                             : loaded 2 times (x 70B)
Class org.jetbrains.plugins.gradle.tooling.serialization.internal.IdeaProjectSerializationService$WriteContext$7: loaded 2 times (x 83B)
Class kotlin.collections.AbstractList$SubList                                         : loaded 2 times (x 198B)
Class kotlin.jvm.internal.CallableReference                                           : loaded 2 times (x 106B)
Class com.google.common.reflect.Types$TypeVariableInvocationHandler                   : loaded 2 times (x 75B)
Class com.google.common.collect.MapMakerInternalMap$InternalEntry                     : loaded 2 times (x 70B)
Class com.google.common.collect.ImmutableMapEntry                                     : loaded 2 times (x 85B)
Class com.amazon.ion.impl.bin.WriteBuffer                                             : loaded 2 times (x 78B)
Class com.amazon.ion.impl.bin.IonManagedBinaryWriter                                  : loaded 2 times (x 166B)
Class org.jetbrains.plugins.gradle.tooling.serialization.internal.IdeaProjectSerializationService$WriteContext$8: loaded 2 times (x 83B)
Class [Lorg.gradle.api.JavaVersion;                                                   : loaded 2 times (x 69B)
Class kotlin.ranges.IntRange                                                          : loaded 2 times (x 93B)
Class org.gradle.tooling.model.idea.IdeaDependencyScope                               : loaded 2 times (x 70B)
Class org.gradle.internal.time.TimeSource                                             : loaded 2 times (x 70B)
Class org.gradle.tooling.model.kotlin.dsl.KotlinDslScriptsModel                       : loaded 2 times (x 70B)
Class com.google.common.collect.ImmutableMultimap                                     : loaded 2 times (x 147B)
Class com.android.builder.model.v2.ide.TestInfo                                       : loaded 2 times (x 70B)
Class com.google.common.base.Equivalence                                              : loaded 2 times (x 82B)
Class org.gradle.tooling.model.build.GradleEnvironment                                : loaded 2 times (x 70B)
Class com.google.common.collect.ImmutableMapEntry$NonTerminalImmutableMapEntry        : loaded 2 times (x 85B)
Class com.amazon.ion.impl.lite.IonBlobLite                                            : loaded 2 times (x 219B)
Class com.amazon.ion.impl.LocalSymbolTable                                            : loaded 2 times (x 121B)
Class org.jetbrains.plugins.gradle.tooling.serialization.SerializationService         : loaded 2 times (x 70B)
Class org.gradle.tooling.internal.gradle.GradleBuildIdentity                          : loaded 2 times (x 70B)
Class kotlin.enums.EnumEntries                                                        : loaded 2 times (x 70B)
Class org.apache.commons.io.output.AbstractByteArrayOutputStream                      : loaded 2 times (x 102B)
Class com.android.builder.model.v2.ide.JavaCompileOptions                             : loaded 2 times (x 70B)
Class com.google.common.collect.IndexedImmutableSet$1                                 : loaded 2 times (x 213B)
Class com.google.common.cache.CacheBuilder$OneWeigher                                 : loaded 2 times (x 82B)
Class org.jetbrains.plugins.gradle.tooling.util.IntObjectMap$ObjectFactory            : loaded 2 times (x 70B)
Class com.amazon.ion.IonList                                                          : loaded 2 times (x 70B)
Class org.jetbrains.plugins.gradle.tooling.serialization.internal.adapter.Supplier    : loaded 2 times (x 70B)
Class org.gradle.tooling.internal.adapter.ProtocolToModelAdapter$MixInMappingAction   : loaded 2 times (x 80B)
Class org.gradle.internal.exceptions.ResolutionProvider                               : loaded 2 times (x 70B)
Class com.google.common.reflect.Types$ClassOwnership$1LocalClass                      : loaded 2 times (x 71B)
Class jdk.internal.jimage.ImageBufferCache                                            : loaded 2 times (x 71B)
Class jdk.internal.jrtfs.JrtPath                                                      : loaded 2 times (x 118B)
Class com.amazon.ion.IonSystem                                                        : loaded 2 times (x 70B)
Class com.amazon.ion.impl.bin.IonManagedBinaryWriter$ImportedSymbolContext            : loaded 2 times (x 72B)
Class kotlin.text.MatchResult$DefaultImpls                                            : loaded 2 times (x 71B)
Class org.gradle.tooling.model.idea.IdeaCompilerOutput                                : loaded 2 times (x 70B)
Class org.gradle.tooling.model.ProjectIdentifier                                      : loaded 2 times (x 70B)
Class org.gradle.internal.classloader.ClasspathUtil                                   : loaded 2 times (x 71B)
Class com.android.builder.model.v2.ide.ComponentInfo                                  : loaded 2 times (x 70B)
Class com.google.common.base.Charsets                                                 : loaded 2 times (x 71B)
Class com.google.common.util.concurrent.Uninterruptibles                              : loaded 2 times (x 71B)
Class com.android.builder.model.v2.ide.ProjectType                                    : loaded 2 times (x 79B)
Class com.intellij.gradle.toolingExtension.impl.model.sourceSetModel.GradleSourceSetSerialisationService: loaded 2 times (x 77B)
Class kotlin.io.FileSystemException                                                   : loaded 2 times (x 82B)
Class com.google.common.io.CharSource                                                 : loaded 2 times (x 85B)
Class com.android.builder.model.v2.dsl.BaseConfig                                     : loaded 2 times (x 70B)
Class com.google.common.collect.Maps                                                  : loaded 2 times (x 71B)
Class com.amazon.ion.impl.lite.IonIntLite                                             : loaded 2 times (x 189B)
Class com.amazon.ion.impl._Private_IonReaderBuilder$TwoElementInputStream             : loaded 2 times (x 92B)
Class com.amazon.ion.util._Private_FastAppendable                                     : loaded 2 times (x 70B)
Class [Lcom.amazon.ion.impl.bin.IonRawBinaryWriter$PreallocationMode;                 : loaded 2 times (x 69B)
Class org.gradle.internal.time.TimeSource$1                                           : loaded 2 times (x 77B)
Class kotlin.jvm.internal.DefaultConstructorMarker                                    : loaded 2 times (x 71B)
Class org.gradle.api.specs.Spec                                                       : loaded 2 times (x 70B)
Class org.apache.commons.io.file.PathFilter                                           : loaded 2 times (x 70B)
Class com.google.common.reflect.Types$JavaVersion                                     : loaded 2 times (x 83B)
Class com.google.common.collect.MapMaker                                              : loaded 2 times (x 72B)
Class [Lcom.google.common.collect.ImmutableEntry;                                     : loaded 2 times (x 69B)
Class jdk.internal.jimage.ImageReader$SharedImageReader$LocationVisitor               : loaded 2 times (x 70B)
Class com.amazon.ion.impl.lite.IonSexpLite                                            : loaded 2 times (x 490B)
Class com.amazon.ion.impl.lite.IonListLite                                            : loaded 2 times (x 490B)
Class com.amazon.ion.IonFloat                                                         : loaded 2 times (x 70B)
Class com.google.common.cache.LocalCache$LoadingValueReference                        : loaded 2 times (x 96B)
Class com.amazon.ion.impl.LocalSymbolTable$Factory                                    : loaded 2 times (x 77B)
Class com.amazon.ion.impl.bin.IonManagedBinaryWriter$ImportedSymbolResolverMode       : loaded 2 times (x 80B)
Class com.intellij.gradle.toolingExtension.impl.model.buildScriptClasspathModel.GradleBuildScriptClasspathSerializationService: loaded 2 times (x 77B)
Class com.amazon.ion.IonException                                                     : loaded 2 times (x 84B)
Class com.google.common.reflect.Invokable$MethodInvokable                             : loaded 2 times (x 107B)
Class com.google.common.io.LineReader$1                                               : loaded 2 times (x 75B)
Class com.google.common.collect.CollectSpliterators                                   : loaded 2 times (x 71B)
Class com.google.common.collect.AbstractMapBasedMultimap$AsMap                        : loaded 2 times (x 128B)
Class com.google.common.collect.MapMakerInternalMap$StrongKeyDummyValueEntry          : loaded 2 times (x 82B)
Class com.google.common.base.Platform                                                 : loaded 2 times (x 71B)
Class jdk.internal.jimage.decompressor.ResourceDecompressorRepository                 : loaded 2 times (x 71B)
Class com.amazon.ion.impl.LocalSymbolTableAsStruct                                    : loaded 2 times (x 126B)
Class com.amazon.ion.impl.lite.IonTimestampLite                                       : loaded 2 times (x 192B)
Class org.jetbrains.plugins.gradle.model.FileCollectionDependency                     : loaded 2 times (x 70B)
Class org.gradle.internal.impldep.gnu.trove.TObjectHashingStrategy                    : loaded 2 times (x 70B)
Class com.intellij.gradle.toolingExtension.impl.model.utilDummyModel.DummyModel       : loaded 2 times (x 70B)
Class sync_studio_tooling1_byz4zzjdm4p6ctq0tbyuwsodk                                  : loaded 2 times (x 179B)
Class kotlin.text.StringsKt__RegexExtensionsKt                                        : loaded 2 times (x 71B)
Class kotlin.collections.EmptyIterator                                                : loaded 2 times (x 89B)
Class org.gradle.internal.time.Clock                                                  : loaded 2 times (x 70B)
Class com.google.common.collect.AbstractMapBasedMultimap$WrappedList                  : loaded 2 times (x 205B)
Class com.android.builder.model.v2.dsl.ProductFlavor                                  : loaded 2 times (x 70B)
Class [Lcom.android.builder.model.v2.ide.TestInfo$Execution;                          : loaded 2 times (x 69B)
Class [Lorg.objectweb.asm.AnnotationWriter;                                           : loaded 2 times (x 69B)
Class com.google.common.collect.Maps$8                                                : loaded 2 times (x 82B)
Class jdk.internal.jimage.ImageReader$Directory                                       : loaded 2 times (x 84B)
Class com.amazon.ion.IonString                                                        : loaded 2 times (x 70B)
Class org.jetbrains.plugins.gradle.model.GradleSourceSetDependencyModel               : loaded 2 times (x 70B)
Class kotlin.io.FilePathComponents                                                    : loaded 2 times (x 72B)
Class com.google.common.collect.CompoundOrdering                                      : loaded 2 times (x 115B)
Class kotlin.sequences.SequencesKt__SequencesJVMKt                                    : loaded 2 times (x 71B)
Class kotlin.coroutines.jvm.internal.RestrictedSuspendLambda                          : loaded 2 times (x 91B)
Class org.gradle.tooling.internal.adapter.TypeInspector                               : loaded 2 times (x 73B)
Class org.gradle.tooling.internal.adapter.ProtocolToModelAdapter$NoOpDecoration       : loaded 2 times (x 79B)
Class org.gradle.tooling.model.Element                                                : loaded 2 times (x 70B)
Class kotlin.collections.AbstractList                                                 : loaded 2 times (x 197B)
Class kotlin.collections.AbstractCollection                                           : loaded 2 times (x 117B)
Class [Lcom.google.common.collect.Iterators$EmptyModifiableIterator;                  : loaded 2 times (x 69B)
Class com.amazon.ion.util.GzipStreamInterceptor                                       : loaded 2 times (x 85B)
Class com.google.common.collect.Lists$ReverseList$1                                   : loaded 2 times (x 99B)
Class com.google.common.collect.Sets$SetView                                          : loaded 2 times (x 138B)
Class com.google.common.cache.LocalCache$StrongValueReference                         : loaded 2 times (x 90B)
Class com.google.common.util.concurrent.AbstractFuture$SynchronizedHelper             : loaded 2 times (x 78B)
Class com.amazon.ion.BufferConfiguration                                              : loaded 2 times (x 73B)
Class com.amazon.ion.system.SimpleCatalog                                             : loaded 2 times (x 91B)
Class com.intellij.gradle.toolingExtension.impl.model.taskModel.GradleTaskSerialisationService: loaded 2 times (x 76B)
Class com.android.ide.gradle.model.LegacyV1AgpVersionModel                            : loaded 2 times (x 70B)
Class kotlin.text.StringsKt__StringBuilderJVMKt                                       : loaded 2 times (x 71B)
Class kotlin.text.Regex                                                               : loaded 2 times (x 72B)
Class kotlin.sequences.SequencesKt__SequenceBuilderKt$sequence$$inlined$Sequence$1    : loaded 2 times (x 75B)
Class kotlin.Triple                                                                   : loaded 2 times (x 72B)
Class com.google.common.graph.SuccessorsFunction                                      : loaded 2 times (x 70B)
Class [Lcom.google.gson.stream.JsonToken;                                             : loaded 2 times (x 69B)
Class org.objectweb.asm.Type                                                          : loaded 2 times (x 72B)
Class org.jetbrains.plugins.gradle.tooling.util.IntObjectMap$1                        : loaded 2 times (x 77B)
Class org.gradle.internal.impldep.com.google.common.base.Preconditions                : loaded 2 times (x 71B)
Class org.gradle.tooling.model.internal.ImmutableDomainObjectSet                      : loaded 2 times (x 155B)
Class org.gradle.internal.classloader.VisitableURLClassLoader$InstrumentingVisitableURLClassLoader: loaded 2 times (x 123B)
Class org.apache.commons.io.FileUtils                                                 : loaded 2 times (x 71B)
Class com.google.common.collect.MapMakerInternalMap$StrongKeyDummyValueEntry$Helper   : loaded 2 times (x 79B)
Class com.google.common.io.Files$FileByteSink                                         : loaded 2 times (x 77B)
Class com.android.builder.model.v2.ide.AndroidGradlePluginProjectFlags                : loaded 2 times (x 70B)
Class [Lcom.android.builder.model.v2.ide.AndroidGradlePluginProjectFlags$BooleanFlag; : loaded 2 times (x 69B)
Class com.android.builder.model.v2.ide.BasicVariant                                   : loaded 2 times (x 70B)
Class org.objectweb.asm.ByteVector                                                    : loaded 2 times (x 79B)
Class [Lcom.google.common.cache.CacheBuilder$NullListener;                            : loaded 2 times (x 69B)
Class com.google.common.math.IntMath$1                                                : loaded 2 times (x 71B)
Class [Lcom.amazon.ion.impl.bin.IonRawBinaryWriter$StreamFlushMode;                   : loaded 2 times (x 69B)
Class com.amazon.ion.UnsupportedIonVersionException                                   : loaded 2 times (x 85B)
Class kotlin.comparisons.ComparisonsKt__ComparisonsKt                                 : loaded 2 times (x 71B)
Class kotlin.ranges.RangesKt__RangesKt                                                : loaded 2 times (x 71B)
Class kotlin.collections.SetsKt___SetsKt                                              : loaded 2 times (x 71B)
Class kotlin.sequences.SequencesKt__SequencesKt                                       : loaded 2 times (x 71B)
Class kotlin.coroutines.Continuation                                                  : loaded 2 times (x 70B)
Class org.gradle.internal.classloader.VisitableURLClassLoader$Spec                    : loaded 2 times (x 74B)
Class org.gradle.internal.classpath.DefaultClassPath                                  : loaded 2 times (x 90B)
Class com.google.common.reflect.Types$ClassOwnership                                  : loaded 2 times (x 80B)
Class com.google.common.base.AbstractIterator                                         : loaded 2 times (x 80B)
Class com.android.builder.model.v2.ide.BundleInfo                                     : loaded 2 times (x 70B)
Class com.android.builder.model.v2.ide.SourceProvider                                 : loaded 2 times (x 70B)
Class org.objectweb.asm.Symbol                                                        : loaded 2 times (x 73B)
Class jdk.internal.jimage.decompressor.ZipDecompressorFactory                         : loaded 2 times (x 74B)
Class com.amazon.ion.impl.bin.IonManagedBinaryWriter$SymbolState                      : loaded 2 times (x 80B)
Class com.amazon.ion.IonStruct                                                        : loaded 2 times (x 70B)
Class org.jetbrains.plugins.gradle.model.GradleBuildScriptClasspathModel              : loaded 2 times (x 70B)
Class kotlin.sequences.FilteringSequence                                              : loaded 2 times (x 75B)
Class kotlin.text.CharsKt__CharJVMKt                                                  : loaded 2 times (x 71B)
Class kotlin.comparisons.ComparisonsKt                                                : loaded 2 times (x 71B)
Class kotlin.comparisons.ComparisonsKt___ComparisonsKt                                : loaded 2 times (x 71B)
Class kotlin.coroutines.jvm.internal.BaseContinuationImpl                             : loaded 2 times (x 87B)
Class kotlin.Result$Companion                                                         : loaded 2 times (x 71B)
Class org.gradle.util.internal.DefaultGradleVersion                                   : loaded 2 times (x 80B)
Class com.google.common.io.Java8Compatibility                                         : loaded 2 times (x 71B)
Class com.google.common.io.Closer                                                     : loaded 2 times (x 78B)
Class com.google.common.base.CharMatcher$Ascii                                        : loaded 2 times (x 112B)
Class com.amazon.ion.impl.bin.IonManagedBinaryWriter$UserState$3                      : loaded 2 times (x 85B)
Class com.google.common.util.concurrent.ExecutionError                                : loaded 2 times (x 82B)
Class com.google.common.collect.RegularImmutableMap$Values                            : loaded 2 times (x 207B)
Class org.gradle.internal.classloader.ClassLoaderSpec                                 : loaded 2 times (x 71B)
Class com.google.common.io.ByteSource$EmptyByteSource                                 : loaded 2 times (x 85B)
Class org.objectweb.asm.AnnotationWriter                                              : loaded 2 times (x 79B)
Class com.google.common.cache.CacheStats                                              : loaded 2 times (x 71B)
Class com.amazon.ion.impl.IonWriterSystemTextMarkup                                   : loaded 2 times (x 192B)
Class com.amazon.ion.impl.bin.BlockAllocator                                          : loaded 2 times (x 80B)
Class kotlin.jvm.internal.FunctionReferenceImpl                                       : loaded 2 times (x 122B)
Class kotlin.collections.CollectionsKt___CollectionsJvmKt                             : loaded 2 times (x 71B)
Class com.google.common.collect.Interners                                             : loaded 2 times (x 71B)
Class com.google.common.io.Closer$Suppressor                                          : loaded 2 times (x 70B)
Class com.google.common.io.LineProcessor                                              : loaded 2 times (x 70B)
Class com.google.common.collect.ImmutableMultisetGwtSerializationDependencies         : loaded 2 times (x 125B)
Class org.objectweb.asm.RecordComponentWriter                                         : loaded 2 times (x 78B)
Class [Lcom.android.builder.model.v2.ide.ProjectType;                                 : loaded 2 times (x 69B)
Class com.google.common.util.concurrent.AbstractFuture$Listener                       : loaded 2 times (x 72B)
Class com.google.common.collect.ImmutableEnumSet                                      : loaded 2 times (x 146B)
Class Settings_gradle$1$1                                                             : loaded 2 times (x 74B)
Class com.amazon.ion.impl._Private_RecyclingQueue                                     : loaded 2 times (x 80B)
Class com.amazon.ion.system.IonWriterBuilderBase                                      : loaded 2 times (x 83B)
Class kotlin.TuplesKt                                                                 : loaded 2 times (x 71B)
Class kotlin.jvm.internal.markers.KMutableIterable                                    : loaded 2 times (x 70B)
Class kotlin.sequences.SequencesKt___SequencesJvmKt                                   : loaded 2 times (x 71B)
Class org.gradle.tooling.internal.adapter.ProtocolToModelAdapter$DefaultViewBuilder   : loaded 2 times (x 80B)
Class kotlin.Unit                                                                     : loaded 2 times (x 71B)
Class [Lcom.android.builder.model.v2.ide.AaptOptions$Namespacing;                     : loaded 2 times (x 69B)
Class com.android.ide.common.gradle.Version$Companion$ParseState                      : loaded 2 times (x 70B)
Class org.objectweb.asm.Attribute                                                     : loaded 2 times (x 77B)
Class com.google.common.base.Supplier                                                 : loaded 2 times (x 70B)
Class kotlin.ranges.RangesKt                                                          : loaded 2 times (x 71B)
Class org.gradle.tooling.internal.adapter.ProtocolToModelAdapter$ViewGraphDetails$1   : loaded 2 times (x 77B)
Class org.gradle.internal.classloader.VisitableURLClassLoader                         : loaded 2 times (x 117B)
Class com.google.common.collect.ImmutableList$SerializedForm                          : loaded 2 times (x 73B)
Class com.google.common.util.concurrent.AbstractFuture$Waiter                         : loaded 2 times (x 72B)
Class com.android.ide.common.repository.AgpVersion$Companion                          : loaded 2 times (x 71B)
Class Settings_gradle                                                                 : loaded 2 times (x 128B)
Class com.amazon.ion.impl.bin.IonRawBinaryWriter$1                                    : loaded 2 times (x 77B)
Class [Lcom.amazon.ion.SymbolTable;                                                   : loaded 2 times (x 69B)
Class com.amazon.ion.impl.bin.IonBinaryWriterAdapter$Factory                          : loaded 2 times (x 70B)
Class com.amazon.ion.impl.BlockedBuffer$BufferedOutputStream                          : loaded 2 times (x 90B)
Class org.jetbrains.plugins.gradle.tooling.serialization.ExternalTestsSerializationService$ReadContext: loaded 2 times (x 72B)
Class kotlin.sequences.FlatteningSequence$iterator$1                                  : loaded 2 times (x 79B)
Class kotlin.jvm.functions.Function0                                                  : loaded 2 times (x 70B)
Class kotlin.collections.ArraysUtilJVM                                                : loaded 2 times (x 71B)
Class com.android.builder.model.v2.models.VariantDependenciesAdjacencyList            : loaded 2 times (x 70B)
Class com.google.common.collect.AbstractMapBasedMultimap$WrappedCollection            : loaded 2 times (x 124B)
Class org.gradle.tooling.model.idea.IdeaDependency                                    : loaded 2 times (x 70B)
Class com.google.common.collect.MapMakerInternalMap                                   : loaded 2 times (x 161B)
Class com.android.builder.model.v2.ide.AaptOptions                                    : loaded 2 times (x 70B)
Class [Lcom.android.builder.model.v2.ide.BytecodeTransformation;                      : loaded 2 times (x 69B)
Class com.google.common.base.Strings                                                  : loaded 2 times (x 71B)
Class com.android.ide.common.gradle.Version$Companion                                 : loaded 2 times (x 71B)
Class com.google.common.collect.Sets                                                  : loaded 2 times (x 71B)
Class org.objectweb.asm.Handler                                                       : loaded 2 times (x 72B)
Class org.gradle.internal.classloader.ClassLoaderHierarchy                            : loaded 2 times (x 70B)
Class com.google.common.base.Ticker                                                   : loaded 2 times (x 72B)
Class jdk.internal.jimage.decompressor.ZipDecompressor                                : loaded 2 times (x 75B)
Class com.amazon.ion.impl.bin.AbstractIonWriter$WriteValueOptimization                : loaded 2 times (x 79B)
Class kotlin.collections.AbstractMutableList                                          : loaded 2 times (x 206B)
Class kotlin.jvm.functions.Function1                                                  : loaded 2 times (x 70B)
Class com.android.builder.model.v2.models.ndk.NativeModelBuilderParameter             : loaded 2 times (x 70B)
Class [Lcom.google.common.cache.LocalCache$Segment;                                   : loaded 2 times (x 69B)
Class kotlin.collections.CollectionsKt__ReversedViewsKt                               : loaded 2 times (x 71B)
Class [Lcom.google.common.cache.LocalCache$Strength;                                  : loaded 2 times (x 69B)
Class com.google.common.cache.CacheBuilder$1                                          : loaded 2 times (x 85B)
Class com.google.common.collect.ImmutableMap                                          : loaded 2 times (x 120B)
Class com.amazon.ion.impl.bin.BlockAllocatorProvider                                  : loaded 2 times (x 72B)
Class org.jetbrains.plugins.gradle.tooling.serialization.internal.IdeaProjectSerializationService$WriteContext: loaded 2 times (x 72B)
Class com.intellij.gradle.toolingExtension.impl.model.sourceSetDependencyModel.GradleSourceSetDependencySerialisationService: loaded 2 times (x 77B)
Class org.jetbrains.plugins.gradle.model.GradleSourceSetModel                         : loaded 2 times (x 70B)
Class kotlin.KotlinNothingValueException                                              : loaded 2 times (x 82B)
Class kotlin.jvm.functions.Function2                                                  : loaded 2 times (x 70B)
Class org.gradle.internal.classpath.DefaultClassPath$ImmutableUniqueList$Builder      : loaded 2 times (x 75B)
Class com.google.common.collect.MapMakerInternalMap$WeakValueReference                : loaded 2 times (x 70B)
Class kotlin.sequences.SequencesKt__SequenceBuilderKt                                 : loaded 2 times (x 71B)
Class com.google.gson.stream.JsonToken                                                : loaded 2 times (x 79B)
Class kotlin.io.FilesKt__FileTreeWalkKt                                               : loaded 2 times (x 71B)
Class com.google.common.cache.LocalCache                                              : loaded 2 times (x 187B)
Class com.google.common.cache.CacheBuilder$2                                          : loaded 2 times (x 79B)
Class com.amazon.ion.impl.lite.IonSequenceLite                                        : loaded 2 times (x 432B)
Class com.amazon.ion.impl._Private_Utils$1                                            : loaded 2 times (x 89B)
Class com.amazon.ion.impl.SymbolTableAsStruct                                         : loaded 2 times (x 70B)
Class com.android.ide.gradle.model.dependencies.Coordinates                           : loaded 2 times (x 70B)
Class kotlin.collections.MapsKt___MapsJvmKt                                           : loaded 2 times (x 71B)
Class org.gradle.tooling.internal.adapter.WeakIdentityHashMap$AbsentValueProvider     : loaded 2 times (x 70B)
Class com.google.common.collect.ArrayListMultimap                                     : loaded 2 times (x 172B)
Class com.google.common.cache.CacheBuilder$3                                          : loaded 2 times (x 72B)
Class [Lcom.google.common.collect.AbstractMapEntry;                                   : loaded 2 times (x 69B)
Class com.google.common.collect.ImmutableEntry                                        : loaded 2 times (x 82B)
Class com.amazon.ion.impl.bin.AbstractIonWriter                                       : loaded 2 times (x 161B)
Class org.jetbrains.plugins.gradle.tooling.util.ObjectCollector$Processor             : loaded 2 times (x 70B)
Class kotlin.jvm.functions.Function4                                                  : loaded 2 times (x 70B)
Class kotlin.collections.EmptySet                                                     : loaded 2 times (x 122B)
Class kotlin.annotation.Target                                                        : loaded 2 times (x 70B)
Class kotlin.collections.CollectionsKt___CollectionsKt                                : loaded 2 times (x 71B)
Class kotlin.jvm.internal.CollectionToArray                                           : loaded 2 times (x 71B)
Class org.gradle.internal.exceptions.NonGradleCauseExceptionsHolder                   : loaded 2 times (x 70B)
Class org.gradle.tooling.model.idea.IdeaModuleDependency                              : loaded 2 times (x 70B)
Class org.gradle.tooling.internal.adapter.ViewBuilder                                 : loaded 2 times (x 70B)
Class org.apache.commons.io.StandardLineSeparator                                     : loaded 2 times (x 79B)
Class com.google.common.base.Suppliers$MemoizingSupplier                              : loaded 2 times (x 79B)
Class com.android.builder.model.v2.ide.AndroidLibraryData                             : loaded 2 times (x 70B)
Class com.android.builder.model.v2.ide.ApiVersion                                     : loaded 2 times (x 70B)
Class com.android.ide.common.gradle.Version                                           : loaded 2 times (x 75B)
Class com.google.common.collect.CollectPreconditions                                  : loaded 2 times (x 71B)
Class jdk.internal.jimage.ImageStrings                                                : loaded 2 times (x 70B)
Class com.amazon.ion.system.IonReaderBuilder                                          : loaded 2 times (x 95B)
Class org.jetbrains.plugins.gradle.model.AnnotationProcessingConfig                   : loaded 2 times (x 70B)
Class com.amazon.ion.IonReader                                                        : loaded 2 times (x 70B)
Class gnu.trove.Equality                                                              : loaded 2 times (x 70B)
Class kotlin.text.StringsKt___StringsJvmKt                                            : loaded 2 times (x 71B)
Class kotlin.reflect.KDeclarationContainer                                            : loaded 2 times (x 70B)
Class kotlin.annotation.Retention                                                     : loaded 2 times (x 70B)
Class [Lcom.google.common.collect.MapMakerInternalMap$Strength;                       : loaded 2 times (x 69B)
Class [Lcom.google.common.io.FileWriteMode;                                           : loaded 2 times (x 69B)
Class com.android.builder.model.v2.models.Versions$Version                            : loaded 2 times (x 70B)
Class com.google.common.collect.SortedMapDifference                                   : loaded 2 times (x 70B)
Class com.amazon.ion.IonClob                                                          : loaded 2 times (x 70B)
Class org.jetbrains.plugins.gradle.tooling.ModelBuilderService$Parameter              : loaded 2 times (x 70B)
Class kotlin.io.FilesKt                                                               : loaded 2 times (x 71B)
Class kotlin.collections.MapsKt___MapsKt                                              : loaded 2 times (x 71B)
Class kotlin.collections.ArraysKt___ArraysKt                                          : loaded 2 times (x 71B)
Class com.google.common.collect.Iterables$4                                           : loaded 2 times (x 81B)
Class com.google.common.collect.MapMakerInternalMap$StrongKeyDummyValueSegment        : loaded 2 times (x 142B)
Class com.google.common.io.Files                                                      : loaded 2 times (x 71B)
Class com.google.common.cache.LocalCache$WriteThroughEntry                            : loaded 2 times (x 79B)
Class com.google.common.cache.LocalCache$HashIterator                                 : loaded 2 times (x 86B)
Class com.google.common.cache.LocalCache$EntryFactory                                 : loaded 2 times (x 83B)
Class com.amazon.ion.impl.lite.IonLobLite                                             : loaded 2 times (x 184B)
Class com.amazon.ion.impl.lite.IonTextLite                                            : loaded 2 times (x 181B)
Class com.amazon.ion.IonNumber                                                        : loaded 2 times (x 70B)
Class org.gradle.internal.impldep.gnu.trove.TObjectIntProcedure                       : loaded 2 times (x 70B)
Class gnu.trove.TObjectHashingStrategy                                                : loaded 2 times (x 70B)
Class kotlin.collections.MapsKt__MapWithDefaultKt                                     : loaded 2 times (x 71B)
Class org.gradle.tooling.internal.adapter.ProtocolToModelAdapter$ReflectionMethodInvoker: loaded 2 times (x 76B)
Class com.google.common.reflect.Types$NativeTypeVariableEquals                        : loaded 2 times (x 71B)
Class com.google.common.reflect.TypeParameter                                         : loaded 2 times (x 72B)
Class [Lcom.google.common.collect.MapMaker$Dummy;                                     : loaded 2 times (x 69B)
Class com.google.common.base.CharMatcher$Whitespace                                   : loaded 2 times (x 112B)
Class com.google.common.base.Splitter$1$1                                             : loaded 2 times (x 86B)
Class [Lcom.android.ide.common.gradle.Separator;                                      : loaded 2 times (x 69B)
Class com.google.common.cache.LocalCache$AbstractReferenceEntry                       : loaded 2 times (x 107B)
Class [Lcom.amazon.ion.impl.bin.IonManagedBinaryWriter$UserState;                     : loaded 2 times (x 69B)
Class com.amazon.ion.impl.bin.utf8.Utf8StringEncoder                                  : loaded 2 times (x 80B)
Class com.amazon.ion.IonBool                                                          : loaded 2 times (x 70B)
Class kotlin.text.StringsKt___StringsKt                                               : loaded 2 times (x 71B)
Class com.google.common.collect.NullsLastOrdering                                     : loaded 2 times (x 115B)
Class kotlin.collections.CollectionsKt__MutableCollectionsJVMKt                       : loaded 2 times (x 71B)
Class kotlin.sequences.FilteringSequence$iterator$1                                   : loaded 2 times (x 79B)
Class kotlin.enums.EnumEntriesKt                                                      : loaded 2 times (x 71B)
Class com.google.common.collect.ImmutableMapKeySet                                    : loaded 2 times (x 152B)
Class com.intellij.gradle.toolingExtension.impl.model.sourceSetModel.GradleSourceSetSerialisationService$Companion: loaded 2 times (x 71B)
Class com.android.builder.model.v2.models.VariantDependencies                         : loaded 2 times (x 70B)
Class org.objectweb.asm.SymbolTable                                                   : loaded 2 times (x 72B)
Class com.google.common.cache.CacheLoader$InvalidCacheLoadException                   : loaded 2 times (x 82B)
Class com.amazon.ion.impl._Private_IonValue                                           : loaded 2 times (x 70B)
Class com.amazon.ion.IonLoader                                                        : loaded 2 times (x 70B)
Class com.intellij.gradle.toolingExtension.model.repositoryModel.ProjectRepositoriesModel: loaded 2 times (x 70B)
Class org.jetbrains.plugins.gradle.model.GradleProperty                               : loaded 2 times (x 70B)
Class org.gradle.internal.classloader.SystemClassLoaderSpec                           : loaded 2 times (x 71B)
Class ijKotlinCoroutineJvmDebugInit1_3guv0jpcp66tv47jpatbgsnka$_run_closure1          : loaded 2 times (x 139B)
Class com.google.common.collect.FluentIterable                                        : loaded 2 times (x 81B)
Class com.android.builder.model.v2.ide.TestedTargetVariant                            : loaded 2 times (x 70B)
Class com.google.common.cache.LocalCache$StrongEntry                                  : loaded 2 times (x 108B)
Class com.google.common.util.concurrent.AbstractFuture$TrustedFuture                  : loaded 2 times (x 114B)
Class com.google.common.cache.LoadingCache                                            : loaded 2 times (x 70B)
Class com.amazon.ion.impl._Private_Utils                                              : loaded 2 times (x 71B)
Class kotlin.ranges.IntRange$Companion                                                : loaded 2 times (x 71B)
Class kotlin.text.MatcherMatchResult$groups$1                                         : loaded 2 times (x 151B)
Class kotlin.collections.EmptyMap                                                     : loaded 2 times (x 108B)
Class kotlin.reflect.KAnnotatedElement                                                : loaded 2 times (x 70B)
Class kotlin.jvm.internal.markers.KMutableCollection                                  : loaded 2 times (x 70B)
Class kotlin.coroutines.intrinsics.IntrinsicsKt                                       : loaded 2 times (x 71B)
Class org.gradle.internal.exceptions.MultiCauseException                              : loaded 2 times (x 70B)
Class org.gradle.internal.time.CountdownTimer                                         : loaded 2 times (x 70B)
Class kotlin.jvm.internal.Intrinsics                                                  : loaded 2 times (x 71B)
Class com.google.common.io.ByteStreams$LimitedInputStream                             : loaded 2 times (x 92B)
Class com.google.common.base.Suppliers$NonSerializableMemoizingSupplier               : loaded 2 times (x 79B)
Class org.objectweb.asm.MethodWriter                                                  : loaded 2 times (x 106B)
Class [Lcom.google.common.cache.Weigher;                                              : loaded 2 times (x 69B)
Class com.google.common.collect.RegularImmutableMap$BucketOverflowException           : loaded 2 times (x 82B)
Class jdk.internal.jrtfs.JrtFileSystem                                                : loaded 2 times (x 102B)
Class com.intellij.gradle.toolingExtension.impl.model.projectModel.GradleExternalProjectSerializationService$ReadContext: loaded 2 times (x 73B)
Class com.intellij.gradle.toolingExtension.impl.model.dependencyModel.DependencyWriteContext: loaded 2 times (x 72B)
Class kotlin.collections.MapsKt                                                       : loaded 2 times (x 71B)
Class kotlin.coroutines.intrinsics.CoroutineSingletons                                : loaded 2 times (x 79B)
Class kotlin.collections.CollectionsKt__IterablesKt                                   : loaded 2 times (x 71B)
Class org.gradle.tooling.model.ProjectModel                                           : loaded 2 times (x 70B)
Class com.google.common.collect.AbstractMapBasedMultimap$RandomAccessWrappedList      : loaded 2 times (x 205B)
Class com.google.common.collect.ImmutableMultimap$1                                   : loaded 2 times (x 82B)
Class com.android.ide.common.gradle.Version$Companion$ParseState$EMPTY                : loaded 2 times (x 74B)
Class jdk.internal.jimage.decompressor.CompressedResourceHeader                       : loaded 2 times (x 71B)
Class org.jetbrains.plugins.gradle.model.GradleConfiguration                          : loaded 2 times (x 70B)
Class com.amazon.ion.impl.bin.utf8.Utf8StringEncoderPool                              : loaded 2 times (x 74B)
Class com.amazon.ion.impl._Private_IonSystem                                          : loaded 2 times (x 70B)
Class com.amazon.ion.BufferConfiguration$OversizedValueHandler                        : loaded 2 times (x 70B)
Class kotlin.ranges.OpenEndRange                                                      : loaded 2 times (x 70B)
Class kotlin.sequences.SequenceBuilderIterator                                        : loaded 2 times (x 85B)
Class kotlin.KotlinNullPointerException                                               : loaded 2 times (x 83B)
Class com.google.common.collect.AbstractIterator$State                                : loaded 2 times (x 79B)
Class com.google.common.reflect.Types$JavaVersion$1                                   : loaded 2 times (x 83B)
Class com.google.common.collect.ImmutableMultimap$2                                   : loaded 2 times (x 81B)
Class com.android.ide.common.repository.AgpVersion$Companion$WhenMappings             : loaded 2 times (x 71B)
Class com.google.common.collect.RegularImmutableBiMap                                 : loaded 2 times (x 149B)
Class com.amazon.ion.impl.bin.IonManagedBinaryWriter$UserState$2                      : loaded 2 times (x 85B)
Class jdk.internal.jimage.BasicImageReader                                            : loaded 2 times (x 95B)
Class com.google.common.cache.LocalCache$ValueReference                               : loaded 2 times (x 70B)
Class com.amazon.ion.IonDecimal                                                       : loaded 2 times (x 70B)
Class org.jetbrains.plugins.gradle.model.tests.ExternalTestsModel                     : loaded 2 times (x 70B)
Class kotlin.ranges.RangesKt___RangesKt                                               : loaded 2 times (x 71B)
Class org.gradle.tooling.model.idea.IdeaLanguageLevel                                 : loaded 2 times (x 70B)
Class org.gradle.tooling.internal.adapter.ProtocolToModelAdapter$SafeMethodInvoker    : loaded 2 times (x 76B)
Class org.gradle.tooling.internal.adapter.WeakIdentityHashMap$WeakKey                 : loaded 2 times (x 79B)
Class org.gradle.internal.exceptions.DefaultMultiCauseException                       : loaded 2 times (x 95B)
Class com.google.common.reflect.Types$JavaVersion$2                                   : loaded 2 times (x 83B)
Class com.google.common.reflect.Types                                                 : loaded 2 times (x 71B)
Class com.google.common.hash.PrimitiveSink                                            : loaded 2 times (x 70B)
Class com.android.builder.model.v2.ide.ProjectInfo                                    : loaded 2 times (x 70B)
Class com.google.common.base.PatternCompiler                                          : loaded 2 times (x 70B)
Class com.google.common.util.concurrent.AbstractFuture$Failure                        : loaded 2 times (x 72B)
Class com.google.common.base.Equivalence$Equals                                       : loaded 2 times (x 82B)
Class com.google.common.collect.Hashing                                               : loaded 2 times (x 71B)
Class [Lcom.google.common.base.AbstractIterator$State;                                : loaded 2 times (x 69B)
Class com.amazon.ion.impl.bin.IonRawBinaryWriter$StreamCloseMode                      : loaded 2 times (x 79B)
Class com.amazon.ion.impl._Private_IonBinaryWriterBuilder$Mutable                     : loaded 2 times (x 115B)
Class com.intellij.gradle.toolingExtension.impl.model.projectModel.GradleExternalProjectSerializationService: loaded 2 times (x 77B)
Class kotlin.text.CharsKt__CharKt                                                     : loaded 2 times (x 71B)
Class kotlin.collections.ArrayDeque$Companion                                         : loaded 2 times (x 71B)
Class kotlin.collections.ArraysKt                                                     : loaded 2 times (x 71B)
Class org.gradle.tooling.model.HierarchicalElement                                    : loaded 2 times (x 70B)
Class [Lorg.apache.commons.io.file.DeleteOption;                                      : loaded 2 times (x 69B)
Class com.google.common.reflect.Types$JavaVersion$3                                   : loaded 2 times (x 83B)
Class com.google.common.collect.ImmutableSetMultimap                                  : loaded 2 times (x 180B)
Class com.google.common.io.CharSink                                                   : loaded 2 times (x 79B)
Class com.android.builder.model.v2.dsl.DependenciesInfo                               : loaded 2 times (x 70B)
Class com.google.common.io.FileWriteMode                                              : loaded 2 times (x 79B)
Class org.objectweb.asm.Label                                                         : loaded 2 times (x 73B)
Class org.objectweb.asm.CurrentFrame                                                  : loaded 2 times (x 73B)
Class org.objectweb.asm.ClassTooLargeException                                        : loaded 2 times (x 83B)
Class [Lcom.google.common.collect.MapMakerInternalMap$Segment;                        : loaded 2 times (x 69B)
Class com.google.gson.stream.JsonReader                                               : loaded 2 times (x 97B)
Class org.gradle.internal.classloader.FilteringClassLoader                            : loaded 2 times (x 105B)
Class com.amazon.ion.impl.bin.IonRawBinaryWriter$PatchPoint                           : loaded 2 times (x 73B)
Class com.amazon.ion.IonBlob                                                          : loaded 2 times (x 70B)
Class com.amazon.ion.IonLob                                                           : loaded 2 times (x 70B)
Class com.amazon.ion.IonSequence                                                      : loaded 2 times (x 70B)
Class org.jetbrains.plugins.gradle.tooling.serialization.ExternalTestsSerializationService: loaded 2 times (x 77B)
Class com.google.common.collect.ByFunctionOrdering                                    : loaded 2 times (x 115B)
Class kotlin.collections.SetsKt__SetsKt                                               : loaded 2 times (x 71B)
Class kotlin.coroutines.EmptyCoroutineContext                                         : loaded 2 times (x 77B)
Class org.gradle.internal.time.Time                                                   : loaded 2 times (x 71B)
Class com.google.common.reflect.Types$JavaVersion$4                                   : loaded 2 times (x 83B)
Class com.google.common.io.ByteSource$AsCharSource                                    : loaded 2 times (x 86B)
Class com.google.common.collect.MapMakerInternalMap$InternalEntryHelper               : loaded 2 times (x 70B)
Class kotlin.NotImplementedError                                                      : loaded 2 times (x 82B)
Class com.google.common.collect.Table                                                 : loaded 2 times (x 70B)
Class com.android.builder.model.v2.models.ProjectGraph                                : loaded 2 times (x 70B)
Class com.google.common.collect.Maps$IteratorBasedAbstractMap                         : loaded 2 times (x 125B)
Class com.android.ide.common.gradle.Version$Companion$ParseState$NUMERIC              : loaded 2 times (x 74B)
Class kotlin.sequences.FlatteningSequence                                             : loaded 2 times (x 75B)
Class org.objectweb.asm.Frame                                                         : loaded 2 times (x 73B)
Class org.objectweb.asm.MethodVisitor                                                 : loaded 2 times (x 105B)
Class kotlin.text.MatcherMatchResult                                                  : loaded 2 times (x 80B)
Class kotlin.text.MatchGroupCollection                                                : loaded 2 times (x 70B)
Class com.google.common.cache.LocalCache$EntryFactory$1                               : loaded 2 times (x 83B)
Class [Lcom.google.common.cache.RemovalListener;                                      : loaded 2 times (x 69B)
Class com.android.ide.common.repository.AgpVersion$PreviewKind                        : loaded 2 times (x 79B)
Class com.amazon.ion.system.IonTextWriterBuilder                                      : loaded 2 times (x 98B)
Class com.amazon.ion.impl.bin.IonManagedBinaryWriter$ImportedSymbolResolverMode$1$1$1 : loaded 2 times (x 76B)
Class com.amazon.ion.impl._Private_LocalSymbolTableFactory                            : loaded 2 times (x 70B)
Class org.jetbrains.plugins.gradle.tooling.serialization.AnnotationProcessingModelSerializationService: loaded 2 times (x 77B)
Class kotlin.collections.ArraysKt__ArraysJVMKt                                        : loaded 2 times (x 71B)
Class ijJvmDebugger1_7gcslcwlmzr642e36slhpcly5                                        : loaded 2 times (x 179B)
Class com.google.common.reflect.Types$JavaVersion$5                                   : loaded 2 times (x 71B)
Class [Lcom.google.common.reflect.Types$ClassOwnership;                               : loaded 2 times (x 69B)
Class kotlin.text.StringsKt__StringsKt                                                : loaded 2 times (x 71B)
Class com.google.common.cache.LocalCache$EntryFactory$2                               : loaded 2 times (x 83B)
Class com.amazon.ion.impl.lite.IonNullLite                                            : loaded 2 times (x 175B)
Class org.jetbrains.plugins.gradle.model.DependencyAccessorsModel                     : loaded 2 times (x 70B)
Class [Lcom.intellij.openapi.externalSystem.model.project.dependencies.ResolutionState;: loaded 2 times (x 69B)
Class org.gradle.internal.impldep.gnu.trove.TObjectHash                               : loaded 2 times (x 94B)
Class kotlin.text.StringsKt__StringBuilderKt                                          : loaded 2 times (x 71B)
Class kotlin.jvm.internal.CallableReference$NoReceiver                                : loaded 2 times (x 71B)
Class org.gradle.api.internal.classpath.GlobalCacheRootsProvider                      : loaded 2 times (x 70B)
Class com.google.common.collect.CollectCollectors                                     : loaded 2 times (x 71B)
Class org.objectweb.asm.ModuleWriter                                                  : loaded 2 times (x 82B)
Class com.google.common.cache.LocalCache$EntryFactory$3                               : loaded 2 times (x 83B)
Class com.google.common.base.Ticker$1                                                 : loaded 2 times (x 72B)
Class com.google.common.collect.Maps$BiMapConverter                                   : loaded 2 times (x 90B)
Class com.google.common.collect.ImmutableMapEntrySet$RegularEntrySet                  : loaded 2 times (x 152B)
Class com.amazon.ion.impl.lite.IonClobLite                                            : loaded 2 times (x 220B)
Class com.amazon.ion.impl._Private_ValueFactory                                       : loaded 2 times (x 70B)
Class com.amazon.ion.impl.bin.IonRawBinaryWriter$PreallocationMode$1                  : loaded 2 times (x 82B)
Class [Lcom.amazon.ion.impl.bin._Private_IonManagedBinaryWriterBuilder$AllocatorMode; : loaded 2 times (x 69B)
Class org.jetbrains.kotlin.idea.gradleTooling.KotlinMPPGradleModel                    : loaded 2 times (x 70B)
Class com.intellij.gradle.toolingExtension.impl.model.dependencyDownloadPolicyModel.GradleDependencyDownloadPolicy: loaded 2 times (x 70B)
Class kotlin.NoWhenBranchMatchedException                                             : loaded 2 times (x 82B)
Class org.gradle.tooling.model.BuildIdentifier                                        : loaded 2 times (x 70B)
Class com.google.common.collect.SetMultimap                                           : loaded 2 times (x 70B)
Class com.android.builder.model.v2.ide.VectorDrawablesOptions                         : loaded 2 times (x 70B)
Class com.android.ide.gradle.model.dependencies.DeclaredDependencies                  : loaded 2 times (x 70B)
Class com.google.common.cache.LocalCache$EntryFactory$4                               : loaded 2 times (x 83B)
Class com.google.common.collect.ImmutableSet$Builder                                  : loaded 2 times (x 85B)
Class com.amazon.ion.IonInt                                                           : loaded 2 times (x 70B)
Class com.amazon.ion.impl.bin.IonRawBinaryWriter$PreallocationMode$2                  : loaded 2 times (x 82B)
Class org.jetbrains.kotlin.idea.gradleTooling.PrepareKotlinIdeImportTaskModel         : loaded 2 times (x 70B)
Class com.google.common.io.ByteStreams$1                                              : loaded 2 times (x 85B)
Class com.android.builder.model.v2.ide.Edge                                           : loaded 2 times (x 70B)
Class com.android.builder.model.v2.models.VariantDependenciesFlatList                 : loaded 2 times (x 70B)
Class com.google.common.cache.LocalCache$EntryFactory$5                               : loaded 2 times (x 83B)
Class com.amazon.ion.impl.bin.IonRawBinaryWriter$PreallocationMode$3                  : loaded 2 times (x 82B)
Class com.android.ide.gradle.model.GradlePluginModel                                  : loaded 2 times (x 70B)
Class com.google.common.collect.ReverseOrdering                                       : loaded 2 times (x 115B)
Class org.gradle.tooling.model.build.JavaEnvironment                                  : loaded 2 times (x 70B)
Class org.jetbrains.plugins.gradle.tooling.serialization.internal.IdeaProjectSerializationService$ReadContext: loaded 2 times (x 72B)
Class org.apache.commons.io.output.AppendableWriter                                   : loaded 2 times (x 100B)
Class com.android.builder.model.v2.ide.SourceSetContainer                             : loaded 2 times (x 70B)
Class com.google.common.cache.LocalCache$EntryFactory$6                               : loaded 2 times (x 83B)
Class org.jetbrains.plugins.gradle.model.GradleExtension                              : loaded 2 times (x 70B)
Class com.amazon.ion.impl.lite.IonDecimalLite                                         : loaded 2 times (x 188B)
Class com.amazon.ion.IonBufferConfiguration$Builder                                   : loaded 2 times (x 78B)
Class org.gradle.internal.time.Timer                                                  : loaded 2 times (x 70B)
Class kotlin.jvm.internal.markers.KMappedMarker                                       : loaded 2 times (x 70B)
Class org.gradle.internal.installation.CurrentGradleInstallationLocator               : loaded 2 times (x 71B)
Class org.apache.commons.io.output.ThresholdingOutputStream                           : loaded 2 times (x 95B)
Class com.google.common.io.ByteSource$SlicedByteSource                                : loaded 2 times (x 85B)
Class com.google.common.collect.ImmutableMultimap$Builder                             : loaded 2 times (x 86B)
Class com.android.builder.model.v2.ide.LintOptions                                    : loaded 2 times (x 70B)
Class com.google.common.collect.Maps$KeySet                                           : loaded 2 times (x 137B)
Class com.google.common.cache.LocalCache$EntryFactory$7                               : loaded 2 times (x 83B)
Class com.google.common.collect.ImmutableSet$EmptySetBuilderImpl                      : loaded 2 times (x 76B)
Class com.amazon.ion.impl.bin.IonManagedBinaryWriter$UserState$1                      : loaded 2 times (x 85B)
Class [Lcom.amazon.ion.impl.bin.IonRawBinaryWriter$ContainerType;                     : loaded 2 times (x 69B)
Class org.gradle.tooling.internal.adapter.ProtocolToModelAdapter$ViewGraphDetails     : loaded 2 times (x 72B)
Class org.gradle.tooling.model.idea.IdeaProject                                       : loaded 2 times (x 70B)
Class org.gradle.tooling.model.DomainObjectSet                                        : loaded 2 times (x 70B)
Class org.gradle.internal.service.DefaultServiceLocator                               : loaded 2 times (x 83B)
Class com.google.common.collect.Maps$EntrySet                                         : loaded 2 times (x 136B)
Class com.google.common.collect.ImmutableMultimap$EntryCollection                     : loaded 2 times (x 128B)
Class com.android.builder.model.v2.ide.BasicArtifact                                  : loaded 2 times (x 70B)
Class com.google.common.cache.LocalCache$EntryFactory$8                               : loaded 2 times (x 83B)
Class com.google.common.collect.RegularImmutableMap$KeySet                            : loaded 2 times (x 152B)
Class jdk.internal.jrtfs.JrtDirectoryStream                                           : loaded 2 times (x 89B)
Class com.amazon.ion.impl.bin.utf8.Utf8StringEncoder$Result                           : loaded 2 times (x 74B)
Class com.amazon.ion.impl.bin.utf8.Pool$Allocator                                     : loaded 2 times (x 70B)
Class com.amazon.ion.IonText                                                          : loaded 2 times (x 70B)
Class com.amazon.ion.impl.SymbolTokenImpl                                             : loaded 2 times (x 81B)
Class com.amazon.ion.SubstituteSymbolTableException                                   : loaded 2 times (x 84B)
Class kotlin.coroutines.jvm.internal.SuspendFunction                                  : loaded 2 times (x 70B)
Class org.gradle.util.GradleVersion                                                   : loaded 2 times (x 79B)
Class org.gradle.internal.installation.CurrentGradleInstallation                      : loaded 2 times (x 73B)
Class com.google.common.cache.CacheLoader$1                                           : loaded 2 times (x 75B)
Class com.google.common.base.Equivalence$Identity                                     : loaded 2 times (x 82B)
Class com.google.common.base.PairwiseEquivalence                                      : loaded 2 times (x 83B)
Class com.amazon.ion.impl.bin.IonManagedBinaryWriter$ImportDescriptor                 : loaded 2 times (x 76B)
Class com.amazon.ion.SymbolTable                                                      : loaded 2 times (x 70B)
Class org.jetbrains.plugins.gradle.javaModel.JavaGradleManifestModel                  : loaded 2 times (x 70B)
Class org.jetbrains.plugins.gradle.tooling.serialization.GradleExtensionsSerializationService$WriteContext: loaded 2 times (x 72B)
Class com.intellij.gradle.toolingExtension.impl.model.taskModel.GradleTaskSerialisationService$Companion: loaded 2 times (x 71B)
Class kotlin.jvm.internal.Ref$BooleanRef                                              : loaded 2 times (x 71B)
Class kotlin.jvm.internal.StringCompanionObject                                       : loaded 2 times (x 71B)
Class kotlin.coroutines.intrinsics.IntrinsicsKt__IntrinsicsJvmKt                      : loaded 2 times (x 71B)
Class kotlin.coroutines.jvm.internal.CoroutineStackFrame                              : loaded 2 times (x 70B)
Class org.gradle.tooling.internal.adapter.ProtocolToModelAdapter$MethodInvocationCache$MethodInvocationKey: loaded 2 times (x 73B)
Class org.gradle.util.internal.GUtil                                                  : loaded 2 times (x 71B)
Class com.google.common.io.ByteSource                                                 : loaded 2 times (x 84B)
Class com.android.utils.StringHelper                                                  : loaded 2 times (x 71B)
Class com.google.common.util.concurrent.AbstractFuture$SetFuture                      : loaded 2 times (x 75B)
Class com.google.common.cache.AbstractCache$StatsCounter                              : loaded 2 times (x 70B)
Class [Lcom.amazon.ion.impl.bin.IonManagedBinaryWriter$SymbolState;                   : loaded 2 times (x 69B)
Class com.amazon.ion.impl._Private_IonWriterBase                                      : loaded 2 times (x 162B)
Class com.amazon.ion.system.IonSystemBuilder                                          : loaded 2 times (x 75B)
Class com.amazon.ion.IonCatalog                                                       : loaded 2 times (x 70B)
Class com.intellij.gradle.toolingExtension.impl.model.utilTurnOffDefaultTasksModel.TurnOffDefaultTasks: loaded 2 times (x 70B)
Class com.intellij.gradle.toolingExtension.impl.model.sourceSetModel.GradleSourceSetSerialisationService$SourceSetModelReadContext: loaded 2 times (x 72B)
Class kotlin.io.NoSuchFileException                                                   : loaded 2 times (x 82B)
Class kotlin.collections.CollectionsKt                                                : loaded 2 times (x 71B)
Class com.google.common.reflect.Types$TypeVariableImpl                                : loaded 2 times (x 72B)
Class com.google.common.io.LineBuffer                                                 : loaded 2 times (x 75B)
Class com.google.common.collect.MapMakerInternalMap$1                                 : loaded 2 times (x 83B)
Class com.android.builder.model.v2.dsl.BuildType                                      : loaded 2 times (x 70B)
Class com.android.builder.model.v2.ide.ViewBindingOptions                             : loaded 2 times (x 70B)
Class org.gradle.internal.time.MonotonicClock                                         : loaded 2 times (x 77B)
Class com.intellij.gradle.toolingExtension.impl.model.sourceSetModel.GradleSourceSetSerialisationService$SourceSetModelWriteContext: loaded 2 times (x 72B)
Class kotlin.ranges.IntProgressionIterator                                            : loaded 2 times (x 82B)
Class kotlin.coroutines.CoroutineContext                                              : loaded 2 times (x 70B)
Class kotlin.coroutines.jvm.internal.DebugProbesKt                                    : loaded 2 times (x 71B)
Class org.gradle.tooling.internal.adapter.WeakIdentityHashMap                         : loaded 2 times (x 76B)
Class org.gradle.tooling.GradleConnectionException                                    : loaded 2 times (x 83B)
Class org.gradle.tooling.internal.adapter.ProtocolToModelAdapter$1                    : loaded 2 times (x 75B)
Class org.gradle.tooling.internal.adapter.ProtocolToModelAdapter$ViewDecoration       : loaded 2 times (x 70B)
Class org.gradle.internal.installation.GradleInstallation                             : loaded 2 times (x 75B)
Class com.google.common.base.Splitter$Strategy                                        : loaded 2 times (x 70B)
Class com.google.common.collect.Iterables                                             : loaded 2 times (x 71B)
Class jdk.internal.jimage.decompressor.ResourceDecompressor$StringsProvider           : loaded 2 times (x 70B)
Class com.amazon.ion.impl._Private_RecyclingQueue$Recycler                            : loaded 2 times (x 70B)
Class com.amazon.ion.impl.lite.ContainerlessContext                                   : loaded 2 times (x 80B)
Class org.jetbrains.plugins.gradle.tooling.serialization.GradleExtensionsSerializationService$ReadContext: loaded 2 times (x 72B)
Class ijInit2_c8v588bf6toa5zl1spwmzzsjx                                               : loaded 2 times (x 179B)
Class com.google.common.collect.ForwardingCollection                                  : loaded 2 times (x 130B)
Class com.google.common.collect.LexicographicalOrdering                               : loaded 2 times (x 115B)
Class org.gradle.tooling.internal.adapter.MethodInvoker                               : loaded 2 times (x 70B)
Class com.android.ide.common.gradle.Part                                              : loaded 2 times (x 77B)
Class com.google.common.collect.Lists$RandomAccessReverseList                         : loaded 2 times (x 200B)
Class com.amazon.ion.UnexpectedEofException                                           : loaded 2 times (x 84B)
Class com.amazon.ion.IonSexp                                                          : loaded 2 times (x 70B)
Class com.amazon.ion.ReadOnlyValueException                                           : loaded 2 times (x 84B)
Class com.amazon.ion.impl._Private_LocalSymbolTable                                   : loaded 2 times (x 70B)
Class com.amazon.ion.BufferConfiguration$DataHandler                                  : loaded 2 times (x 70B)
Class com.amazon.ion.impl._Private_IonBinaryWriterBuilder                             : loaded 2 times (x 115B)
Class org.jetbrains.plugins.gradle.tooling.serialization.RepositoriesModelSerializationService$WriteContext: loaded 2 times (x 72B)
Class com.android.ide.gradle.model.LegacyAndroidGradlePluginProperties                : loaded 2 times (x 70B)
Class kotlin.ranges.IntProgression                                                    : loaded 2 times (x 81B)
Class kotlin.jvm.KotlinReflectionNotSupportedError                                    : loaded 2 times (x 82B)
Class org.gradle.tooling.model.gradle.GradleScript                                    : loaded 2 times (x 70B)

---------------  S Y S T E M  ---------------

OS:
 Windows 11 , 64 bit Build 26100 (10.0.26100.7019)
OS uptime: 2 days 14:17 hours
Hyper-V role detected

CPU: total 20 (initial active 20) (10 cores per cpu, 2 threads per core) family 6 model 183 stepping 1 microcode 0x12b, cx8, cmov, fxsr, ht, mmx, 3dnowpref, sse, sse2, sse3, ssse3, sse4.1, sse4.2, popcnt, lzcnt, tsc, tscinvbit, avx, avx2, aes, erms, clmul, bmi1, bmi2, adx, sha, fma, vzeroupper, clflush, clflushopt, clwb, hv, serialize, rdtscp, rdpid, fsrm, f16c, cet_ibt, cet_ss
Processor Information for the first 20 processors :
  Max Mhz: 2600, Current Mhz: 2600, Mhz Limit: 2600

Memory: 4k page, system-wide physical 15999M (598M free)
TotalPageFile size 41593M (AvailPageFile size 101M)
current process WorkingSet (physical memory assigned to process): 1095M, peak: 1102M
current process commit charge ("private bytes"): 1216M, peak: 1346M

vm_info: OpenJDK 64-Bit Server VM (21.0.8+-14196175-b1038.72) for windows-amd64 JRE (21.0.8+-14196175-b1038.72), built on 2025-10-01T10:24:33Z by "builder" with MS VC++ 16.10 / 16.11 (VS2019)

END.
